,Destination_Port,Flow_Duration,Total_Fwd_Packets,Total_Backward_Packets,Total_Length_of_Fwd_Packets,Total_Length_of_Bwd_Packets,Fwd_Packet_Length_Max,Fwd_Packet_Length_Min,Fwd_Packet_Length_Mean,Fwd_Packet_Length_Std,Bwd_Packet_Length_Max,Bwd_Packet_Length_Min,Bwd_Packet_Length_Mean,Bwd_Packet_Length_Std,Flow_Bytes_s,Flow_Packets_s,Flow_IAT_Mean,Flow_IAT_Std,Flow_IAT_Max,Flow_IAT_Min,Fwd_IAT_Total,Fwd_IAT_Mean,Fwd_IAT_Std,Fwd_IAT_Max,Fwd_IAT_Min,Bwd_IAT_Total,Bwd_IAT_Mean,Bwd_IAT_Std,Bwd_IAT_Max,Bwd_IAT_Min,Fwd_PSH_Flags,Bwd_PSH_Flags,Fwd_URG_Flags,Bwd_URG_Flags,Fwd_Header_Length,Bwd_Header_Length,Fwd_Packets_s,Bwd_Packets_s,Min_Packet_Length,Max_Packet_Length,Packet_Length_Mean,Packet_Length_Std,Packet_Length_Variance,FIN_Flag_Count,SYN_Flag_Count,RST_Flag_Count,PSH_Flag_Count,ACK_Flag_Count,URG_Flag_Count,CWE_Flag_Count,ECE_Flag_Count,Down_Up_Ratio,Average_Packet_Size,Avg_Fwd_Segment_Size,Avg_Bwd_Segment_Size,Fwd_Header_Length_2,Fwd_Avg_Bytes_Bulk,Fwd_Avg_Packets_Bulk,Fwd_Avg_Bulk_Rate,Bwd_Avg_Bytes_Bulk,Bwd_Avg_Packets_Bulk,Bwd_Avg_Bulk_Rate,Subflow_Fwd_Packets,Subflow_Fwd_Bytes,Subflow_Bwd_Packets,Subflow_Bwd_Bytes,Init_Win_bytes_forward,Init_Win_bytes_backward,act_data_pkt_fwd,min_seg_size_forward,Active_Mean,Active_Std,Active_Max,Active_Min,Idle_Mean,Idle_Std,Idle_Max,Idle_Min,Protocol,Source_Port,H_src_ip,H_dst_ip,H_dst_port,H_proto,H_pkt_len,H_iat,H_tcp_flags,H_src_port
Destination_Port,1.0,-0.009482444523497571,-0.007107147614017563,-0.017211969458134465,-0.02302305392997224,-0.008192227129141574,-0.05330128213692629,-0.010534526327173539,-0.03135935352778978,-0.048908667083883764,-0.06497291023241496,-0.06253090801487472,-0.06583998457672004,-0.060863392860835516,0.004533394205766216,0.008051272719116967,-0.0008450058484769332,-0.004476120047775355,-0.009535370783765814,-0.001989354609784781,-0.00918886377971032,-0.0017151295456282684,-0.0055219035961120945,-0.009138234719876102,-0.001783302698591045,-0.015699991685528266,-0.0017855246968757788,-0.003529400801596456,-0.0072700124669125826,0.002827701862198243,-0.04974343321554404,0.0,0.0,0.0,-0.02310031806721718,-0.018930616601105784,0.007831085217578124,0.00810726778370627,-0.011262401781029148,-0.06519869200405866,-0.049601892393333846,-0.06569674595850297,-0.0468859418142754,0.0,0.00039342675526063875,-0.04974343321554404,0.0,0.07979670979651073,-0.034628085626524516,-0.0007607904412398653,0.0,-0.00723072811004241,-0.041930324977085306,-0.03135935352778978,-0.06583998457672004,-0.02310031806721718,0.0,0.0,0.0,0.0,0.0,0.0,-0.007107147614017563,-0.02302305392997224,-0.017211969458134465,-0.008192227129141574,-0.01929767833338405,-0.02145543777652018,-0.013433085050290056,-0.056743447183628094,-0.014074726277366122,-0.006106928659998754,-0.009602376917571813,-0.014693058371496565,-0.012065208895707334,-0.00020652380259956576,-0.008785271225940331,-0.015951890414791253,-0.07509059390627039,0.10764594011551157,-0.10369121410875982,-0.10483728064677075,0.10656016329126863,-0.10545575030267569,-0.10537019640587918,-0.02102004690559409,-0.03733355213981455,0.09428110381245175
Flow_Duration,-0.00948244452349757,1.0,0.11571538584746444,0.16528935437470604,0.08242604144900993,0.02008743745466191,0.09370430844847337,-0.010301586435243681,0.02581904591085099,0.08478257237834005,0.11317652306469345,0.11926638816375151,0.0983626983236717,0.09278375984661633,-0.1340520278272788,-0.3071544723431451,0.8890202858254468,0.9030468292852285,0.9328970491002883,0.006554151484248474,0.9999105355099198,0.9321087300993677,0.9083414698668302,0.9329148393205302,0.006600582449583836,0.6962434973521175,0.6557466409766992,0.6529808941290867,0.6783298600405419,-0.004279344048456953,0.0011758599389698945,0.0,0.0,0.0,0.453086890737992,0.14412453942894035,-0.302098305695077,-0.14437044792164627,-0.010462243686406704,0.10335501222195385,0.04462129350727301,0.09090257875311954,0.0679530129559209,0.0,-0.005187063095687799,0.0011758599389698945,0.0,0.008611649360650826,-0.01326784529451381,-0.016301173829009998,0.0,-0.23543694940694038,0.009674009705561907,0.02581904591085099,0.0983626983236717,0.453086890737992,0.0,0.0,0.0,0.0,0.0,0.0,0.11571538584746444,0.08242604144900993,0.16528935437470604,0.02008743745466191,0.047555135352510575,0.005280263945065445,0.5678116687361022,-0.012702944128757472,0.2479663819411005,0.3146989210849712,0.3224770452724998,0.03276514465285337,0.913507600117749,0.7940752988753742,0.9330791440166645,0.8294824914656976,-0.026512071933944812,-0.004221427853096705,0.037490893664493034,0.03776895790764577,-0.03345089256065197,0.035129906933207944,0.036867344939290614,0.46663232590043086,0.012275688999432896,-0.0413420508076049
Total_Fwd_Packets,-0.007107147614017564,0.11571538584746444,1.0,0.19686475754349606,0.06550868045697364,0.17498844976874126,0.05675015856739648,-0.00135344378340012,0.01575138607798692,0.03988937390154769,0.06380184418728917,0.011645681175449266,0.07178354616690608,0.053237720441145824,-0.015458801695665107,-0.03551611418658472,0.08355916780326335,0.08703196368728568,0.09878892928968103,6.439749324178425e-05,0.11560422027594715,0.08984665571442386,0.08862794941655684,0.09861593070904696,7.923257577801824e-05,0.10089849344191693,0.07216899159584947,0.0728859952320786,0.0835385681616505,-0.0016359595131988046,0.0013677427121463913,0.0,0.0,0.0,0.20373084299216226,0.18535772253105195,-0.03492832651182111,-0.01684862477780913,-0.0028489194275558576,0.06194360293202189,0.051155125562539754,0.06250528203983259,0.06281781836073806,0.0,-0.0005479652996634863,0.0013677427121463913,0.0,-0.01775672382348768,-0.0012078589626973793,-0.003293869257301751,0.0,-0.024943508833612765,0.03748231680837792,0.01575138607798692,0.07178354616690608,0.20373084299216226,0.0,0.0,0.0,0.0,0.0,0.0,1.0,0.06550868045697364,0.19686475754349606,0.17498844976874126,0.023597384417471716,0.00415380470363866,0.18873420441737984,-0.027001922667365917,0.3686918574983678,0.04754833584032562,0.17711618319142,0.5336622331379735,0.09871631095412427,0.07660584362503543,0.09852647024224744,0.09305918141130737,-0.017845922158916172,-0.002328388882169519,0.023909455294707244,0.02383596525669192,-0.022785482194102584,0.02282877019976641,0.02371473345592023,0.05513695640104208,0.007943239425744313,-0.023473859147568187
Total_Backward_Packets,-0.017211969458134465,0.16528935437470604,0.19686475754349603,1.0,0.2839417033407471,0.9637093772797917,0.23835303183217382,-0.00480938676497222,0.05508899189325883,0.14838082098906602,0.27360403675945294,0.07478198701180579,0.3425228761110573,0.21622485794742552,-0.05735656751396897,-0.13126094634883434,0.08038143264829002,0.10195107164605448,0.14994349332669066,-0.0007528644677153659,0.1645770603205661,0.10571383202287502,0.11244953027274154,0.14870641326240522,-0.00073498065199463,0.21511853882436033,0.12575382407401817,0.12935843525818363,0.1705022029740052,0.0263097608979101,0.0016118992337955293,0.0,0.0,0.0,0.9119786633601775,0.9735582553481817,-0.13118249216773792,0.04099983453930941,-0.007729089224603707,0.260427664238604,0.24062610063471307,0.2673067423132654,0.2829429758229824,0.0,-0.002024166538591432,0.0016118992337955293,0.0,-0.008304314580522283,0.004139803165605142,0.004543724664403073,0.0,0.08949448010715184,0.18241124914449813,0.05508899189325883,0.3425228761110573,0.9119786633601775,0.0,0.0,0.0,0.0,0.0,0.0,0.19686475754349603,0.2839417033407471,1.0,0.9637093772797917,0.12910849837430374,0.023771289761653245,0.7741786251281059,0.060940515668810195,0.1176126218914499,0.10427336523954206,0.11547055180045511,0.059855341782546714,0.15347075227374316,0.10576792904965296,0.14963367906529726,0.15164951861469234,0.0019162909020286572,0.005916863396766604,0.09945997880344504,0.09917541874413019,-0.09636869556365706,0.09521786846059993,0.09926982031198477,0.08274027728723295,0.032545385522270896,-0.09566742218176301
Total_Length_of_Fwd_Packets,-0.02302305392997224,0.08242604144900995,0.06550868045697364,0.2839417033407471,1.0,0.20948666466219526,0.6044781421125451,0.17960259617645272,0.47510192428104986,0.5545151272664331,0.3131814855777285,0.005154748146794141,0.25476006616668356,0.2927287043883329,0.03316566295927615,-0.02415822570199199,0.027170706023397797,0.04120092652295334,0.07870355102505068,0.009659359076934514,0.0819092063403068,0.03229816163570425,0.04719524375449217,0.07791885904370023,0.009661137399964577,0.116782013677836,0.027334985909937933,0.037236196599168776,0.06899615840941212,-0.0026595717973454704,0.027919084156090464,0.0,0.0,0.0,0.321903255455455,0.26934808915725267,-0.02375083547622904,-0.011834071354821717,0.04841079159276149,0.4489990099689992,0.38694798768613803,0.45826489295573286,0.4853317136708676,0.0,-0.0002579696408429438,0.027919084156090464,0.0,-0.053020036853360784,0.04277238145475921,-0.001505682702850726,0.0,-0.002840892142884093,0.3202837410676709,0.47510192428104986,0.25476006616668356,0.321903255455455,0.0,0.0,0.0,0.0,0.0,0.0,0.06550868045697364,0.9999999999999999,0.2839417033407471,0.20948666466219526,0.12286692922240193,0.09676100455826503,0.29806197504136,0.10970325751997152,0.0579238813046502,0.03780647849407932,0.04558513847986734,0.043193449230851534,0.08870024613198915,0.0394799170586639,0.07782016926009336,0.09953582782717804,0.032357098362777045,0.009289225121826346,0.17383228514229163,0.176660831092041,-0.17058031475952715,0.1632725077468581,0.1749274662835593,0.04923387377647843,0.06911479562748048,-0.16276705949253795
Total_Length_of_Bwd_Packets,-0.008192227129141574,0.02008743745466191,0.17498844976874123,0.9637093772797918,0.20948666466219526,1.0,0.1411323455644335,-0.0021482230068653636,0.015965619923045,0.05893246001358692,0.17930587282201949,-0.0004756952875988846,0.2736822389959074,0.13354343940426575,-0.002077921330088789,-0.00482601899629657,-0.0004932437791130026,0.002776966379446975,0.024716686247363475,-2.7936663363947003e-05,0.019489921772640303,7.474188639445871e-05,0.0042095467350702735,0.023434883560705,-2.724453081193965e-05,0.03649915960135934,0.000552733269083133,0.003167600005738288,0.023195541492065277,-0.0005930101420852551,-2.663387741046073e-05,0.0,0.0,0.0,0.841022930554989,0.9447732511742378,-0.004754779234781441,-0.001863794683717526,-0.0022279199546640866,0.1677847619179371,0.1995223347635619,0.18433518817349118,0.22622185515513074,0.0,-7.928471789672535e-05,-2.663387741046073e-05,0.0,-0.0006426720152755768,0.00045261149073090004,0.0006552767818739225,0.0,0.006290046132255031,0.15710212486018954,0.015965619923045,0.2736822389959074,0.841022930554989,0.0,0.0,0.0,0.0,0.0,0.0,0.17498844976874123,0.20948666466219526,0.9637093772797918,1.0,0.08136390428483084,0.0058121026485112495,0.6801958429988683,0.03299955929515709,0.0406209212606329,0.01819496413777942,0.022696518413114087,0.03830322132133201,0.032830404265608064,0.0005072354131421759,0.024497149156918304,0.043365586357781816,0.000495130090110577,0.0033559870717770786,0.04877834231488675,0.047780168894354984,-0.045384056635858795,0.04570252750418209,0.04856742226510712,0.0096825811376697,0.01554678166274244,-0.04938322519227884
Fwd_Packet_Length_Max,-0.05330128213692629,0.09370430844847338,0.05675015856739648,0.23835303183217382,0.6044781421125451,0.1411323455644335,1.0,0.3008582597734749,0.6994010328150077,0.9174009804037514,0.6485275039861463,0.017013456204399594,0.4758196068000937,0.6260642535539551,0.25381559012643656,-0.02850335157971642,0.00505956041831791,0.031436517640420276,0.08959942912544228,0.0359426678775246,0.09267241787600256,0.012619168527476896,0.04252573083019422,0.08812339750945539,0.035935921895347916,0.17284826484723298,0.01504710349837161,0.03381620330547836,0.08158509308528075,-0.004973567307210747,0.08287007262278649,0.0,0.0,0.0,0.2894001507967104,0.23785050308196368,-0.027942376909843268,-0.017923414892342424,0.2744840341740057,0.8116569695275528,0.6797553484184932,0.7631930839089422,0.685915089138866,0.0,0.00025285423936218676,0.08287007262278649,0.0,-0.14728629070840685,0.057824839564268066,-0.0007875724246849895,0.0,0.006046692248849342,0.6251834326905265,0.6994010328150077,0.4758196068000937,0.2894001507967104,0.0,0.0,0.0,0.0,0.0,0.0,0.05675015856739648,0.6044781421125451,0.23835303183217382,0.1411323455644335,0.25182199216451645,0.15004148590997884,0.23932742605544086,0.2591728837677117,0.06084564862042995,0.027947419214668826,0.03891214352343979,0.05877473258768537,0.11108036018702334,0.019234953435824344,0.08737022196515441,0.139543585132455,0.16203813830051308,0.03341401524635818,0.38723859565498736,0.3864150493442695,-0.3735019018206019,0.3858816900694237,0.3937297242148998,0.07619051978391732,0.15002550294215708,-0.38949675426975905
Fwd_Packet_Length_Min,-0.010534526327173539,-0.010301586435243681,-0.00135344378340012,-0.004809386764972219,0.17960259617645272,-0.0021482230068653636,0.3008582597734749,1.0,0.843439608642841,0.01237977232976586,-0.00872943731878362,0.08320141078058789,0.011303856819964738,-0.015319217418524699,0.7082885945205626,-0.0067947446410274535,-0.003975757341992183,-0.010866539179005682,-0.010773357435203754,0.09164571323933311,-0.01029465558809791,-0.006247032222600047,-0.011359836180903768,-0.010843933949979203,0.09162129788925669,-0.011255471094974785,-0.007506612886639512,-0.00785280394984163,-0.009018975109707103,-0.0051402352392104925,0.010419120341242257,0.0,0.0,0.0,0.003669794624895774,-0.004966061005030566,-0.006445866431106143,-0.014883696637983878,0.970213152409907,0.1633849701327529,0.6747869812288656,0.016679152402182835,0.017871268148419665,0.0,0.0025009502622607795,0.010419120341242257,0.0,-0.35438131556168645,0.002979227166037491,-0.0012477192138597682,0.0,-0.0122128085546038,0.7801733491669921,0.843439608642841,0.011303856819964738,0.003669794624895774,0.0,0.0,0.0,0.0,0.0,0.0,-0.00135344378340012,0.17960259617645272,-0.004809386764972219,-0.0021482230068653636,-0.17917464420071966,-0.005919876528377788,-0.00028828120331195233,0.26839619541081605,0.011689993145863789,-0.0021154668272281058,0.002547397791147385,0.019300514525309877,-0.012479109985117113,-0.00810684802612687,-0.011616492986578885,-0.012786808552933286,0.5508714679957952,0.03331628461228404,0.2686460805084022,0.24844428503665333,-0.21006570325495377,0.28326561583134496,0.27118835590583773,0.04007239665335808,0.11184081520507988,-0.3558689248703174
Fwd_Packet_Length_Mean,-0.03135935352778978,0.02581904591085099,0.015751386077986918,0.05508899189325883,0.47510192428104986,0.015965619923044995,0.6994010328150077,0.843439608642841,1.0,0.5173311341765949,0.25927488070779336,0.0668501364219113,0.2067269454857692,0.25818656689233305,0.6602103382915611,-0.0172795900551947,-0.0014627900408911878,0.003888230260898275,0.026243652166878847,0.08906558569178713,0.02524679587664656,-0.00045536221517406114,0.007721704171314895,0.025244937902272148,0.08904194394460534,0.05433276040534291,-0.0001378408646326378,0.0071574261205915694,0.024001162548662015,-0.0061833941755882246,0.0994018675163908,0.0,0.0,0.0,0.0932475172890854,0.05769687487077787,-0.016767619154734067,-0.019343228776891652,0.8058552513080164,0.4929851764582633,0.8282911745260627,0.3976923590144512,0.37642821550018574,0.0,0.001838617482595423,0.0994018675163908,0.0,-0.3425722037308654,0.06404265894162739,0.00011817269080200794,0.0,-0.008586765393234367,0.8791007309926558,1.0,0.2067269454857692,0.0932475172890854,0.0,0.0,0.0,0.0,0.0,0.0,0.015751386077986918,0.47510192428104986,0.05508899189325883,0.015965619923044995,-0.014537524435678892,0.0887335485602192,0.06936378360989323,0.3175975506869348,0.035390846146536085,0.010356472633796661,0.019130999809366982,0.04085020684867062,0.032321722862840414,0.002297379853348991,0.024476979615374,0.042553713373409366,0.4600904686756242,0.03672489246299904,0.38438871544653525,0.3706181688651082,-0.33668378826861595,0.391370454099686,0.38959721530908664,0.06666097672793152,0.15407044669029668,-0.4453294437495651
Fwd_Packet_Length_Std,-0.048908667083883764,0.08478257237834005,0.03988937390154769,0.14838082098906602,0.554515127266433,0.058932460013586915,0.9174009804037514,0.012379772329765861,0.5173311341765949,1.0,0.6111691691732665,-0.006054831398047487,0.44845918238422816,0.6103332397692274,0.1127474707715934,-0.02469500977936666,0.005419612647978096,0.030695478479415627,0.08062972584208616,0.020635819619033508,0.08367245218456486,0.012746451551159794,0.04064227161633515,0.07891037420557113,0.02063128068951594,0.15559566249405984,0.0153291256698645,0.03217146748740382,0.07273700808161546,-0.0037052376434335605,0.13754150169091456,0.0,0.0,0.0,0.20995801688129334,0.15532213805573494,-0.024237199735141962,-0.014137241008573028,-0.013127480490302084,0.7566733375248895,0.5158507916269425,0.787208197324513,0.7142078086978915,0.0,-0.0005155829770622813,0.13754150169091456,0.0,-0.06790558182713877,0.09133042060710488,0.0008516461764429458,0.0,0.005939786018995326,0.437784200816702,0.5173311341765949,0.44845918238422816,0.20995801688129334,0.0,0.0,0.0,0.0,0.0,0.0,0.03988937390154769,0.554515127266433,0.14838082098906602,0.058932460013586915,0.3002540037176308,0.1830077433263889,0.15933350064905244,0.18542824598229213,0.04918020572951957,0.023834955052456124,0.03361585661596756,0.04722043679554516,0.09892178078707865,0.01908666064272451,0.07853289881737548,0.12353915493249361,-0.0018634766356513228,0.021188671393069604,0.322643933357938,0.3284785294499879,-0.326226553729045,0.31542111355113467,0.32939342629623586,0.06721508016535103,0.12248155379841018,-0.29907145168209504
Bwd_Packet_Length_Max,-0.06497291023241497,0.11317652306469346,0.06380184418728918,0.27360403675945294,0.31318148557772846,0.17930587282201949,0.6485275039861463,-0.00872943731878362,0.25927488070779336,0.6111691691732665,1.0,0.07938615472133047,0.8656847475456445,0.9665565106683393,-0.02802297032524279,-0.06428972509046758,0.012513993801412427,0.04694492437096351,0.11362388568108749,-0.0003688321973972578,0.11192935232312588,0.02320352990942109,0.06031390687681814,0.11218520925443794,-0.00036670840027879317,0.19808875714382018,0.027211081138499946,0.0500659365006512,0.10487630795033878,0.0071304685582524036,0.0019433792808451439,0.0,0.0,0.0,0.3473310644288664,0.29705357659338716,-0.06388834250278518,0.002180429496644692,-0.009616925859799874,0.9506118050521355,0.6055939395575288,0.9188007433160416,0.8374638202909371,0.0,-0.0008931846729270521,0.0019433792808451439,0.0,-0.044231964272289905,0.015608914825601542,0.01906517427432231,0.0,0.052476771565587284,0.48424148547004625,0.25927488070779336,0.8656847475456445,0.3473310644288664,0.0,0.0,0.0,0.0,0.0,0.0,0.06380184418728918,0.31318148557772846,0.27360403675945294,0.17930587282201949,0.403886892369669,0.0861467716763919,0.21492983125426326,0.24048293842634808,0.06424577254441574,0.029333027103894738,0.040601702933026396,0.063181129581718,0.14500625889530433,0.014192202851617017,0.11138772655655689,0.1857751587143232,0.05085829584430743,0.03193816940022543,0.36947922716603177,0.3714457925281399,-0.36187502507937896,0.35414135006308833,0.3686711646172406,0.08166301168287438,0.1442566112919505,-0.3458725887061102
Bwd_Packet_Length_Min,-0.06253090801487474,0.11926638816375151,0.011645681175449266,0.07478198701180577,0.005154748146794141,-0.00047569528759888464,0.017013456204399594,0.08320141078058789,0.0668501364219113,-0.006054831398047486,0.07938615472133047,1.0,0.2758361637169227,-0.0015181432225633317,-0.17060682912638123,-0.39001717734021485,0.08363289979428747,0.09690463377827731,0.10877856174847819,-0.0022217619640446462,0.11927805654224101,0.1075992501566264,0.1035633304996168,0.1087364737072287,-0.0022540093452761583,0.10095940420338871,0.10682790164605245,0.10501010744612853,0.10565087451679403,0.12403521385131687,0.001006345874158759,0.0,0.0,0.0,0.05250971116580725,0.0626042493815672,-0.39145944918965053,0.2044516756889156,0.08546227150241423,0.052590253946870544,0.12769690535669184,0.08399996057319009,0.0238641065899381,0.0,-0.005930142626307015,0.001006345874158759,0.0,-0.40206851069647476,0.0004594448466351463,-0.002323593084093092,0.0,0.42211639623967123,0.10642886356600284,0.0668501364219113,0.2758361637169227,0.05250971116580725,0.0,0.0,0.0,0.0,0.0,0.0,0.011645681175449266,0.005154748146794141,0.07478198701180577,-0.00047569528759888464,-0.20078281111672427,-0.0008143923233420464,0.06901980175098743,0.1700108432731014,0.03505000317324798,0.04722144595446158,0.04681685662192107,0.0015287538492552081,0.10276386098124117,0.10395806965461028,0.10989247013069911,0.08483653536012452,0.6281466798761838,0.038536353727145506,0.3316793319911319,0.3381502863429801,-0.35878181572828133,0.3575448561693556,0.3448760373127184,0.14510003322521245,0.11496210544698475,-0.2859049886818578
Bwd_Packet_Length_Mean,-0.06583998457672002,0.0983626983236717,0.07178354616690608,0.3425228761110573,0.25476006616668356,0.27368223899590743,0.4758196068000938,0.011303856819964738,0.20672694548576923,0.44845918238422816,0.8656847475456444,0.2758361637169227,1.0,0.8566686160765447,-0.05829528668864285,-0.13352333534541364,0.02359301245717544,0.04928409967088039,0.10279163716610694,-0.0007627441321910637,0.09692021447423979,0.035176439764764804,0.059430893841937435,0.1007946771979656,-0.0007677407919314127,0.15015844811183535,0.038036162365406044,0.05336713149650769,0.09603936272168748,0.03181420945956429,0.003817127504100254,0.0,0.0,0.0,0.3889139325081181,0.3694850276046762,-0.1334977393570711,0.04438010801887348,0.010268915133225235,0.8133573473532942,0.6701108170545055,0.8688029817737919,0.8636685083211129,0.0,-0.0017691575283692508,0.003817127504100254,0.0,-0.1290626376145497,0.02493181295078479,0.031073039989795055,0.0,0.1378312060245033,0.5376231056705086,0.20672694548576923,1.0,0.3889139325081181,0.0,0.0,0.0,0.0,0.0,0.0,0.07178354616690608,0.25476006616668356,0.3425228761110573,0.27368223899590743,0.2942009209077222,0.0703026285657867,0.22939272472495903,0.23280373980431854,0.06079318148249576,0.03176358032617199,0.04169552623281139,0.05595977781591315,0.12431176682065645,0.02817476297660847,0.10097077160315966,0.1510915276958465,0.17241836018583973,0.033384311907383536,0.3724949848334421,0.3737625740368136,-0.367272267547825,0.3646456989042489,0.3741427712053492,0.09617730698259065,0.1434248041718576,-0.3501211997558219
Bwd_Packet_Length_Std,-0.060863392860835516,0.09278375984661631,0.053237720441145824,0.21622485794742555,0.2927287043883329,0.13354343940426577,0.6260642535539551,-0.015319217418524697,0.25818656689233305,0.6103332397692274,0.9665565106683393,-0.0015181432225633317,0.8566686160765445,1.0,-0.014059646614719064,-0.03238216030885649,0.004448081405517246,0.035198560914629924,0.09338242680116751,-0.0001871092210218687,0.09157111316317876,0.012528301051230024,0.04686332567488757,0.09194302695201109,-0.00018220754128766176,0.17157254248534728,0.01678309296606662,0.037636614751499715,0.08558947721442105,-0.0030787368081212664,0.0033355059856559873,0.0,0.0,0.0,0.2940840025300332,0.2386024286476689,-0.03185096334981603,-0.015128906516555473,-0.01694286896312287,0.9224716042809565,0.5940387875062098,0.9268439667408189,0.8456736819548631,0.0,-0.00028260663813922616,0.0033355059856559873,0.0,-0.014633228178626483,0.0207456092764525,0.025486728173389768,0.0,0.013449109728099026,0.47617222459140734,0.25818656689233305,0.8566686160765445,0.2940840025300332,0.0,0.0,0.0,0.0,0.0,0.0,0.053237720441145824,0.2927287043883329,0.21622485794742555,0.13354343940426577,0.43128515904587184,0.0929216237506756,0.17706816025523875,0.23215260540728408,0.05362181609662781,0.02173598577503942,0.0328572083837264,0.05653356602264934,0.12256385031278706,0.00226030924575921,0.09093894103993756,0.16169649011115142,-0.001507127800458666,0.02896657277892544,0.34853090374593554,0.3492086920063168,-0.33602415568781613,0.33065675467665845,0.34643897909382193,0.07045946442285107,0.1387967903867842,-0.33302918912972157
Flow_Bytes_s,0.004533394205766217,-0.1340520278272788,-0.015458801695665107,-0.05735656751396897,0.03316566295927615,-0.002077921330088789,0.25381559012643656,0.7082885945205627,0.6602103382915611,0.11274747077159342,-0.02802297032524279,-0.17060682912638125,-0.05829528668864285,-0.014059646614719064,1.0,0.4161568100740211,-0.1305000116683845,-0.1328515789871917,-0.1324995711317101,-0.002029760853966247,-0.1339878312941575,-0.13535835661102352,-0.1331767537845969,-0.13243194599228794,-0.001977053759628816,-0.08723346596095367,-0.08625006067198002,-0.08540659719635134,-0.08735565877717928,-0.08535785721553837,0.09567861374265699,0.0,0.0,0.0,-0.05903834577997945,-0.04882116025808082,0.4162782066633698,-0.14824266521437046,0.7300916495816472,0.13317983214916163,0.5507503949524859,0.05219014955145056,0.044399548385410006,0.0,0.008611844723275164,0.09567861374265699,0.0,-0.24219932928373053,0.04157186980297447,-0.016591475277414565,0.0,-0.269310501314767,0.6645931308342379,0.6602103382915611,-0.05829528668864285,-0.05903834577997945,0.0,0.0,0.0,0.0,0.0,0.0,-0.015458801695665107,0.03316566295927615,-0.05735656751396897,-0.002077921330088789,-0.08634279616482772,-0.01048932584332063,-0.07767891992408599,0.18133079439077038,-0.0355267996891699,-0.04248275310001198,-0.043262741602751315,-0.007040035588425184,-0.13063043454107237,-0.11006614790377887,-0.13128632423866468,-0.12123899809533417,0.3301940011196353,0.02066725936000762,0.1616071249337991,0.14711407296571175,-0.11893412627271209,0.17114649054963182,0.1641141736085279,-0.04405133914258176,0.0706428200591975,-0.22796519842738802
Flow_Packets_s,0.008051272719116967,-0.3071544723431451,-0.03551611418658472,-0.13126094634883434,-0.02415822570199199,-0.00482601899629657,-0.02850335157971642,-0.006794744641027454,-0.0172795900551947,-0.024695009779366662,-0.06428972509046758,-0.39001717734021485,-0.13352333534541366,-0.03238216030885649,0.4161568100740211,1.0,-0.2990151598610197,-0.30440340186392456,-0.3035975560294878,-0.004651471464751647,-0.3070072627897204,-0.31014711550519636,-0.3051485041828191,-0.3034423634434632,-0.004530628609059417,-0.19987939509148697,-0.197625079402253,-0.19569253963817454,-0.20015906138796571,-0.19504068923189405,0.0044178367976714,0.0,0.0,0.0,-0.1420974378135278,-0.11174552289857169,0.9998171918130623,-0.3328155429917531,-0.006266697632905806,-0.03476497531353824,-0.026098135429063855,-0.034536866016679255,-0.0256038612599129,0.0,0.010609015748778702,0.0044178367976714,0.0,0.04355967791836601,-0.0202371958743324,-0.03357940398150512,0.0,-0.6146453952868952,0.006027172777685575,-0.0172795900551947,-0.13352333534541366,-0.1420974378135278,0.0,0.0,0.0,0.0,0.0,0.0,-0.03551611418658472,-0.02415822570199199,-0.13126094634883434,-0.00482601899629657,-0.0038749807825024527,-0.023815072582556614,-0.17788150791253662,-0.03371642597076059,-0.08140673489776891,-0.09734121163533838,-0.09912977234206137,-0.016136859186150713,-0.2993148962934232,-0.2521949476073441,-0.300817498479314,-0.27779657066806207,-0.039400876456796005,0.00187736091605245,-0.05994222119725699,-0.060549269821817325,0.05934577002654687,-0.06053424918754151,-0.060665983090185456,-0.17388694761383836,-0.011357536048485758,0.05728987024935692
Flow_IAT_Mean,-0.0008450058484769333,0.8890202858254467,0.08355916780326335,0.08038143264829002,0.027170706023397793,-0.0004932437791130026,0.00505956041831791,-0.003975757341992183,-0.001462790040891188,0.005419612647978097,0.012513993801412429,0.08363289979428748,0.02359301245717544,0.004448081405517246,-0.1305000116683845,-0.2990151598610197,1.0,0.9817197994516604,0.9345223150096785,0.05423925176039182,0.8887131096550842,0.9774079293251671,0.9638010647388934,0.9339036820437151,0.05426051090996029,0.4237877595918549,0.46789055454411477,0.4627863642188394,0.45364668173173317,-0.000380958159820749,0.00039878046682728625,0.0,0.0,0.0,0.3423280126041116,0.06687646290703918,-0.2940930767918578,-0.14053984164620542,-0.004092726588034347,0.004707514808248986,-0.0030855793472680548,0.00280324346328662,0.0007043281418529802,0.0,-0.005044561731926525,0.00039878046682728625,0.0,0.015063895358809169,-0.01259829831123295,-0.010274792263082727,0.0,-0.23449095330591638,-0.024955314535569085,-0.001462790040891188,0.02359301245717544,0.3423280126041116,0.0,0.0,0.0,0.0,0.0,0.0,0.08355916780326335,0.027170706023397793,0.08038143264829002,-0.0004932437791130026,0.005692876007597546,-0.0009744910986491864,0.44933937528711737,-0.016682573190261517,0.14742577958063974,0.18207160762075267,0.18108985638144265,0.02251042496139995,0.940155089331539,0.7783631337557086,0.9322207824752388,0.8908198586875112,-0.02026069282813026,-0.0076793072075375226,-0.009131040480394556,-0.00923799176282217,0.012594130968133646,-0.009930435632030275,-0.009775702236126834,0.41859506872145213,-0.004627457792222568,0.0014275250608179332
Flow_IAT_Std,-0.004476120047775356,0.9030468292852285,0.08703196368728568,0.10195107164605448,0.04120092652295334,0.002776966379446975,0.03143651764042028,-0.010866539179005682,0.0038882302608982747,0.03069547847941562,0.04694492437096351,0.09690463377827731,0.049284099670880384,0.035198560914629924,-0.13285157898719166,-0.30440340186392456,0.9817197994516605,1.0,0.9748506081298097,-0.00033380162652225253,0.9026953085040473,0.9882082542063567,0.995314736107749,0.9741716290229138,-0.0002648785526208121,0.49910820499719116,0.5228634107317928,0.5206826174757293,0.5215962085983716,-0.00045874104693245925,0.006597389786015069,0.0,0.0,0.0,0.35856880531365615,0.08649817767813708,-0.2993926164675857,-0.14307268857591612,-0.011233513635606526,0.03732396278804556,0.009574987345215747,0.032282416197429505,0.0222194832936874,0.0,-0.005134777232837153,0.006597389786015069,0.0,0.014135840110237479,-0.011200419268907922,-0.01506288394527255,0.0,-0.235017227495011,-0.016700327387250465,0.0038882302608982747,0.049284099670880384,0.35856880531365615,0.0,0.0,0.0,0.0,0.0,0.0,0.08703196368728568,0.04120092652295334,0.10195107164605448,0.002776966379446975,0.020082200573897292,0.0017145639795383366,0.46406666311349865,-0.013832175327680949,0.1801153357491877,0.2191058146663501,0.21703390165235883,0.028943027759516484,0.976025834146267,0.8277249291241269,0.9730028143804019,0.9203653507732663,-0.02241470799158918,-0.0061594829775675165,0.0054101478649597285,0.0054890513435977345,-0.002580085132928472,0.004356936143382096,0.004867505882602155,0.42331120163120833,0.0013255160941303737,-0.010911153795786744
Flow_IAT_Max,-0.009535370783765814,0.9328970491002884,0.09878892928968103,0.14994349332669066,0.0787035510250507,0.02471668624736348,0.08959942912544226,-0.010773357435203754,0.026243652166878847,0.08062972584208618,0.11362388568108749,0.1087785617484782,0.10279163716610695,0.0933824268011675,-0.1324995711317101,-0.3035975560294878,0.9345223150096785,0.9748506081298097,1.0,0.01198648657779298,0.9326195944142477,0.9682865315367372,0.9833778733753089,0.9995911102700248,0.012036542666388128,0.5963172096219045,0.5807849453208924,0.5839580096708225,0.6046312863040634,-0.001681801280633869,0.01406688471360549,0.0,0.0,0.0,0.4082507324401491,0.13179630986555077,-0.29859999277976224,-0.1426960478692645,-0.011066261455879868,0.10427506297651847,0.04947849572107841,0.09246587564413052,0.07044157236674817,0.0,-0.005123505187925389,0.01406688471360549,0.0,0.009817635354303486,-0.006903654251514393,-0.014583362378422341,0.0,-0.22944887544361886,0.014824890947275494,0.026243652166878847,0.10279163716610695,0.4082507324401491,0.0,0.0,0.0,0.0,0.0,0.0,0.09878892928968103,0.0787035510250507,0.14994349332669066,0.02471668624736348,0.04552721642756461,0.0037701617718001014,0.5104222838528223,-0.0004466054319964756,0.22838846336740162,0.2713411643101674,0.2700376207794036,0.042078698720753614,0.9792843179231346,0.8839627915152736,0.9989297359214411,0.9027033736726625,-0.021884118133534053,-0.0035162685721076793,0.034627550552494314,0.034893495550927835,-0.03172561651724136,0.03304660600017446,0.034329575408019494,0.43544667139080145,0.012727770948009143,-0.03787371262183911
Flow_IAT_Min,-0.001989354609784781,0.006554151484248474,6.439749324178425e-05,-0.0007528644677153658,0.009659359076934514,-2.7936663363947e-05,0.0359426678775246,0.09164571323933311,0.08906558569178713,0.020635819619033508,-0.00036883219739725775,-0.002221761964044646,-0.0007627441321910637,-0.0001871092210218687,-0.002029760853966247,-0.004651471464751647,0.054239251760391814,-0.00033380162652225253,0.01198648657779298,1.0,0.006553504455978723,0.04145015430553678,-0.00047414303481439296,0.011985797881145729,0.9991554626050975,-0.0011558906460269077,-0.0011428382537157474,-0.0011316627518016468,-0.0011575118067175762,-0.0011730311965400702,0.05055001011960326,0.0,0.0,0.0,0.0016560255976707777,-0.0006341415369109052,-0.00457487275306135,-0.0021877590447431606,0.09445319893272293,0.01991095766043149,0.06880411552580232,0.010719784371596418,0.004430724786251735,0.0,-7.783378755074213e-05,0.05055001011960326,0.0,-0.05542991181035297,0.06272439091326384,0.08681533174069048,0.0,-0.0032553272260147374,0.07799109158388162,0.08906558569178713,-0.0007627441321910637,0.0016560255976707777,0.0,0.0,0.0,0.0,0.0,0.0,6.439749324178425e-05,0.009659359076934514,-0.0007528644677153658,-2.7936663363947e-05,-0.023716208030622146,0.0009296129725064287,0.00013708052091809044,0.06127755101685374,0.019239665187957083,0.002259939847515114,0.008599882981304931,0.026289266007557606,-0.00017160482448451878,0.00010877524170790127,0.00011441818603579339,-0.00036771895132318955,0.012323130815865953,-0.0071555317383899504,0.04945723351797693,0.049008729341683516,-0.04396549497774858,0.050778442890511415,0.05115021418796316,0.009270812293823762,0.018575689149308725,-0.06261767418261743
Fwd_IAT_Total,-0.00918886377971032,0.9999105355099199,0.11560422027594716,0.1645770603205661,0.0819092063403068,0.019489921772640303,0.09267241787600256,-0.01029465558809791,0.02524679587664656,0.08367245218456486,0.1119293523231259,0.11927805654224102,0.09692021447423979,0.09157111316317879,-0.1339878312941575,-0.3070072627897204,0.8887131096550842,0.9026953085040474,0.9326195944142477,0.006553504455978723,1.0,0.9322082035703021,0.9084290502391968,0.9329924739637047,0.006601829167733563,0.6959659186018939,0.6553558558956378,0.6526512656306697,0.6780435285461918,-0.004270227096669772,0.0007921223869657766,0.0,0.0,0.0,0.45232043889965134,0.14318930986465586,-0.3019534804806659,-0.14430317536126236,-0.010392313923143057,0.10207729755261875,0.04350121039718112,0.08948379366767005,0.06634546716470546,0.0,-0.005186798853153782,0.0007921223869657766,0.0,0.008903824136944656,-0.013596468391969981,-0.016725633836316225,0.0,-0.23649259353060043,0.008787574464785858,0.02524679587664656,0.09692021447423979,0.45232043889965134,0.0,0.0,0.0,0.0,0.0,0.0,0.11560422027594716,0.0819092063403068,0.1645770603205661,0.019489921772640303,0.04678605309748295,0.0015410650348348543,0.5677666760587053,-0.014776162523280439,0.24661995688146277,0.31437443571452883,0.32184633445318367,0.031099496438150416,0.9134794479829855,0.794120556155649,0.9330771810210845,0.8294182621583157,-0.026581371533384773,-0.004330083425373723,0.035978653899406556,0.036235025517730376,-0.03189964277472018,0.033616496680689056,0.035354646213745435,0.4663172201450451,0.011715507112213665,-0.039972598255331386
Fwd_IAT_Mean,-0.0017151295456282686,0.9321087300993677,0.08984665571442385,0.10571383202287503,0.03229816163570425,7.47418863944587e-05,0.012619168527476896,-0.006247032222600047,-0.00045536221517406114,0.012746451551159796,0.02320352990942109,0.1075992501566264,0.03517643976476481,0.012528301051230024,-0.13535835661102355,-0.31014711550519636,0.9774079293251671,0.9882082542063567,0.9682865315367372,0.04145015430553678,0.9322082035703022,1.0,0.9883567265661135,0.9686528066624964,0.041530184159272635,0.5426397755909912,0.5758266688238654,0.5687982742681054,0.5661772499985608,0.00036203281475740714,0.00018370783593684768,0.0,0.0,0.0,0.36888420298582353,0.08830036527246601,-0.3050416627185121,-0.14577821557043483,-0.006295345676927056,0.013269491390408438,-0.0006149058783071012,0.01040313390250805,0.005825082023811661,0.0,-0.005239819469068775,0.00018370783593684768,0.0,0.017800800439978184,-0.013806302151705396,-0.013384871602096338,0.0,-0.24160838165435078,-0.024676051347787723,-0.00045536221517406114,0.03517643976476481,0.36888420298582353,0.0,0.0,0.0,0.0,0.0,0.0,0.08984665571442385,0.03229816163570425,0.10571383202287503,7.47418863944587e-05,0.010335281729312286,-0.0042077917812366455,0.48264520875660427,-0.016865517437826844,0.17706518091180795,0.22182689146265663,0.22061483592914025,0.02365023992402848,0.9652611123392978,0.8258863148884813,0.9674404943778231,0.900299153437699,-0.020821293434465187,-0.007455846036370297,-0.008783726590095077,-0.008867982939260442,0.012315678856321116,-0.009868113719665506,-0.009429485689055613,0.43809653337150795,-0.004748320741676044,0.001006175483275442
Fwd_IAT_Std,-0.0055219035961120945,0.9083414698668303,0.08862794941655686,0.11244953027274153,0.04719524375449217,0.0042095467350702735,0.042525730830194224,-0.01135983618090377,0.007721704171314894,0.04064227161633514,0.06031390687681814,0.1035633304996168,0.059430893841937435,0.04686332567488756,-0.1331767537845969,-0.305148504182819,0.9638010647388934,0.995314736107749,0.9833778733753088,-0.00047414303481439296,0.9084290502391967,0.9883567265661135,1.0,0.9837689379084253,-0.0004290711817637713,0.5372588534171381,0.5509700320386154,0.5497555157684331,0.55554914512717,-0.00028511454212925224,0.00781008867246915,0.0,0.0,0.0,0.3661407631493607,0.09583377701128593,-0.30012531229982353,-0.14342986572502392,-0.011568199778369124,0.05030109727620683,0.015930509349384718,0.043636184177023155,0.03018350874940975,0.0,-0.0051553989543549625,0.00781008867246915,0.0,0.01450185793469762,-0.010901286638758537,-0.016534207772244857,0.0,-0.23494088091452517,-0.011870037877740929,0.007721704171314894,0.059430893841937435,0.3661407631493607,0.0,0.0,0.0,0.0,0.0,0.0,0.08862794941655686,0.04719524375449217,0.11244953027274153,0.0042095467350702735,0.0253121656983655,-0.0018069465573833886,0.47151371515932744,-0.013399487329135647,0.19256379603678123,0.233725132778567,0.2312928621730495,0.030873567140662736,0.9831181347786423,0.8415287572462714,0.9826366597211365,0.9243225330002021,-0.022354094772437445,-0.005725638658795257,0.00934313818152384,0.009454200777648702,-0.006552134534305291,0.00806401641504763,0.008877355461918528,0.4249866707009497,0.002966580132341639,-0.01448059127699594
Fwd_IAT_Max,-0.009138234719876102,0.9329148393205303,0.09861593070904696,0.14870641326240522,0.07791885904370022,0.023434883560705003,0.08812339750945537,-0.010843933949979203,0.02524493790227215,0.07891037420557113,0.11218520925443794,0.1087364737072287,0.1007946771979656,0.0919430269520111,-0.13243194599228794,-0.3034423634434632,0.933903682043715,0.9741716290229138,0.9995911102700248,0.01198579788114573,0.9329924739637047,0.9686528066624964,0.9837689379084252,1.0,0.012040748314954332,0.5959976659451351,0.5799433711820258,0.5832834894710696,0.6041477702238764,-0.0016737690159714025,0.013103955215529706,0.0,0.0,0.0,0.40697611555316643,0.1301065126126819,-0.2984472679703311,-0.14262738909558348,-0.010985444806694228,0.10269713706608471,0.04785628885712811,0.09057947904227025,0.0679794096363584,0.0,-0.005126565526720054,0.013103955215529706,0.0,0.01056616291353886,-0.007734511040460091,-0.015676511744227205,0.0,-0.2310724034828744,0.01352973173399262,0.02524493790227215,0.1007946771979656,0.40697611555316643,0.0,0.0,0.0,0.0,0.0,0.0,0.09861593070904696,0.07791885904370022,0.14870641326240522,0.023434883560705003,0.044841679235518,-0.00140433323857759,0.5106420385624121,-0.003657625848913507,0.22730092442228772,0.27113108006806413,0.26957052006894644,0.04067833719993547,0.979489423999778,0.884219301781738,0.9991649421239924,0.9028556025372534,-0.02207351578761869,-0.0036558576468999067,0.032456763526028304,0.032687709970471115,-0.02947392420954573,0.03085610629560958,0.03215983025780147,0.43507277530024796,0.011941729209647202,-0.03594516338037106
Fwd_IAT_Min,-0.0017833026985910449,0.006600582449583836,7.923257577801824e-05,-0.00073498065199463,0.009661137399964577,-2.7244530811939652e-05,0.035935921895347916,0.09162129788925669,0.08904194394460534,0.020631280689515936,-0.0003667084002787932,-0.0022540093452761583,-0.0007677407919314129,-0.00018220754128766176,-0.001977053759628816,-0.004530628609059418,0.05426051090996029,-0.0002648785526208121,0.012036542666388126,0.9991554626050974,0.006601829167733563,0.041530184159272635,-0.0004290711817637714,0.01204074831495433,1.0,-0.0011258974136587278,-0.0011132106404196113,-0.0011023238027054313,-0.0011274925541987415,-0.001106270492671862,0.05049860749863395,0.0,0.0,0.0,0.0017202684714036967,-0.0006159281532283168,-0.004456648225561831,-0.0020999333848215175,0.09443047474860736,0.019910074545492183,0.06878897715908527,0.010719799814330924,0.004432831174132804,0.0,-7.582451432523844e-05,0.05049860749863395,0.0,-0.05363747642873782,0.06035665251318973,0.0835410300848835,0.0,-0.0034275679197339716,0.07796715675898704,0.08904194394460534,-0.0007677407919314129,0.0017202684714036967,0.0,0.0,0.0,0.0,0.0,0.0,7.923257577801824e-05,0.009661137399964577,-0.00073498065199463,-2.7244530811939652e-05,-0.024998510077190533,-0.0001163841837914811,0.0001979270431225939,0.060807290030613366,0.019243166437137596,0.0022732767373402963,0.008610691859209327,0.026280050673835084,-0.00012751515907329086,0.00014579438677157642,0.00015859783630251445,-0.0003266990414460826,0.01232554429698191,-0.007250130421187238,0.04785388433365467,0.047391129280073066,-0.04238513770233447,0.04922473213186957,0.049463331313873,0.008948216774924685,0.017735266802543583,-0.061046801801447066
Bwd_IAT_Total,-0.015699991685528266,0.6962434973521175,0.10089849344191694,0.21511853882436033,0.11678201367783601,0.03649915960135934,0.17284826484723298,-0.011255471094974783,0.05433276040534292,0.15559566249405984,0.19808875714382015,0.10095940420338871,0.15015844811183535,0.1715725424853473,-0.08723346596095366,-0.19987939509148694,0.42378775959185483,0.49910820499719116,0.5963172096219045,-0.0011558906460269077,0.6959659186018939,0.5426397755909912,0.5372588534171381,0.5959976659451353,-0.001125897413658728,1.0,0.8814009546870049,0.8812533662127777,0.9409891051461481,-0.02555578841563489,0.00525772096738064,0.0,0.0,0.0,0.3858811661815711,0.19139720892313722,-0.19658910766032006,-0.09394889806457918,-0.011634880064233626,0.19188536325371994,0.090059945690908,0.16998842127614797,0.12722373626852343,0.0,-0.0033755313988557676,0.00525772096738064,0.0,0.004539327145099326,-0.003894371349214474,-0.010469734931276778,0.0,-0.13988302888201448,0.053596153252141766,0.05433276040534292,0.15015844811183535,0.3858811661815711,0.0,0.0,0.0,0.0,0.0,0.0,0.10089849344191694,0.11678201367783601,0.21511853882436033,0.03649915960135934,0.08712750776683181,0.016883585938038397,0.45589964979972114,0.026832222985849644,0.2301611434811807,0.2974101346132303,0.31381306585917085,0.029284360199717717,0.5654792804220333,0.5120767453095296,0.5964454426035629,0.4940334235470026,-0.016522629711256287,0.0044783354031288185,0.07829024100341016,0.07912019265369574,-0.07565562680173427,0.07498157283524601,0.07816780393167058,0.3184125982465761,0.02874519683355299,-0.07600932968394326
Bwd_IAT_Mean,-0.001785524696875779,0.6557466409766992,0.07216899159584947,0.12575382407401817,0.027334985909937937,0.000552733269083133,0.01504710349837161,-0.007506612886639512,-0.0001378408646326378,0.0153291256698645,0.027211081138499946,0.10682790164605245,0.038036162365406044,0.01678309296606662,-0.08625006067198002,-0.197625079402253,0.4678905545441148,0.5228634107317928,0.5807849453208925,-0.0011428382537157474,0.6553558558956378,0.5758266688238654,0.5509700320386154,0.5799433711820258,-0.0011132106404196113,0.8814009546870049,1.0,0.9938219146542023,0.9644575174767782,-0.02310885947426906,-0.0029979773092731915,0.0,0.0,0.0,0.28975228338311143,0.10533853351801122,-0.19437190437278204,-0.09288914441643752,-0.007859985945069368,0.017235333675971777,0.0011699629753042287,0.014662369786176743,0.00894890377455869,0.0,-0.0033355352820389583,-0.0029979773092731915,0.0,0.015895566549798942,-0.010936041045396033,-0.009667253649327445,0.0,-0.14993371204314326,-0.016589279220497653,-0.0001378408646326378,0.038036162365406044,0.28975228338311143,0.0,0.0,0.0,0.0,0.0,0.0,0.07216899159584947,0.027334985909937937,0.12575382407401817,0.000552733269083133,0.013105243685912121,0.0007425022423537727,0.37767525915727646,-0.00406611582024937,0.14113101594908456,0.19125560112888085,0.1953826261021768,0.01026595858423982,0.541261931795039,0.5333100398541195,0.5804676686386003,0.45194140224044355,-0.012446761603095881,-0.0025364501247806042,-0.00482153729164878,-0.004791255907493122,0.0076159278604449486,-0.0055668832726786365,-0.00534509026248799,0.305450249831063,-0.0036912824330686796,-3.710403323084791e-05
Bwd_IAT_Std,-0.0035294008015964557,0.6529808941290866,0.0728859952320786,0.12935843525818363,0.03723619659916878,0.0031676000057382875,0.03381620330547837,-0.00785280394984163,0.0071574261205915694,0.03217146748740382,0.050065936500651206,0.10501010744612853,0.05336713149650769,0.037636614751499715,-0.08540659719635134,-0.19569253963817454,0.4627863642188394,0.5206826174757293,0.5839580096708225,-0.0011316627518016466,0.6526512656306697,0.5687982742681053,0.5497555157684332,0.5832834894710696,-0.0011023238027054313,0.8812533662127777,0.9938219146542023,1.0,0.9779293689401306,-0.022858508582924805,-0.0002993295451725807,0.0,0.0,0.0,0.29458776763894684,0.10949171969908844,-0.19247116132712466,-0.09198156226611216,-0.008183908967211098,0.040424155789999736,0.013297096307319775,0.03498333685703591,0.024310820128348766,0.0,-0.003303483816078246,-0.0002993295451725807,0.0,0.014875461451329319,-0.009767003537548778,-0.009707626107297668,0.0,-0.14805962055678112,-0.006761211185587771,0.0071574261205915694,0.05336713149650769,0.29458776763894684,0.0,0.0,0.0,0.0,0.0,0.0,0.0728859952320786,0.03723619659916878,0.12935843525818363,0.0031676000057382875,0.02160019216168698,0.0009867438418501384,0.37966045311120467,-0.0001313596799877528,0.15263907636257812,0.20411603056489294,0.20801938999477126,0.012837231297599337,0.5473183131456509,0.5314857247592306,0.583807573762908,0.46158673003997525,-0.012224152643874853,-0.0017018055509280708,0.004751992333841344,0.0048707519164926895,-0.0021017422982682324,0.0038915882968234418,0.004366623742253876,0.3029680355458489,0.000381046545221725,-0.00859949479817393
Bwd_IAT_Max,-0.007270012466912583,0.6783298600405417,0.08353856816165049,0.1705022029740052,0.0689961584094121,0.023195541492065277,0.08158509308528074,-0.009018975109707103,0.02400116254866201,0.07273700808161546,0.10487630795033878,0.10565087451679403,0.09603936272168748,0.08558947721442106,-0.08735565877717928,-0.20015906138796574,0.45364668173173317,0.5215962085983716,0.6046312863040635,-0.0011575118067175762,0.6780435285461918,0.5661772499985608,0.5555491451271699,0.6041477702238764,-0.0011274925541987417,0.9409891051461482,0.9644575174767782,0.9779293689401306,1.0,-0.02445810862515306,0.004578864315177255,0.0,0.0,0.0,0.3396535623213205,0.14855449322566572,-0.19686416670960225,-0.09408052453944717,-0.009332599121194848,0.0959375864308651,0.04590817266077923,0.08486759145476028,0.06497367834195486,0.0,-0.0033797754114261672,0.004578864315177255,0.0,0.012487032267120385,-0.007364558723224497,-0.01022163989649041,0.0,-0.1474538337283259,0.018620680854728643,0.02400116254866201,0.09603936272168748,0.3396535623213205,0.0,0.0,0.0,0.0,0.0,0.0,0.08353856816165049,0.0689961584094121,0.1705022029740052,0.023195541492065277,0.043042117810806496,0.003356670820338901,0.4222756295129593,0.009934839634526026,0.19596152024525346,0.25706916691728354,0.2637931631833702,0.020687389473049957,0.5691527244090346,0.5392966030249334,0.604700476463162,0.48710291703842895,-0.012506258263070703,0.0006923415705534118,0.027719400517110485,0.028000571054044892,-0.025137401066316015,0.026403535756722316,0.027526098125657886,0.31303783533323126,0.009377586287306948,-0.029510527302515337
Bwd_IAT_Min,0.002827701862198243,-0.004279344048456953,-0.0016359595131988044,0.026309760897910102,-0.0026595717973454704,-0.000593010142085255,-0.004973567307210747,-0.005140235239210493,-0.006183394175588225,-0.00370523764343356,0.007130468558252403,0.12403521385131687,0.031814209459564285,-0.003078736808121267,-0.08535785721553836,-0.19504068923189408,-0.00038095815982074895,-0.0004587410469324592,-0.001681801280633869,-0.0011730311965400702,-0.004270227096669771,0.00036203281475740714,-0.00028511454212925224,-0.0016737690159714022,-0.001106270492671862,-0.025555788415634894,-0.02310885947426906,-0.022858508582924805,-0.02445810862515306,1.0,-0.007037318298864082,0.0,0.0,0.0,-0.005456262197919436,0.021668810898378923,-0.196079377246171,0.11789818941236681,-0.005234620515616039,-0.004141253010843117,-0.00559048203414893,-0.0030545922297382944,-0.002817505482425384,0.0,-0.0033137350264401647,-0.007037318298864082,0.0,0.002793573358728783,-0.005527732376769882,0.0013392479539182764,0.0,0.2518891038567211,-0.012999910531174268,-0.006183394175588225,0.031814209459564285,-0.005456262197919436,0.0,0.0,0.0,0.0,0.0,0.0,-0.0016359595131988044,-0.0026595717973454704,0.026309760897910102,-0.000593010142085255,-0.0022384585801779513,0.0029571091078882494,-0.006151523328087789,-0.0008696381378437888,-0.009814520547802045,-0.01152511624988701,-0.01212210158046051,-0.0023926391334853116,-0.0004376039958421819,0.00012139661829034954,-0.001070999996509799,-0.0004100184295353059,0.0030867048296467905,-0.001535107731190329,-0.002720081948180968,-0.0026100066914412734,0.0025025924999653813,-0.00242197782460494,-0.002638853412287766,0.0028527887015009617,-0.005201238209679253,0.003642342673851394
Fwd_PSH_Flags,-0.04974343321554404,0.0011758599389698943,0.0013677427121463915,0.0016118992337955293,0.027919084156090464,-2.6633877410460728e-05,0.08287007262278649,0.010419120341242259,0.09940186751639078,0.13754150169091456,0.001943379280845144,0.001006345874158759,0.003817127504100254,0.003335505985655987,0.095678613742657,0.0044178367976714,0.0003987804668272863,0.00659738978601507,0.014066884713605489,0.05055001011960326,0.0007921223869657766,0.00018370783593684768,0.00781008867246915,0.013103955215529706,0.05049860749863395,0.00525772096738064,-0.0029979773092731915,-0.00029932954517258067,0.004578864315177254,-0.007037318298864083,1.0,0.0,0.0,0.0,0.010197735770402326,0.0017594821526028962,0.004686177242404783,-0.01474446098487074,0.004088390377588709,0.04627430318095515,0.08844189391925777,0.07635436953263812,0.039866307567639786,0.0,-0.0005844311804671093,1.0,0.0,-0.4163415308347066,0.5513704255026846,0.023846811656674988,0.0,-0.01778758432553065,0.09529813258522385,0.09940186751639078,0.003817127504100254,0.010197735770402326,0.0,0.0,0.0,0.0,0.0,0.0,0.0013677427121463915,0.027919084156090464,0.0016118992337955293,-2.6633877410460728e-05,-0.004618488308386298,0.01896161133883941,0.003991967630556637,0.18483672212271585,0.0003732391316665163,-0.0026801611471838484,-0.0021289987310952937,0.0032748157760802603,0.017441129973914424,-0.0016327684008333697,0.012272425264839099,0.024825203820355402,-0.0021735290649899366,0.02069890327668299,0.36253045178453386,0.36370086256683387,-0.3594252621269064,0.35441331921911623,0.36268204610304267,0.07382442209799955,0.14106071344775617,-0.33647966665721457
Bwd_PSH_Flags,0.0,0.0,0.0,0.0,0.0,0.0,0.0,0.0,0.0,0.0,0.0,0.0,0.0,0.0,0.0,0.0,0.0,0.0,0.0,0.0,0.0,0.0,0.0,0.0,0.0,0.0,0.0,0.0,0.0,0.0,0.0,1.0,0.0,0.0,0.0,0.0,0.0,0.0,0.0,0.0,0.0,0.0,0.0,0.0,0.0,0.0,0.0,0.0,0.0,0.0,0.0,0.0,0.0,0.0,0.0,0.0,0.0,0.0,0.0,0.0,0.0,0.0,0.0,0.0,0.0,0.0,0.0,0.0,0.0,0.0,0.0,0.0,0.0,0.0,0.0,0.0,0.0,0.0,0.0,0.0,0.0,0.0,0.0,0.0,0.0,0.0,0.0,0.0
Fwd_URG_Flags,0.0,0.0,0.0,0.0,0.0,0.0,0.0,0.0,0.0,0.0,0.0,0.0,0.0,0.0,0.0,0.0,0.0,0.0,0.0,0.0,0.0,0.0,0.0,0.0,0.0,0.0,0.0,0.0,0.0,0.0,0.0,0.0,1.0,0.0,0.0,0.0,0.0,0.0,0.0,0.0,0.0,0.0,0.0,0.0,0.0,0.0,0.0,0.0,0.0,0.0,0.0,0.0,0.0,0.0,0.0,0.0,0.0,0.0,0.0,0.0,0.0,0.0,0.0,0.0,0.0,0.0,0.0,0.0,0.0,0.0,0.0,0.0,0.0,0.0,0.0,0.0,0.0,0.0,0.0,0.0,0.0,0.0,0.0,0.0,0.0,0.0,0.0,0.0
Bwd_URG_Flags,0.0,0.0,0.0,0.0,0.0,0.0,0.0,0.0,0.0,0.0,0.0,0.0,0.0,0.0,0.0,0.0,0.0,0.0,0.0,0.0,0.0,0.0,0.0,0.0,0.0,0.0,0.0,0.0,0.0,0.0,0.0,0.0,0.0,1.0,0.0,0.0,0.0,0.0,0.0,0.0,0.0,0.0,0.0,0.0,0.0,0.0,0.0,0.0,0.0,0.0,0.0,0.0,0.0,0.0,0.0,0.0,0.0,0.0,0.0,0.0,0.0,0.0,0.0,0.0,0.0,0.0,0.0,0.0,0.0,0.0,0.0,0.0,0.0,0.0,0.0,0.0,0.0,0.0,0.0,0.0,0.0,0.0,0.0,0.0,0.0,0.0,0.0,0.0
Fwd_Header_Length,-0.02310031806721718,0.453086890737992,0.20373084299216226,0.9119786633601774,0.321903255455455,0.8410229305549889,0.2894001507967104,0.0036697946248957745,0.0932475172890854,0.20995801688129337,0.34733106442886647,0.05250971116580726,0.38891393250811807,0.29408400253003314,-0.059038345779979455,-0.1420974378135278,0.3423280126041116,0.35856880531365615,0.4082507324401491,0.0016560255976707779,0.45232043889965134,0.36888420298582353,0.36614076314936067,0.40697611555316643,0.0017202684714036967,0.38588116618157103,0.2897522833831114,0.29458776763894684,0.33965356232132055,-0.005456262197919436,0.010197735770402326,0.0,0.0,0.0,1.0,0.9315887039478236,-0.1397513972953472,-0.06713119569331284,-0.00525263673110986,0.3382938756972504,0.28512399238543745,0.34184455811966635,0.34121280843574053,0.0,-0.002192387811123548,0.010197735770402326,0.0,-0.001527420509613112,0.0018427017514106288,-0.01018627467067584,0.0,-0.09490728736293241,0.2149555685322931,0.0932475172890854,0.38891393250811807,1.0,0.0,0.0,0.0,0.0,0.0,0.0,0.20373084299216226,0.321903255455455,0.9119786633601774,0.8410229305549889,0.19855457253837305,0.0224345109952061,0.7926624035587176,0.11876513630680499,0.19306060358573232,0.19308944192722177,0.20887717614000195,0.08088707135688471,0.40845543912868587,0.3147727338613385,0.4066924098592098,0.3864749024838666,0.0025641347234559714,0.00702048566986405,0.13231686220747507,0.13158625588600614,-0.12396056187806631,0.12280658509901773,0.13044815736650245,0.21996291684507224,0.048066810058698256,-0.13095717134217744
Bwd_Header_Length,-0.018930616601105787,0.14412453942894035,0.18535772253105195,0.9735582553481817,0.2693480891572527,0.9447732511742378,0.23785050308196368,-0.004966061005030566,0.05769687487077787,0.15532213805573497,0.29705357659338716,0.0626042493815672,0.3694850276046763,0.23860242864766887,-0.04882116025808082,-0.11174552289857168,0.06687646290703918,0.0864981776781371,0.13179630986555077,-0.0006341415369109052,0.14318930986465586,0.088300365272466,0.09583377701128593,0.1301065126126819,-0.0006159281532283168,0.19139720892313722,0.10533853351801122,0.10949171969908843,0.14855449322566572,0.021668810898378927,0.0017594821526028962,0.0,0.0,0.0,0.9315887039478236,1.0,-0.11164455373085146,0.03321842999524632,-0.00745640949776642,0.2827113317609876,0.2617578972088867,0.2916438959826531,0.3069702830537196,0.0,-0.001706690745095791,0.0017594821526028962,0.0,-0.007802903229762615,0.006089818916974952,0.006493002518750164,0.0,0.07744442367259571,0.20028799529741012,0.05769687487077787,0.3694850276046763,0.9315887039478236,0.0,0.0,0.0,0.0,0.0,0.0,0.18535772253105195,0.2693480891572527,0.9735582553481817,0.9447732511742378,0.15717971951863677,0.02560041502253199,0.6591480357693014,0.09316307165667727,0.11016629100506486,0.08782481065783257,0.10033591983849854,0.06883360187450759,0.1367444263367938,0.08833359650748955,0.13116277595983775,0.13816599498013565,0.005618390407424581,0.007021319655899857,0.11110325867256608,0.11041012939924016,-0.10591200260203498,0.10524795786814323,0.11041546114105946,0.07428188535573955,0.03815505578222987,-0.10883677189816549
Fwd_Packets_s,0.007831085217578124,-0.30209830569507695,-0.03492832651182111,-0.13118249216773792,-0.02375083547622904,-0.004754779234781441,-0.027942376909843268,-0.006445866431106142,-0.016767619154734067,-0.024237199735141962,-0.06388834250278518,-0.3914594491896506,-0.1334977393570711,-0.03185096334981603,0.4162782066633698,0.9998171918130623,-0.2940930767918578,-0.29939261646758564,-0.2985999927797623,-0.00457487275306135,-0.3019534804806659,-0.3050416627185121,-0.3001253122998236,-0.2984472679703311,-0.004456648225561831,-0.19658910766032006,-0.19437190437278204,-0.19247116132712466,-0.19686416670960225,-0.19607937724617097,0.004686177242404783,0.0,0.0,0.0,-0.1397513972953472,-0.11164455373085146,1.0,-0.3507849185996114,-0.005915750268982206,-0.03414474626662546,-0.02547893069283233,-0.033947819472782505,-0.025169773669351483,0.0,0.010521495178228117,0.004686177242404783,0.0,0.04344824469508145,-0.020792076250550243,-0.03464066738583239,0.0,-0.6219307632222218,0.006643432929748803,-0.016767619154734067,-0.1334977393570711,-0.1397513972953472,0.0,0.0,0.0,0.0,0.0,0.0,-0.03492832651182111,-0.02375083547622904,-0.13118249216773792,-0.004754779234781441,-0.0035988307266794166,-0.023656401080887048,-0.1749367822637612,-0.03403223177773859,-0.08006668468820279,-0.09573884095797702,-0.09749796575674226,-0.015871250766914032,-0.29438773804204166,-0.24804345012106485,-0.2958656047973839,-0.27322363619254625,-0.03864880683061949,0.00206859065228106,-0.05964596037584468,-0.06021331386126744,0.05888171973600525,-0.06012433362282782,-0.06033635923529687,-0.17151129851106792,-0.011253240254996008,0.05717835945617019
Bwd_Packets_s,0.00810726778370627,-0.14437044792164627,-0.016848624777809126,0.04099983453930941,-0.011834071354821715,-0.0018637946837175257,-0.01792341489234242,-0.014883696637983876,-0.019343228776891652,-0.014137241008573028,0.0021804294966446926,0.2044516756889156,0.04438010801887348,-0.015128906516555473,-0.14824266521437046,-0.33281554299175314,-0.1405398416462054,-0.14307268857591612,-0.14269604786926446,-0.0021877590447431606,-0.14430317536126233,-0.14577821557043483,-0.14342986572502392,-0.14262738909558348,-0.0020999333848215175,-0.09394889806457918,-0.09288914441643752,-0.09198156226611218,-0.09408052453944718,0.11789818941236681,-0.014744460984870743,0.0,0.0,0.0,-0.06713119569331283,0.033218429995246324,-0.3507849185996114,1.0,-0.01516624851239933,-0.018705366486410246,-0.021617447090737738,-0.017245448890109302,-0.012656597246850492,0.0,0.0006899389796568779,-0.014744460984870743,0.0,-0.009394284768193619,0.034283903737743135,0.06381903843708969,0.0,0.5694128256585698,-0.032453664403189524,-0.019343228776891652,0.04438010801887348,-0.06713119569331283,0.0,0.0,0.0,0.0,0.0,0.0,-0.016848624777809126,-0.011834071354821715,0.04099983453930941,-0.0018637946837175257,-0.012294877921671379,0.00031520840438899623,-0.08442567726805719,0.027100589728867197,-0.038262666339655055,-0.04575316618276914,-0.04659353189400142,-0.007583477909755059,-0.14068768564429676,-0.11853988776016235,-0.14139397773208529,-0.13057333401169807,-0.023622926340653744,-0.010073016812397605,0.005878825645268864,0.004128605981693545,0.002600283393837841,0.000475851332040725,0.004480795873195684,-0.05772480888446663,-0.0012614096923456658,-0.014083871061894578
Min_Packet_Length,-0.01126240178102915,-0.010462243686406704,-0.0028489194275558576,-0.007729089224603707,0.04841079159276149,-0.0022279199546640866,0.2744840341740057,0.970213152409907,0.8058552513080164,-0.013127480490302084,-0.009616925859799874,0.08546227150241423,0.010268915133225235,-0.01694286896312287,0.7300916495816473,-0.006266697632905806,-0.004092726588034347,-0.011233513635606526,-0.01106626145587987,0.09445319893272293,-0.010392313923143055,-0.006295345676927055,-0.011568199778369124,-0.010985444806694228,0.09443047474860734,-0.011634880064233626,-0.007859985945069368,-0.008183908967211098,-0.009332599121194848,-0.005234620515616038,0.004088390377588709,0.0,0.0,0.0,-0.00525263673110986,-0.007456409497766419,-0.005915750268982206,-0.015166248512399326,1.0,0.1482215491336706,0.6558953989381209,-0.007199705999558741,-0.01208677129211717,0.0,0.00244003573338908,0.004088390377588709,0.0,-0.3563615492291129,-0.008642868778987628,-0.005146106071531239,0.0,-0.013248907264739537,0.7719518327740751,0.8058552513080164,0.010268915133225235,-0.00525263673110986,0.0,0.0,0.0,0.0,0.0,0.0,-0.0028489194275558576,0.04841079159276149,-0.007729089224603707,-0.0022279199546640866,-0.1819315972542814,-0.008887281928544327,-0.008124607987166497,0.271282434153272,0.012050627532828654,-0.00216691242466748,0.0026603462403604738,0.019903154399542055,-0.012702810428594478,-0.008132247093752466,-0.011784314743111913,-0.013073431561114991,0.5677831437485101,0.03539548003099048,0.2678646135175667,0.2468303641343178,-0.20840941543813096,0.2854558450982346,0.2713758410551885,0.039657656970474825,0.1092718456733585,-0.35864391244468924
Max_Packet_Length,-0.06519869200405866,0.10335501222195384,0.0619436029320219,0.26042766423860403,0.4489990099689992,0.16778476191793712,0.8116569695275528,0.1633849701327529,0.4929851764582633,0.7566733375248895,0.9506118050521356,0.052590253946870544,0.8133573473532942,0.9224716042809566,0.13317983214916163,-0.03476497531353824,0.004707514808248986,0.03732396278804556,0.10427506297651845,0.01991095766043149,0.10207729755261875,0.013269491390408436,0.05030109727620683,0.10269713706608471,0.019910074545492183,0.19188536325371994,0.017235333675971777,0.040424155789999736,0.0959375864308651,-0.004141253010843117,0.04627430318095515,0.0,0.0,0.0,0.3382938756972504,0.2827113317609876,-0.03414474626662546,-0.018705366486410246,0.1482215491336706,1.0,0.7428717353152272,0.9563145945634166,0.8817550630149767,0.0,-4.976879289585674e-05,0.04627430318095515,0.0,-0.11100718964299253,0.04634954185893345,0.018059912565247246,0.0,0.016506498956815073,0.6411742881317429,0.4929851764582633,0.8133573473532942,0.3382938756972504,0.0,0.0,0.0,0.0,0.0,0.0,0.0619436029320219,0.4489990099689992,0.26042766423860403,0.16778476191793712,0.36956028339155117,0.11029816943156759,0.21231311389736165,0.28003023692972295,0.06425964351610736,0.02632030057457529,0.03871255415616354,0.06631404027101961,0.1337816138681842,0.010591948714711322,0.10179939439983626,0.17330160971201816,0.11879862737722086,0.03589961198160827,0.41973447206935816,0.4193381274059025,-0.4041757524990808,0.4068234686401937,0.42100904812411655,0.08350399321709534,0.16545969226465615,-0.4103319169256938
Packet_Length_Mean,-0.049601892393333846,0.04462129350727301,0.05115512556253975,0.24062610063471307,0.38694798768613803,0.1995223347635619,0.6797553484184932,0.6747869812288656,0.8282911745260627,0.5158507916269425,0.6055939395575288,0.12769690535669184,0.6701108170545055,0.5940387875062098,0.5507503949524859,-0.026098135429063855,-0.0030855793472680548,0.009574987345215745,0.04947849572107841,0.06880411552580232,0.04350121039718112,-0.0006149058783071013,0.015930509349384718,0.047856288857128115,0.06878897715908527,0.09005994569090799,0.0011699629753042285,0.013297096307319777,0.04590817266077923,-0.005590482034148931,0.08844189391925777,0.0,0.0,0.0,0.2851239923854375,0.2617578972088867,-0.025478930692832333,-0.021617447090737738,0.6558953989381209,0.7428717353152272,1.0,0.7008801090831245,0.699102700381779,0.0,0.0014302742675183014,0.08844189391925777,0.0,-0.3221152914066045,0.07003188067783922,0.022294265677677248,0.0,0.012660492305558825,0.9816586732955264,0.8282911745260627,0.6701108170545055,0.2851239923854375,0.0,0.0,0.0,0.0,0.0,0.0,0.05115512556253975,0.38694798768613803,0.24062610063471307,0.1995223347635619,0.12206474350620881,0.0758510726978875,0.16495454388147504,0.34919301763056737,0.051776353264301585,0.015800300493676152,0.027130800847286807,0.05909815012879195,0.06549044047854664,-0.0033698186127144843,0.04727130764987416,0.08885661837131373,0.4208476966250173,0.041470004216431065,0.45259025078588516,0.4410352092755098,-0.40963574149449655,0.45361050740275316,0.456222283459924,0.08254583015288221,0.17998551633340734,-0.4947694794123658
Packet_Length_Std,-0.06569674595850296,0.09090257875311954,0.0625052820398326,0.2673067423132654,0.45826489295573286,0.18433518817349118,0.7631930839089422,0.016679152402182835,0.39769235901445127,0.787208197324513,0.9188007433160416,0.08399996057319009,0.8688029817737918,0.9268439667408188,0.05219014955145056,-0.034536866016679255,0.00280324346328662,0.032282416197429505,0.09246587564413052,0.010719784371596418,0.08948379366767005,0.01040313390250805,0.043636184177023155,0.09057947904227025,0.010719799814330924,0.16998842127614794,0.014662369786176742,0.03498333685703591,0.08486759145476026,-0.0030545922297382944,0.07635436953263812,0.0,0.0,0.0,0.34184455811966635,0.2916438959826531,-0.033947819472782505,-0.017245448890109306,-0.007199705999558741,0.9563145945634166,0.7008801090831245,1.0,0.9454205825975007,0.0,-0.0003442247558895676,0.07635436953263812,0.0,-0.09303592781993757,0.07241184015497461,0.028400162145250082,0.0,0.020529606426786213,0.5776699392911119,0.39769235901445127,0.8688029817737918,0.34184455811966635,0.0,0.0,0.0,0.0,0.0,0.0,0.0625052820398326,0.45826489295573286,0.2673067423132654,0.18433518817349118,0.3850265997382369,0.12940615390636362,0.20863068329956572,0.2511648863412962,0.05903828448750999,0.024223860017245958,0.03610726130864346,0.061493705414863827,0.11892920371700103,0.0074168699316147285,0.08986967457765824,0.15499513766152767,0.05965313587659265,0.030410812515110134,0.40292603919904,0.4061955121013566,-0.39752774117819295,0.3887302769519425,0.40509541652877157,0.08252689307342757,0.15740402471974763,-0.3785894668998027
Packet_Length_Variance,-0.0468859418142754,0.06795301295592089,0.06281781836073806,0.2829429758229824,0.4853317136708676,0.22622185515513074,0.6859150891388661,0.017871268148419665,0.3764282155001857,0.7142078086978916,0.8374638202909371,0.023864106589938098,0.8636685083211129,0.8456736819548633,0.04439954838541001,-0.025603861259912902,0.0007043281418529804,0.0222194832936874,0.07044157236674817,0.004430724786251735,0.06634546716470548,0.00582508202381166,0.03018350874940975,0.0679794096363584,0.004432831174132804,0.12722373626852343,0.00894890377455869,0.02431082012834877,0.06497367834195486,-0.0028175054824253836,0.039866307567639786,0.0,0.0,0.0,0.34121280843574053,0.30697028305371954,-0.025169773669351483,-0.01265659724685049,-0.01208677129211717,0.8817550630149767,0.6991027003817789,0.9454205825975007,1.0,0.0,-0.0004555453035334642,0.039866307567639786,0.0,-0.04294802573063641,0.05410919234496357,0.026679234720491263,0.0,0.017153674426559826,0.5723102633624038,0.3764282155001857,0.8636685083211129,0.34121280843574053,0.0,0.0,0.0,0.0,0.0,0.0,0.06281781836073806,0.4853317136708676,0.2829429758229824,0.22622185515513074,0.3255827644962794,0.12305262453911711,0.20271925428883916,0.1827938104237359,0.050386253430146334,0.01873679240447428,0.029582580921775428,0.054970824796499194,0.0903607805230473,0.006335896310294712,0.06857128737000137,0.1174212903885805,0.0031826994904982147,0.020459418041969938,0.2970268138886573,0.2987874980126222,-0.28796830777670085,0.2804791141448854,0.2969188327846553,0.059757225483779354,0.11668800618950939,-0.2820774343615015
FIN_Flag_Count,0.0,0.0,0.0,0.0,0.0,0.0,0.0,0.0,0.0,0.0,0.0,0.0,0.0,0.0,0.0,0.0,0.0,0.0,0.0,0.0,0.0,0.0,0.0,0.0,0.0,0.0,0.0,0.0,0.0,0.0,0.0,0.0,0.0,0.0,0.0,0.0,0.0,0.0,0.0,0.0,0.0,0.0,0.0,1.0,0.0,0.0,0.0,0.0,0.0,0.0,0.0,0.0,0.0,0.0,0.0,0.0,0.0,0.0,0.0,0.0,0.0,0.0,0.0,0.0,0.0,0.0,0.0,0.0,0.0,0.0,0.0,0.0,0.0,0.0,0.0,0.0,0.0,0.0,0.0,0.0,0.0,0.0,0.0,0.0,0.0,0.0,0.0,0.0
SYN_Flag_Count,0.0003934267552606388,-0.005187063095687799,-0.0005479652996634863,-0.0020241665385914314,-0.00025796964084294374,-7.928471789672534e-05,0.00025285423936218676,0.0025009502622607795,0.0018386174825954231,-0.0005155829770622813,-0.0008931846729270521,-0.005930142626307015,-0.0017691575283692508,-0.00028260663813922616,0.008611844723275162,0.010609015748778702,-0.005044561731926525,-0.005134777232837153,-0.00512350518792539,-7.783378755074215e-05,-0.005186798853153782,-0.005239819469068775,-0.0051553989543549625,-0.005126565526720054,-7.582451432523844e-05,-0.003375531398855768,-0.0033355352820389583,-0.003303483816078246,-0.0033797754114261672,-0.003313735026440165,-0.0005844311804671093,0.0,0.0,0.0,-0.002192387811123548,-0.001706690745095791,0.010521495178228119,0.0006899389796568779,0.0024400357333890805,-4.9768792895856734e-05,0.0014302742675183014,-0.0003442247558895676,-0.0004555453035334642,0.0,1.0,-0.0005844311804671093,0.0,-0.16388684386962135,0.19570325228284355,-0.0007661452354548598,0.0,-0.00963316118759689,0.0022130837532620233,0.0018386174825954231,-0.0017691575283692508,-0.002192387811123548,0.0,0.0,0.0,0.0,0.0,0.0,-0.0005479652996634863,-0.00025796964084294374,-0.0020241665385914314,-7.928471789672534e-05,-0.07912473138372021,-0.00020539144447098763,-0.004370818156719354,-0.0008882888340725142,-0.001375346977509675,-0.0016445529091060486,-0.0016747711733966408,-0.00027263201452859765,-0.005056841921957852,-0.004260763370049014,-0.0050822279363956935,-0.004693295846264305,-0.0008555783945116598,-0.0029960397354146908,0.02522529312783615,0.025985596192614747,-0.024530699295429642,0.02132766713356511,0.024816828497819066,0.004700317396057919,0.05814388459391932,-0.022294414743890302
RST_Flag_Count,-0.04974343321554404,0.0011758599389698943,0.0013677427121463915,0.0016118992337955293,0.027919084156090464,-2.6633877410460728e-05,0.08287007262278649,0.010419120341242259,0.09940186751639078,0.13754150169091456,0.001943379280845144,0.001006345874158759,0.003817127504100254,0.003335505985655987,0.095678613742657,0.0044178367976714,0.0003987804668272863,0.00659738978601507,0.014066884713605489,0.05055001011960326,0.0007921223869657766,0.00018370783593684768,0.00781008867246915,0.013103955215529706,0.05049860749863395,0.00525772096738064,-0.0029979773092731915,-0.00029932954517258067,0.004578864315177254,-0.007037318298864083,1.0,0.0,0.0,0.0,0.010197735770402326,0.0017594821526028962,0.004686177242404783,-0.01474446098487074,0.004088390377588709,0.04627430318095515,0.08844189391925777,0.07635436953263812,0.039866307567639786,0.0,-0.0005844311804671093,1.0,0.0,-0.4163415308347066,0.5513704255026846,0.023846811656674988,0.0,-0.01778758432553065,0.09529813258522385,0.09940186751639078,0.003817127504100254,0.010197735770402326,0.0,0.0,0.0,0.0,0.0,0.0,0.0013677427121463915,0.027919084156090464,0.0016118992337955293,-2.6633877410460728e-05,-0.004618488308386298,0.01896161133883941,0.003991967630556637,0.18483672212271585,0.0003732391316665163,-0.0026801611471838484,-0.0021289987310952937,0.0032748157760802603,0.017441129973914424,-0.0016327684008333697,0.012272425264839099,0.024825203820355402,-0.0021735290649899366,0.02069890327668299,0.36253045178453386,0.36370086256683387,-0.3594252621269064,0.35441331921911623,0.36268204610304267,0.07382442209799955,0.14106071344775617,-0.33647966665721457
PSH_Flag_Count,0.0,0.0,0.0,0.0,0.0,0.0,0.0,0.0,0.0,0.0,0.0,0.0,0.0,0.0,0.0,0.0,0.0,0.0,0.0,0.0,0.0,0.0,0.0,0.0,0.0,0.0,0.0,0.0,0.0,0.0,0.0,0.0,0.0,0.0,0.0,0.0,0.0,0.0,0.0,0.0,0.0,0.0,0.0,0.0,0.0,0.0,1.0,0.0,0.0,0.0,0.0,0.0,0.0,0.0,0.0,0.0,0.0,0.0,0.0,0.0,0.0,0.0,0.0,0.0,0.0,0.0,0.0,0.0,0.0,0.0,0.0,0.0,0.0,0.0,0.0,0.0,0.0,0.0,0.0,0.0,0.0,0.0,0.0,0.0,0.0,0.0,0.0,0.0
ACK_Flag_Count,0.07979670979651074,0.008611649360650826,-0.01775672382348768,-0.008304314580522285,-0.05302003685336078,-0.0006426720152755767,-0.14728629070840688,-0.3543813155616864,-0.3425722037308654,-0.06790558182713877,-0.0442319642722899,-0.4020685106964748,-0.1290626376145497,-0.014633228178626483,-0.24219932928373053,0.04355967791836602,0.015063895358809167,0.014135840110237479,0.009817635354303486,-0.055429911810352964,0.008903824136944656,0.017800800439978188,0.01450185793469762,0.01056616291353886,-0.05363747642873781,0.004539327145099327,0.015895566549798946,0.014875461451329317,0.012487032267120385,0.002793573358728783,-0.4163415308347066,0.0,0.0,0.0,-0.0015274205096131122,-0.007802903229762615,0.043448244695081455,-0.009394284768193619,-0.35636154922911295,-0.11100718964299251,-0.3221152914066045,-0.09303592781993757,-0.04294802573063641,0.0,-0.16388684386962135,-0.4163415308347066,0.0,1.0,-0.754711369594213,-0.5457923718512679,0.0,-0.0895333550106516,-0.35242406464469767,-0.3425722037308654,-0.1290626376145497,-0.0015274205096131122,0.0,0.0,0.0,0.0,0.0,0.0,-0.01775672382348768,-0.05302003685336078,-0.008304314580522285,-0.0006426720152755767,0.27888217429283946,-0.1069924642518547,0.012698691625912119,-0.47032994379662485,-0.01971434462633789,-0.001857374238807043,-0.010636170907509896,-0.025300469675033795,0.008420427270238047,0.014816441877046772,0.011113615588927987,0.0036978855471367666,-0.6095034461292229,-0.017763286151553852,-0.8423715855481481,-0.8434851016150239,0.8349483388425012,-0.8432673457533908,-0.8487288564718471,-0.1718105956101541,-0.33799149827568126,0.7989056513298194
URG_Flag_Count,-0.034628085626524516,-0.01326784529451381,-0.0012078589626973793,0.004139803165605141,0.04277238145475921,0.0004526114907309,0.05782483956426806,0.002979227166037491,0.06404265894162738,0.09133042060710488,0.015608914825601542,0.0004594448466351463,0.024931812950784785,0.0207456092764525,0.04157186980297447,-0.0202371958743324,-0.012598298311232952,-0.011200419268907922,-0.006903654251514393,0.06272439091326384,-0.013596468391969981,-0.013806302151705396,-0.010901286638758537,-0.007734511040460091,0.060356652513189724,-0.0038943713492144744,-0.010936041045396033,-0.009767003537548778,-0.007364558723224497,-0.005527732376769882,0.5513704255026846,0.0,0.0,0.0,0.0018427017514106288,0.006089818916974952,-0.020792076250550243,0.034283903737743135,-0.008642868778987628,0.04634954185893345,0.07003188067783922,0.07241184015497461,0.05410919234496357,0.0,0.19570325228284358,0.5513704255026846,0.0,-0.754711369594213,1.0,0.7228050771212144,0.0,0.07797491064505183,0.06908819488084646,0.06404265894162738,0.024931812950784785,0.0018427017514106288,0.0,0.0,0.0,0.0,0.0,0.0,-0.0012078589626973793,0.04277238145475921,0.004139803165605141,0.0004526114907309,-0.09451122628465097,0.14256931090477326,-0.010557060974226698,0.3945297286335054,-0.004045297220060442,-0.006726889015210484,-0.0064485630355973975,0.0011673537203531674,-0.005309615542979826,-0.014476321510182475,-0.008557563815430734,0.00024096268585876662,-0.00394204869259759,-0.02206908592005096,0.6442828786630168,0.6482657582931536,-0.6354026218554075,0.6194378785759713,0.6414695498252355,0.13182380057769916,0.2680467030274541,-0.5987144207584412
CWE_Flag_Count,-0.0007607904412398653,-0.01630117382901,-0.0032938692573017507,0.004543724664403073,-0.0015056827028507261,0.0006552767818739226,-0.0007875724246849895,-0.0012477192138597682,0.00011817269080200794,0.0008516461764429458,0.019065174274322305,-0.002323593084093092,0.031073039989795055,0.02548672817338977,-0.016591475277414565,-0.03357940398150512,-0.010274792263082727,-0.01506288394527255,-0.01458336237842234,0.08681533174069049,-0.016725633836316225,-0.013384871602096336,-0.016534207772244857,-0.015676511744227205,0.08354103008488349,-0.010469734931276778,-0.009667253649327445,-0.009707626107297668,-0.010221639896490409,0.0013392479539182764,0.023846811656674984,0.0,0.0,0.0,-0.01018627467067584,0.006493002518750163,-0.03464066738583239,0.06381903843708968,-0.005146106071531239,0.018059912565247246,0.02229426567767725,0.02840016214525008,0.02667923472049126,0.0,-0.0007661452354548598,0.023846811656674984,0.0,-0.5457923718512679,0.7228050771212143,1.0,0.0,0.13622645924773547,0.01928799452784553,0.00011817269080200794,0.031073039989795055,-0.01018627467067584,0.0,0.0,0.0,0.0,0.0,0.0,-0.0032938692573017507,-0.0015056827028507261,0.004543724664403073,0.0006552767818739226,-0.10300693814526901,0.1929593928683089,-0.017983165276678918,0.34589577172985536,-0.004580249667966281,-0.005476854710863454,-0.005577463948497872,-0.000907836786975805,-0.01637847503603828,-0.014189620659764838,-0.016580669045978026,-0.015017578758767925,-0.0028493328092686894,-0.045494382017118466,0.49303118489363623,0.49731723200437494,-0.48409267554666896,0.4679374899442798,0.4899467063657627,0.10120381964581639,0.2002171476840656,-0.4606696574406998
ECE_Flag_Count,0.0,0.0,0.0,0.0,0.0,0.0,0.0,0.0,0.0,0.0,0.0,0.0,0.0,0.0,0.0,0.0,0.0,0.0,0.0,0.0,0.0,0.0,0.0,0.0,0.0,0.0,0.0,0.0,0.0,0.0,0.0,0.0,0.0,0.0,0.0,0.0,0.0,0.0,0.0,0.0,0.0,0.0,0.0,0.0,0.0,0.0,0.0,0.0,0.0,0.0,1.0,0.0,0.0,0.0,0.0,0.0,0.0,0.0,0.0,0.0,0.0,0.0,0.0,0.0,0.0,0.0,0.0,0.0,0.0,0.0,0.0,0.0,0.0,0.0,0.0,0.0,0.0,0.0,0.0,0.0,0.0,0.0,0.0,0.0,0.0,0.0,0.0,0.0
Down_Up_Ratio,-0.007230728110042409,-0.23543694940694038,-0.024943508833612765,0.08949448010715184,-0.002840892142884093,0.006290046132255031,0.006046692248849342,-0.0122128085546038,-0.008586765393234365,0.005939786018995326,0.05247677156558729,0.42211639623967123,0.13783120602450333,0.013449109728099026,-0.2693105013147671,-0.6146453952868951,-0.2344909533059164,-0.235017227495011,-0.22944887544361886,-0.003255327226014738,-0.23649259353060043,-0.24160838165435075,-0.23494088091452514,-0.23107240348287436,-0.003427567919733971,-0.13988302888201448,-0.1499337120431433,-0.14805962055678112,-0.14745383372832593,0.2518891038567211,-0.01778758432553065,0.0,0.0,0.0,-0.09490728736293241,0.07744442367259571,-0.621930763222222,0.5694128256585698,-0.013248907264739535,0.016506498956815076,0.012660492305558825,0.020529606426786213,0.017153674426559826,0.0,-0.00963316118759689,-0.01778758432553065,0.0,-0.08953335501065159,0.07797491064505181,0.13622645924773544,0.0,1.0,-0.01309296034092447,-0.008586765393234365,0.13783120602450333,-0.09490728736293241,0.0,0.0,0.0,0.0,0.0,0.0,-0.024943508833612765,-0.002840892142884093,0.08949448010715184,0.006290046132255031,-0.017839567319203088,0.08495986161852827,-0.13020438008985283,0.08276797843855463,-0.04363246556734271,-0.06899075071126402,-0.06643959532974505,0.008798521075878696,-0.22595058415038902,-0.19439362409896868,-0.22864448112998972,-0.2071477408915458,0.04880748007460896,-0.00039131376032384757,0.09433551846501073,0.09620741520636589,-0.09850983619198159,0.0950544173994552,0.0957662133170926,-0.07396758343022222,0.02199419675330736,-0.08125297360945688
Average_Packet_Size,-0.041930324977085306,0.009674009705561905,0.03748231680837792,0.18241124914449816,0.32028374106767094,0.15710212486018954,0.6251834326905265,0.7801733491669921,0.8791007309926558,0.437784200816702,0.48424148547004625,0.10642886356600285,0.5376231056705086,0.47617222459140734,0.6645931308342379,0.006027172777685575,-0.024955314535569085,-0.016700327387250462,0.014824890947275496,0.07799109158388162,0.008787574464785858,-0.024676051347787723,-0.011870037877740927,0.01352973173399262,0.07796715675898704,0.053596153252141766,-0.016589279220497653,-0.006761211185587771,0.018620680854728643,-0.012999910531174268,0.09529813258522385,0.0,0.0,0.0,0.2149555685322931,0.20028799529741015,0.006643432929748803,-0.032453664403189524,0.7719518327740752,0.6411742881317429,0.9816586732955263,0.5776699392911119,0.5723102633624036,0.0,0.0022130837532620233,0.09529813258522385,0.0,-0.35242406464469767,0.06908819488084646,0.01928799452784553,0.0,-0.01309296034092447,1.0,0.8791007309926558,0.5376231056705086,0.2149555685322931,0.0,0.0,0.0,0.0,0.0,0.0,0.03748231680837792,0.32028374106767094,0.18241124914449816,0.15710212486018954,0.05967692742428255,0.05995730283282861,0.11566236696781305,0.3515895661816618,0.034620338923797164,0.003726789679446794,0.012843635576382439,0.046794740687271255,0.02780301856692363,-0.023812633164240028,0.012896145605710127,0.048554935427367524,0.4692797613004487,0.04156886857662496,0.43512710972102503,0.42086743409163946,-0.38610314038607724,0.44008521208315216,0.439285413048516,0.06590037030932884,0.17396157400935808,-0.49127493358736435
Avg_Fwd_Segment_Size,-0.03135935352778978,0.02581904591085099,0.015751386077986918,0.05508899189325883,0.47510192428104986,0.015965619923044995,0.6994010328150077,0.843439608642841,1.0,0.5173311341765949,0.25927488070779336,0.0668501364219113,0.2067269454857692,0.25818656689233305,0.6602103382915611,-0.0172795900551947,-0.0014627900408911878,0.003888230260898275,0.026243652166878847,0.08906558569178713,0.02524679587664656,-0.00045536221517406114,0.007721704171314895,0.025244937902272148,0.08904194394460534,0.05433276040534291,-0.0001378408646326378,0.0071574261205915694,0.024001162548662015,-0.0061833941755882246,0.0994018675163908,0.0,0.0,0.0,0.0932475172890854,0.05769687487077787,-0.016767619154734067,-0.019343228776891652,0.8058552513080164,0.4929851764582633,0.8282911745260627,0.3976923590144512,0.37642821550018574,0.0,0.001838617482595423,0.0994018675163908,0.0,-0.3425722037308654,0.06404265894162739,0.00011817269080200794,0.0,-0.008586765393234367,0.8791007309926558,1.0,0.2067269454857692,0.0932475172890854,0.0,0.0,0.0,0.0,0.0,0.0,0.015751386077986918,0.47510192428104986,0.05508899189325883,0.015965619923044995,-0.014537524435678892,0.0887335485602192,0.06936378360989323,0.3175975506869348,0.035390846146536085,0.010356472633796661,0.019130999809366982,0.04085020684867062,0.032321722862840414,0.002297379853348991,0.024476979615374,0.042553713373409366,0.4600904686756242,0.03672489246299904,0.38438871544653525,0.3706181688651082,-0.33668378826861595,0.391370454099686,0.38959721530908664,0.06666097672793152,0.15407044669029668,-0.4453294437495651
Avg_Bwd_Segment_Size,-0.06583998457672002,0.0983626983236717,0.07178354616690608,0.3425228761110573,0.25476006616668356,0.27368223899590743,0.4758196068000938,0.011303856819964738,0.20672694548576923,0.44845918238422816,0.8656847475456444,0.2758361637169227,1.0,0.8566686160765447,-0.05829528668864285,-0.13352333534541364,0.02359301245717544,0.04928409967088039,0.10279163716610694,-0.0007627441321910637,0.09692021447423979,0.035176439764764804,0.059430893841937435,0.1007946771979656,-0.0007677407919314127,0.15015844811183535,0.038036162365406044,0.05336713149650769,0.09603936272168748,0.03181420945956429,0.003817127504100254,0.0,0.0,0.0,0.3889139325081181,0.3694850276046762,-0.1334977393570711,0.04438010801887348,0.010268915133225235,0.8133573473532942,0.6701108170545055,0.8688029817737919,0.8636685083211129,0.0,-0.0017691575283692508,0.003817127504100254,0.0,-0.1290626376145497,0.02493181295078479,0.031073039989795055,0.0,0.1378312060245033,0.5376231056705086,0.20672694548576923,1.0,0.3889139325081181,0.0,0.0,0.0,0.0,0.0,0.0,0.07178354616690608,0.25476006616668356,0.3425228761110573,0.27368223899590743,0.2942009209077222,0.0703026285657867,0.22939272472495903,0.23280373980431854,0.06079318148249576,0.03176358032617199,0.04169552623281139,0.05595977781591315,0.12431176682065645,0.02817476297660847,0.10097077160315966,0.1510915276958465,0.17241836018583973,0.033384311907383536,0.3724949848334421,0.3737625740368136,-0.367272267547825,0.3646456989042489,0.3741427712053492,0.09617730698259065,0.1434248041718576,-0.3501211997558219
Fwd_Header_Length_2,-0.02310031806721718,0.453086890737992,0.20373084299216226,0.9119786633601774,0.321903255455455,0.8410229305549889,0.2894001507967104,0.0036697946248957745,0.0932475172890854,0.20995801688129337,0.34733106442886647,0.05250971116580726,0.38891393250811807,0.29408400253003314,-0.059038345779979455,-0.1420974378135278,0.3423280126041116,0.35856880531365615,0.4082507324401491,0.0016560255976707779,0.45232043889965134,0.36888420298582353,0.36614076314936067,0.40697611555316643,0.0017202684714036967,0.38588116618157103,0.2897522833831114,0.29458776763894684,0.33965356232132055,-0.005456262197919436,0.010197735770402326,0.0,0.0,0.0,1.0,0.9315887039478236,-0.1397513972953472,-0.06713119569331284,-0.00525263673110986,0.3382938756972504,0.28512399238543745,0.34184455811966635,0.34121280843574053,0.0,-0.002192387811123548,0.010197735770402326,0.0,-0.001527420509613112,0.0018427017514106288,-0.01018627467067584,0.0,-0.09490728736293241,0.2149555685322931,0.0932475172890854,0.38891393250811807,1.0,0.0,0.0,0.0,0.0,0.0,0.0,0.20373084299216226,0.321903255455455,0.9119786633601774,0.8410229305549889,0.19855457253837305,0.0224345109952061,0.7926624035587176,0.11876513630680499,0.19306060358573232,0.19308944192722177,0.20887717614000195,0.08088707135688471,0.40845543912868587,0.3147727338613385,0.4066924098592098,0.3864749024838666,0.0025641347234559714,0.00702048566986405,0.13231686220747507,0.13158625588600614,-0.12396056187806631,0.12280658509901773,0.13044815736650245,0.21996291684507224,0.048066810058698256,-0.13095717134217744
Fwd_Avg_Bytes_Bulk,0.0,0.0,0.0,0.0,0.0,0.0,0.0,0.0,0.0,0.0,0.0,0.0,0.0,0.0,0.0,0.0,0.0,0.0,0.0,0.0,0.0,0.0,0.0,0.0,0.0,0.0,0.0,0.0,0.0,0.0,0.0,0.0,0.0,0.0,0.0,0.0,0.0,0.0,0.0,0.0,0.0,0.0,0.0,0.0,0.0,0.0,0.0,0.0,0.0,0.0,0.0,0.0,0.0,0.0,0.0,0.0,1.0,0.0,0.0,0.0,0.0,0.0,0.0,0.0,0.0,0.0,0.0,0.0,0.0,0.0,0.0,0.0,0.0,0.0,0.0,0.0,0.0,0.0,0.0,0.0,0.0,0.0,0.0,0.0,0.0,0.0,0.0,0.0
Fwd_Avg_Packets_Bulk,0.0,0.0,0.0,0.0,0.0,0.0,0.0,0.0,0.0,0.0,0.0,0.0,0.0,0.0,0.0,0.0,0.0,0.0,0.0,0.0,0.0,0.0,0.0,0.0,0.0,0.0,0.0,0.0,0.0,0.0,0.0,0.0,0.0,0.0,0.0,0.0,0.0,0.0,0.0,0.0,0.0,0.0,0.0,0.0,0.0,0.0,0.0,0.0,0.0,0.0,0.0,0.0,0.0,0.0,0.0,0.0,0.0,1.0,0.0,0.0,0.0,0.0,0.0,0.0,0.0,0.0,0.0,0.0,0.0,0.0,0.0,0.0,0.0,0.0,0.0,0.0,0.0,0.0,0.0,0.0,0.0,0.0,0.0,0.0,0.0,0.0,0.0,0.0
Fwd_Avg_Bulk_Rate,0.0,0.0,0.0,0.0,0.0,0.0,0.0,0.0,0.0,0.0,0.0,0.0,0.0,0.0,0.0,0.0,0.0,0.0,0.0,0.0,0.0,0.0,0.0,0.0,0.0,0.0,0.0,0.0,0.0,0.0,0.0,0.0,0.0,0.0,0.0,0.0,0.0,0.0,0.0,0.0,0.0,0.0,0.0,0.0,0.0,0.0,0.0,0.0,0.0,0.0,0.0,0.0,0.0,0.0,0.0,0.0,0.0,0.0,1.0,0.0,0.0,0.0,0.0,0.0,0.0,0.0,0.0,0.0,0.0,0.0,0.0,0.0,0.0,0.0,0.0,0.0,0.0,0.0,0.0,0.0,0.0,0.0,0.0,0.0,0.0,0.0,0.0,0.0
Bwd_Avg_Bytes_Bulk,0.0,0.0,0.0,0.0,0.0,0.0,0.0,0.0,0.0,0.0,0.0,0.0,0.0,0.0,0.0,0.0,0.0,0.0,0.0,0.0,0.0,0.0,0.0,0.0,0.0,0.0,0.0,0.0,0.0,0.0,0.0,0.0,0.0,0.0,0.0,0.0,0.0,0.0,0.0,0.0,0.0,0.0,0.0,0.0,0.0,0.0,0.0,0.0,0.0,0.0,0.0,0.0,0.0,0.0,0.0,0.0,0.0,0.0,0.0,1.0,0.0,0.0,0.0,0.0,0.0,0.0,0.0,0.0,0.0,0.0,0.0,0.0,0.0,0.0,0.0,0.0,0.0,0.0,0.0,0.0,0.0,0.0,0.0,0.0,0.0,0.0,0.0,0.0
Bwd_Avg_Packets_Bulk,0.0,0.0,0.0,0.0,0.0,0.0,0.0,0.0,0.0,0.0,0.0,0.0,0.0,0.0,0.0,0.0,0.0,0.0,0.0,0.0,0.0,0.0,0.0,0.0,0.0,0.0,0.0,0.0,0.0,0.0,0.0,0.0,0.0,0.0,0.0,0.0,0.0,0.0,0.0,0.0,0.0,0.0,0.0,0.0,0.0,0.0,0.0,0.0,0.0,0.0,0.0,0.0,0.0,0.0,0.0,0.0,0.0,0.0,0.0,0.0,1.0,0.0,0.0,0.0,0.0,0.0,0.0,0.0,0.0,0.0,0.0,0.0,0.0,0.0,0.0,0.0,0.0,0.0,0.0,0.0,0.0,0.0,0.0,0.0,0.0,0.0,0.0,0.0
Bwd_Avg_Bulk_Rate,0.0,0.0,0.0,0.0,0.0,0.0,0.0,0.0,0.0,0.0,0.0,0.0,0.0,0.0,0.0,0.0,0.0,0.0,0.0,0.0,0.0,0.0,0.0,0.0,0.0,0.0,0.0,0.0,0.0,0.0,0.0,0.0,0.0,0.0,0.0,0.0,0.0,0.0,0.0,0.0,0.0,0.0,0.0,0.0,0.0,0.0,0.0,0.0,0.0,0.0,0.0,0.0,0.0,0.0,0.0,0.0,0.0,0.0,0.0,0.0,0.0,1.0,0.0,0.0,0.0,0.0,0.0,0.0,0.0,0.0,0.0,0.0,0.0,0.0,0.0,0.0,0.0,0.0,0.0,0.0,0.0,0.0,0.0,0.0,0.0,0.0,0.0,0.0
Subflow_Fwd_Packets,-0.007107147614017564,0.11571538584746444,1.0,0.19686475754349606,0.06550868045697364,0.17498844976874126,0.05675015856739648,-0.00135344378340012,0.01575138607798692,0.03988937390154769,0.06380184418728917,0.011645681175449266,0.07178354616690608,0.053237720441145824,-0.015458801695665107,-0.03551611418658472,0.08355916780326335,0.08703196368728568,0.09878892928968103,6.439749324178425e-05,0.11560422027594715,0.08984665571442386,0.08862794941655684,0.09861593070904696,7.923257577801824e-05,0.10089849344191693,0.07216899159584947,0.0728859952320786,0.0835385681616505,-0.0016359595131988046,0.0013677427121463913,0.0,0.0,0.0,0.20373084299216226,0.18535772253105195,-0.03492832651182111,-0.01684862477780913,-0.0028489194275558576,0.06194360293202189,0.051155125562539754,0.06250528203983259,0.06281781836073806,0.0,-0.0005479652996634863,0.0013677427121463913,0.0,-0.01775672382348768,-0.0012078589626973793,-0.003293869257301751,0.0,-0.024943508833612765,0.03748231680837792,0.01575138607798692,0.07178354616690608,0.20373084299216226,0.0,0.0,0.0,0.0,0.0,0.0,1.0,0.06550868045697364,0.19686475754349606,0.17498844976874126,0.023597384417471716,0.00415380470363866,0.18873420441737984,-0.027001922667365917,0.3686918574983678,0.04754833584032562,0.17711618319142,0.5336622331379735,0.09871631095412427,0.07660584362503543,0.09852647024224744,0.09305918141130737,-0.017845922158916172,-0.002328388882169519,0.023909455294707244,0.02383596525669192,-0.022785482194102584,0.02282877019976641,0.02371473345592023,0.05513695640104208,0.007943239425744313,-0.023473859147568187
Subflow_Fwd_Bytes,-0.02302305392997224,0.08242604144900995,0.06550868045697364,0.2839417033407471,0.9999999999999999,0.20948666466219526,0.6044781421125451,0.17960259617645272,0.47510192428104986,0.5545151272664331,0.3131814855777285,0.005154748146794141,0.25476006616668356,0.2927287043883329,0.03316566295927615,-0.02415822570199199,0.027170706023397797,0.04120092652295334,0.07870355102505068,0.009659359076934514,0.0819092063403068,0.03229816163570425,0.04719524375449217,0.07791885904370023,0.009661137399964577,0.116782013677836,0.027334985909937933,0.037236196599168776,0.06899615840941212,-0.0026595717973454704,0.027919084156090464,0.0,0.0,0.0,0.321903255455455,0.26934808915725267,-0.02375083547622904,-0.011834071354821717,0.04841079159276149,0.4489990099689992,0.38694798768613803,0.45826489295573286,0.4853317136708676,0.0,-0.0002579696408429438,0.027919084156090464,0.0,-0.053020036853360784,0.04277238145475921,-0.001505682702850726,0.0,-0.002840892142884093,0.3202837410676709,0.47510192428104986,0.25476006616668356,0.321903255455455,0.0,0.0,0.0,0.0,0.0,0.0,0.06550868045697364,1.0,0.2839417033407471,0.20948666466219526,0.12286692922240193,0.09676100455826503,0.29806197504136,0.10970325751997152,0.0579238813046502,0.03780647849407932,0.04558513847986734,0.043193449230851534,0.08870024613198915,0.0394799170586639,0.07782016926009336,0.09953582782717804,0.032357098362777045,0.009289225121826346,0.17383228514229163,0.176660831092041,-0.17058031475952715,0.1632725077468581,0.1749274662835593,0.04923387377647843,0.06911479562748048,-0.16276705949253795
Subflow_Bwd_Packets,-0.017211969458134465,0.16528935437470604,0.19686475754349603,1.0,0.2839417033407471,0.9637093772797917,0.23835303183217382,-0.00480938676497222,0.05508899189325883,0.14838082098906602,0.27360403675945294,0.07478198701180579,0.3425228761110573,0.21622485794742552,-0.05735656751396897,-0.13126094634883434,0.08038143264829002,0.10195107164605448,0.14994349332669066,-0.0007528644677153659,0.1645770603205661,0.10571383202287502,0.11244953027274154,0.14870641326240522,-0.00073498065199463,0.21511853882436033,0.12575382407401817,0.12935843525818363,0.1705022029740052,0.0263097608979101,0.0016118992337955293,0.0,0.0,0.0,0.9119786633601775,0.9735582553481817,-0.13118249216773792,0.04099983453930941,-0.007729089224603707,0.260427664238604,0.24062610063471307,0.2673067423132654,0.2829429758229824,0.0,-0.002024166538591432,0.0016118992337955293,0.0,-0.008304314580522283,0.004139803165605142,0.004543724664403073,0.0,0.08949448010715184,0.18241124914449813,0.05508899189325883,0.3425228761110573,0.9119786633601775,0.0,0.0,0.0,0.0,0.0,0.0,0.19686475754349603,0.2839417033407471,1.0,0.9637093772797917,0.12910849837430374,0.023771289761653245,0.7741786251281059,0.060940515668810195,0.1176126218914499,0.10427336523954206,0.11547055180045511,0.059855341782546714,0.15347075227374316,0.10576792904965296,0.14963367906529726,0.15164951861469234,0.0019162909020286572,0.005916863396766604,0.09945997880344504,0.09917541874413019,-0.09636869556365706,0.09521786846059993,0.09926982031198477,0.08274027728723295,0.032545385522270896,-0.09566742218176301
Subflow_Bwd_Bytes,-0.008192227129141574,0.02008743745466191,0.17498844976874123,0.9637093772797918,0.20948666466219526,1.0,0.1411323455644335,-0.0021482230068653636,0.015965619923045,0.05893246001358692,0.17930587282201949,-0.0004756952875988846,0.2736822389959074,0.13354343940426575,-0.002077921330088789,-0.00482601899629657,-0.0004932437791130026,0.002776966379446975,0.024716686247363475,-2.7936663363947003e-05,0.019489921772640303,7.474188639445871e-05,0.0042095467350702735,0.023434883560705,-2.724453081193965e-05,0.03649915960135934,0.000552733269083133,0.003167600005738288,0.023195541492065277,-0.0005930101420852551,-2.663387741046073e-05,0.0,0.0,0.0,0.841022930554989,0.9447732511742378,-0.004754779234781441,-0.001863794683717526,-0.0022279199546640866,0.1677847619179371,0.1995223347635619,0.18433518817349118,0.22622185515513074,0.0,-7.928471789672535e-05,-2.663387741046073e-05,0.0,-0.0006426720152755768,0.00045261149073090004,0.0006552767818739225,0.0,0.006290046132255031,0.15710212486018954,0.015965619923045,0.2736822389959074,0.841022930554989,0.0,0.0,0.0,0.0,0.0,0.0,0.17498844976874123,0.20948666466219526,0.9637093772797918,1.0,0.08136390428483084,0.0058121026485112495,0.6801958429988683,0.03299955929515709,0.0406209212606329,0.01819496413777942,0.022696518413114087,0.03830322132133201,0.032830404265608064,0.0005072354131421759,0.024497149156918304,0.043365586357781816,0.000495130090110577,0.0033559870717770786,0.04877834231488675,0.047780168894354984,-0.045384056635858795,0.04570252750418209,0.04856742226510712,0.0096825811376697,0.01554678166274244,-0.04938322519227884
Init_Win_bytes_forward,-0.019297678333384055,0.04755513535251058,0.023597384417471712,0.12910849837430374,0.12286692922240193,0.08136390428483085,0.25182199216451645,-0.17917464420071966,-0.014537524435678892,0.3002540037176308,0.403886892369669,-0.20078281111672425,0.2942009209077222,0.43128515904587184,-0.08634279616482773,-0.0038749807825024527,0.005692876007597546,0.020082200573897292,0.04552721642756461,-0.023716208030622146,0.04678605309748295,0.010335281729312286,0.0253121656983655,0.04484167923551801,-0.024998510077190537,0.08712750776683181,0.013105243685912121,0.021600192161686977,0.04304211781080649,-0.0022384585801779513,-0.004618488308386298,0.0,0.0,0.0,0.19855457253837308,0.15717971951863677,-0.003598830726679417,-0.012294877921671379,-0.1819315972542814,0.36956028339155117,0.12206474350620881,0.3850265997382369,0.32558276449627943,0.0,-0.0791247313837202,-0.004618488308386298,0.0,0.27888217429283946,-0.09451122628465097,-0.103006938145269,0.0,-0.017839567319203085,0.059676927424282544,-0.014537524435678892,0.2942009209077222,0.19855457253837308,0.0,0.0,0.0,0.0,0.0,0.0,0.023597384417471712,0.12286692922240193,0.12910849837430374,0.08136390428483085,1.0,0.2481625549493056,0.08788812570011334,0.04297940971216402,0.033797973213322674,0.01746221271952093,0.02244709839096879,0.033300616725873144,0.05571969516177881,0.007390943526209195,0.04317697605696717,0.07096418503362342,-0.2943192970682283,0.012234231518997116,-0.017304465783407157,-0.013665408951013045,0.019314496138142286,-0.033683926774573304,-0.017421535480835793,-0.002536152827810767,-0.004402826989497963,0.01648930365718584
Init_Win_bytes_backward,-0.02145543777652018,0.0052802639450654455,0.00415380470363866,0.02377128976165324,0.09676100455826503,0.0058121026485112495,0.15004148590997882,-0.005919876528377788,0.0887335485602192,0.1830077433263889,0.0861467716763919,-0.0008143923233420465,0.0703026285657867,0.0929216237506756,-0.010489325843320628,-0.023815072582556614,-0.0009744910986491864,0.0017145639795383366,0.0037701617718001014,0.0009296129725064287,0.0015410650348348543,-0.0042077917812366455,-0.0018069465573833884,-0.0014043332385775898,-0.0001163841837914811,0.016883585938038397,0.0007425022423537726,0.0009867438418501384,0.003356670820338901,0.0029571091078882494,0.018961611338839408,0.0,0.0,0.0,0.0224345109952061,0.02560041502253199,-0.023656401080887048,0.0003152084043889963,-0.008887281928544329,0.11029816943156759,0.07585107269788752,0.12940615390636365,0.12305262453911711,0.0,-0.00020539144447098763,0.018961611338839408,0.0,-0.1069924642518547,0.14256931090477326,0.1929593928683089,0.0,0.08495986161852827,0.0599573028328286,0.0887335485602192,0.0703026285657867,0.0224345109952061,0.0,0.0,0.0,0.0,0.0,0.0,0.00415380470363866,0.09676100455826503,0.02377128976165324,0.0058121026485112495,0.2481625549493056,1.0,0.01635866289057328,0.12466900631991723,0.06384482575169051,0.006158444652314384,0.027102033272201547,0.09298123116384642,-8.970823153832068e-05,-0.005993435509843594,-0.002054352753732395,0.002686641653886656,-0.001524608650253465,0.0026676174860254475,0.24444657340906417,0.24946258079278052,-0.25433184982726986,0.24745815380215758,0.2502705511771221,0.052757704233786645,0.09377137672409472,-0.22063139785916103
act_data_pkt_fwd,-0.013433085050290056,0.5678116687361023,0.18873420441737984,0.7741786251281059,0.29806197504136006,0.6801958429988683,0.23932742605544088,-0.00028828120331195233,0.06936378360989322,0.15933350064905244,0.2149298312542633,0.06901980175098743,0.22939272472495906,0.17706816025523872,-0.077678919924086,-0.17788150791253665,0.4493393752871173,0.4640666631134986,0.5104222838528223,0.00013708052091809044,0.5677666760587052,0.4826452087566042,0.4715137151593275,0.5106420385624121,0.0001979270431225939,0.4558996497997212,0.37767525915727646,0.37966045311120467,0.42227562951295927,-0.006151523328087789,0.003991967630556638,0.0,0.0,0.0,0.7926624035587175,0.6591480357693014,-0.17493678226376116,-0.08442567726805719,-0.008124607987166497,0.21231311389736165,0.16495454388147504,0.20863068329956572,0.20271925428883916,0.0,-0.004370818156719354,0.003991967630556638,0.0,0.012698691625912119,-0.010557060974226698,-0.017983165276678918,0.0,-0.13020438008985283,0.11566236696781304,0.06936378360989322,0.22939272472495906,0.7926624035587175,0.0,0.0,0.0,0.0,0.0,0.0,0.18873420441737984,0.29806197504136006,0.7741786251281059,0.6801958429988683,0.08788812570011335,0.01635866289057328,1.0,0.01571431945187565,0.19929966969319998,0.23921634407322365,0.2452627762652901,0.038626032116928874,0.5035659419453985,0.4112263500793546,0.5094450032875589,0.46454232924846084,-0.0053206106153366045,0.00383537177229804,0.0659911796823384,0.06671282111816079,-0.06575566599015382,0.06420301767831114,0.06621605041486273,0.26870035277366633,0.02023403778808544,-0.06189246106826918
min_seg_size_forward,-0.0567434471836281,-0.01270294412875747,-0.027001922667365917,0.0609405156688102,0.10970325751997151,0.03299955929515709,0.2591728837677117,0.26839619541081605,0.3175975506869348,0.18542824598229216,0.24048293842634808,0.1700108432731014,0.23280373980431854,0.23215260540728408,0.18133079439077035,-0.03371642597076059,-0.01668257319026152,-0.01383217532768095,-0.0004466054319964755,0.06127755101685375,-0.014776162523280439,-0.016865517437826848,-0.013399487329135646,-0.0036576258489135075,0.06080729003061336,0.02683222298584964,-0.0040661158202493705,-0.0001313596799877528,0.009934839634526026,-0.0008696381378437888,0.18483672212271587,0.0,0.0,0.0,0.11876513630680499,0.09316307165667727,-0.03403223177773859,0.0271005897288672,0.271282434153272,0.2800302369297229,0.34919301763056737,0.25116488634129625,0.18279381042373588,0.0,-0.0008882888340725142,0.18483672212271587,0.0,-0.4703299437966249,0.39452972863350544,0.34589577172985536,0.0,0.08276797843855464,0.3515895661816619,0.3175975506869348,0.23280373980431854,0.11876513630680499,0.0,0.0,0.0,0.0,0.0,0.0,-0.027001922667365917,0.10970325751997151,0.0609405156688102,0.03299955929515709,0.04297940971216402,0.12466900631991723,0.01571431945187565,1.0,0.01393872618712654,-0.010208509248860702,-0.0076321266697082935,0.03846852581120998,0.001530156706497511,-0.020114470568697664,-0.0052500949602330635,0.011912457864364526,0.38200336798240253,0.021570791056939983,0.5867719310905183,0.5785180633866948,-0.5325187134179962,0.5340793984295503,0.5688988724701439,0.11133895615402274,0.24886978046731967,-0.5917040068592925
Active_Mean,-0.014074726277366119,0.24796638194110052,0.3686918574983678,0.11761262189144989,0.0579238813046502,0.0406209212606329,0.06084564862042995,0.011689993145863787,0.035390846146536085,0.04918020572951957,0.06424577254441576,0.03505000317324798,0.06079318148249576,0.05362181609662782,-0.0355267996891699,-0.08140673489776892,0.14742577958063974,0.1801153357491877,0.22838846336740162,0.019239665187957083,0.24661995688146277,0.17706518091180795,0.19256379603678123,0.22730092442228772,0.019243166437137596,0.23016114348118072,0.14113101594908456,0.15263907636257812,0.19596152024525343,-0.009814520547802043,0.0003732391316665163,0.0,0.0,0.0,0.19306060358573232,0.11016629100506489,-0.08006668468820279,-0.038262666339655055,0.012050627532828654,0.06425964351610736,0.05177635326430159,0.059038284487509994,0.050386253430146334,0.0,-0.001375346977509675,0.0003732391316665163,0.0,-0.019714344626337893,-0.004045297220060442,-0.004580249667966282,0.0,-0.0436324655673427,0.034620338923797164,0.035390846146536085,0.06079318148249576,0.19306060358573232,0.0,0.0,0.0,0.0,0.0,0.0,0.3686918574983678,0.0579238813046502,0.11761262189144989,0.0406209212606329,0.033797973213322674,0.06384482575169052,0.19929966969319998,0.01393872618712654,1.0,0.7620163350389922,0.8681881341884328,0.6375062721325725,0.22550053811417653,0.20020833321545228,0.2285549073443557,0.20632166875372784,-0.0023500033340839014,-0.0006545148985037568,0.06070457696588279,0.0606820380833515,-0.058499298755528575,0.05710568392088202,0.058964116493478665,0.1233999666237089,0.020801406361724006,-0.05751395272437407
Active_Std,-0.006106928659998753,0.3146989210849713,0.04754833584032562,0.10427336523954206,0.03780647849407932,0.018194964137779424,0.027947419214668826,-0.0021154668272281058,0.010356472633796661,0.023834955052456128,0.029333027103894738,0.04722144595446157,0.031763580326172,0.02173598577503942,-0.04248275310001198,-0.09734121163533838,0.1820716076207527,0.2191058146663501,0.27134116431016736,0.0022599398475151144,0.31437443571452883,0.22182689146265666,0.23372513277856696,0.27113108006806413,0.0022732767373402963,0.2974101346132303,0.19125560112888085,0.20411603056489291,0.25706916691728354,-0.011525116249887012,-0.0026801611471838484,0.0,0.0,0.0,0.19308944192722177,0.08782481065783257,-0.09573884095797704,-0.04575316618276914,-0.00216691242466748,0.026320300574575295,0.015800300493676152,0.024223860017245958,0.018736792404474276,0.0,-0.0016445529091060486,-0.0026801611471838484,0.0,-0.001857374238807043,-0.006726889015210485,-0.005476854710863454,0.0,-0.06899075071126402,0.003726789679446794,0.010356472633796661,0.031763580326172,0.19308944192722177,0.0,0.0,0.0,0.0,0.0,0.0,0.04754833584032562,0.03780647849407932,0.10427336523954206,0.018194964137779424,0.01746221271952093,0.006158444652314384,0.23921634407322365,-0.010208509248860702,0.7620163350389922,1.0,0.9574566067644154,0.011246653330086199,0.2590700723700056,0.24966441006725298,0.271686748903226,0.22384008932554508,-0.012068782306702289,-0.003134902935680544,0.01566402894510805,0.015445583993738184,-0.013095551280518982,0.013173867380601298,0.014590218078141167,0.14877764673831048,0.0030376934458890585,-0.016650979547352597
Active_Max,-0.009602376917571813,0.3224770452724998,0.17711618319142,0.11547055180045512,0.045585138479867345,0.022696518413114087,0.038912143523439795,0.002547397791147385,0.019130999809366982,0.03361585661596756,0.040601702933026396,0.04681685662192107,0.041695526232811385,0.0328572083837264,-0.043262741602751315,-0.09912977234206137,0.18108985638144262,0.21703390165235883,0.2700376207794036,0.008599882981304931,0.3218463344531836,0.22061483592914022,0.2312928621730495,0.26957052006894644,0.008610691859209327,0.3138130658591709,0.1953826261021768,0.20801938999477126,0.2637931631833702,-0.01212210158046051,-0.0021289987310952937,0.0,0.0,0.0,0.20887717614000195,0.10033591983849856,-0.09749796575674226,-0.04659353189400142,0.002660346240360474,0.03871255415616353,0.027130800847286807,0.03610726130864346,0.029582580921775428,0.0,-0.0016747711733966408,-0.0021289987310952937,0.0,-0.010636170907509896,-0.0064485630355973975,-0.005577463948497873,0.0,-0.06643959532974507,0.012843635576382439,0.019130999809366982,0.041695526232811385,0.20887717614000195,0.0,0.0,0.0,0.0,0.0,0.0,0.17711618319142,0.045585138479867345,0.11547055180045512,0.022696518413114087,0.022447098390968794,0.02710203327220155,0.2452627762652901,-0.0076321266697082935,0.8681881341884327,0.9574566067644152,1.0,0.2525656716935258,0.25861735778721306,0.2410184860241809,0.2703416522271391,0.2255710871382504,-0.011568881091368837,-0.0028158393974573323,0.033726862574877454,0.03347809394535779,-0.030903410255819636,0.03081457086159056,0.03227038940702561,0.15418751953326523,0.009527519826015905,-0.033351644509165126
Active_Min,-0.014693058371496566,0.03276514465285337,0.5336622331379733,0.059855341782546714,0.043193449230851534,0.038303221321332015,0.05877473258768537,0.01930051452530988,0.04085020684867062,0.04722043679554516,0.063181129581718,0.0015287538492552081,0.055959777815913145,0.056533566022649334,-0.0070400355884251845,-0.016136859186150713,0.022510424961399954,0.028943027759516488,0.04207869872075362,0.026289266007557606,0.03109949643815042,0.023650239924028475,0.03087356714066274,0.04067833719993547,0.026280050673835084,0.029284360199717713,0.01026595858423982,0.012837231297599339,0.02068738947304996,-0.0023926391334853116,0.0032748157760802603,0.0,0.0,0.0,0.08088707135688471,0.06883360187450759,-0.01587125076691403,-0.00758347790975506,0.019903154399542055,0.06631404027101963,0.05909815012879196,0.06149370541486382,0.0549708247964992,0.0,-0.00027263201452859765,0.0032748157760802603,0.0,-0.025300469675033795,0.0011673537203531676,-0.000907836786975805,0.0,0.008798521075878696,0.04679474068727125,0.04085020684867062,0.055959777815913145,0.08088707135688471,0.0,0.0,0.0,0.0,0.0,0.0,0.5336622331379733,0.043193449230851534,0.059855341782546714,0.038303221321332015,0.033300616725873144,0.09298123116384642,0.038626032116928874,0.03846852581120998,0.6375062721325726,0.011246653330086199,0.25256567169352573,1.0,0.05033179115359268,0.019680595804477157,0.04193965306706042,0.059642026127240115,0.011033834186984696,0.002851723637530476,0.07315296914576834,0.07337841498063453,-0.0727838553188088,0.07072807618816548,0.07174512225182329,0.025091497656971384,0.02739377286250532,-0.06735731613389935
Idle_Mean,-0.012065208895707334,0.9135076001177491,0.09871631095412428,0.15347075227374316,0.08870024613198915,0.032830404265608064,0.11108036018702336,-0.012479109985117113,0.032321722862840414,0.09892178078707864,0.14500625889530433,0.10276386098124117,0.12431176682065646,0.12256385031278705,-0.13063043454107234,-0.29931489629342317,0.940155089331539,0.9760258341462671,0.9792843179231346,-0.00017160482448451878,0.9134794479829854,0.9652611123392977,0.9831181347786422,0.9794894239997779,-0.00012751515907329086,0.5654792804220333,0.541261931795039,0.5473183131456508,0.5691527244090345,-0.0004376039958421819,0.017441129973914424,0.0,0.0,0.0,0.40845543912868587,0.1367444263367938,-0.29438773804204166,-0.14068768564429676,-0.012702810428594478,0.1337816138681842,0.06549044047854663,0.11892920371700103,0.09036078052304729,0.0,-0.005056841921957853,0.017441129973914424,0.0,0.008420427270238047,-0.005309615542979826,-0.01637847503603828,0.0,-0.22595058415038902,0.027803018566923632,0.032321722862840414,0.12431176682065646,0.40845543912868587,0.0,0.0,0.0,0.0,0.0,0.0,0.09871631095412428,0.08870024613198915,0.15347075227374316,0.032830404265608064,0.05571969516177882,-8.970823153832068e-05,0.5035659419453985,0.001530156706497511,0.22550053811417656,0.2590700723700056,0.25861735778721306,0.05033179115359268,1.0,0.7919059421531021,0.9803477992044718,0.9652390438903949,-0.02236639116327823,-0.0025232860517725897,0.04635461175237694,0.04683804362591958,-0.04412018285910253,0.044479308928075854,0.04625816233291132,0.4249011109479244,0.017083746932517064,-0.04781367722918911
Idle_Std,-0.00020652380259956576,0.7940752988753741,0.07660584362503543,0.10576792904965295,0.0394799170586639,0.0005072354131421759,0.019234953435824344,-0.00810684802612687,0.002297379853348991,0.01908666064272451,0.01419220285161702,0.10395806965461028,0.02817476297660847,0.00226030924575921,-0.11006614790377887,-0.2521949476073441,0.7783631337557088,0.8277249291241269,0.8839627915152737,0.00010877524170790127,0.7941205561556491,0.8258863148884814,0.8415287572462714,0.884219301781738,0.00014579438677157644,0.5120767453095296,0.5333100398541194,0.5314857247592306,0.5392966030249334,0.00012139661829034954,-0.0016327684008333695,0.0,0.0,0.0,0.3147727338613385,0.08833359650748955,-0.24804345012106482,-0.11853988776016235,-0.008132247093752466,0.010591948714711322,-0.0033698186127144847,0.007416869931614729,0.006335896310294712,0.0,-0.004260763370049014,-0.0016327684008333695,0.0,0.014816441877046772,-0.014476321510182475,-0.014189620659764838,0.0,-0.1943936240989687,-0.023812633164240028,0.002297379853348991,0.02817476297660847,0.3147727338613385,0.0,0.0,0.0,0.0,0.0,0.0,0.07660584362503543,0.0394799170586639,0.10576792904965295,0.0005072354131421759,0.007390943526209194,-0.005993435509843594,0.4112263500793546,-0.020114470568697664,0.20020833321545228,0.24966441006725296,0.2410184860241809,0.019680595804477157,0.791905942153102,1.0,0.8848638916671391,0.6199944385988988,-0.017439126322299638,-0.006594104525730311,-0.010587541667734143,-0.011037220413362737,0.014352425615211628,-0.011443900682854852,-0.0113413252108005,0.37224986921791636,-0.004637759690543962,0.0035961395458671244
Idle_Max,-0.008785271225940331,0.9330791440166645,0.09852647024224744,0.14963367906529726,0.07782016926009336,0.024497149156918304,0.0873702219651544,-0.011616492986578885,0.024476979615374,0.07853289881737548,0.1113877265565569,0.10989247013069911,0.10097077160315968,0.09093894103993756,-0.13128632423866468,-0.300817498479314,0.9322207824752388,0.973002814380402,0.9989297359214411,0.00011441818603579339,0.9330771810210845,0.9674404943778231,0.9826366597211365,0.9991649421239923,0.00015859783630251448,0.5964454426035629,0.5804676686386003,0.5838075737629079,0.604700476463162,-0.001070999996509799,0.0122724252648391,0.0,0.0,0.0,0.4066924098592098,0.13116277595983775,-0.2958656047973839,-0.14139397773208529,-0.011784314743111915,0.10179939439983625,0.04727130764987416,0.08986967457765824,0.06857128737000139,0.0,-0.005082227936395693,0.0122724252648391,0.0,0.011113615588927988,-0.008557563815430732,-0.016580669045978026,0.0,-0.22864448112998975,0.012896145605710127,0.024476979615374,0.10097077160315968,0.4066924098592098,0.0,0.0,0.0,0.0,0.0,0.0,0.09852647024224744,0.07782016926009336,0.14963367906529726,0.024497149156918304,0.04317697605696717,-0.002054352753732395,0.5094450032875589,-0.0052500949602330635,0.2285549073443557,0.271686748903226,0.27034165222713913,0.04193965306706043,0.9803477992044718,0.8848638916671391,1.0,0.9036887106565679,-0.021966357754412955,-0.0037456132519091754,0.03053650706116818,0.030751730393702388,-0.027590387571337277,0.028947655976308818,0.030245007661839466,0.4348552128485957,0.010917098346857916,-0.033996097994256326
Idle_Min,-0.015951890414791253,0.8294824914656976,0.09305918141130737,0.15164951861469234,0.09953582782717806,0.04336558635778182,0.139543585132455,-0.012786808552933286,0.042553713373409366,0.12353915493249361,0.18577515871432318,0.0848365353601245,0.1510915276958465,0.16169649011115142,-0.12123899809533417,-0.27779657066806207,0.8908198586875112,0.9203653507732663,0.9027033736726626,-0.00036771895132318955,0.8294182621583157,0.900299153437699,0.9243225330002021,0.9028556025372534,-0.0003266990414460826,0.4940334235470025,0.45194140224044355,0.46158673003997525,0.48710291703842895,-0.00041001842953530593,0.0248252038203554,0.0,0.0,0.0,0.3864749024838666,0.13816599498013565,-0.2732236361925463,-0.13057333401169807,-0.013073431561114991,0.17330160971201816,0.08885661837131374,0.15499513766152767,0.11742129038858051,0.0,-0.004693295846264305,0.0248252038203554,0.0,0.003697885547136766,0.00024096268585876667,-0.015017578758767924,0.0,-0.20714774089154578,0.048554935427367524,0.042553713373409366,0.1510915276958465,0.3864749024838666,0.0,0.0,0.0,0.0,0.0,0.0,0.09305918141130737,0.09953582782717806,0.15164951861469234,0.04336558635778182,0.07096418503362342,0.0026866416538866562,0.4645423292484608,0.011912457864364527,0.20632166875372784,0.22384008932554508,0.22557108713825036,0.05964202612724011,0.9652390438903949,0.6199944385988988,0.9036887106565679,1.0,-0.021375341447366837,-0.00019895494572103061,0.06708846407562684,0.067913713687145,-0.06595704067453094,0.06497272934863633,0.06731966463820775,0.3844179448451131,0.02526124322845418,-0.06565107830598557
Protocol,-0.07509059390627039,-0.026512071933944812,-0.017845922158916172,0.0019162909020286572,0.03235709836277705,0.000495130090110577,0.16203813830051306,0.5508714679957952,0.4600904686756242,-0.001863476635651323,0.05085829584430743,0.6281466798761838,0.17241836018583973,-0.0015071278004586657,0.3301940011196353,-0.039400876456796005,-0.02026069282813026,-0.02241470799158918,-0.02188411813353405,0.012323130815865951,-0.026581371533384773,-0.020821293434465184,-0.022354094772437442,-0.02207351578761869,0.012325544296981909,-0.016522629711256287,-0.012446761603095881,-0.012224152643874853,-0.012506258263070705,0.0030867048296467905,-0.002173529064989936,0.0,0.0,0.0,0.0025641347234559714,0.00561839040742458,-0.03864880683061949,-0.02362292634065374,0.5677831437485101,0.11879862737722086,0.42084769662501725,0.05965313587659264,0.0031826994904982143,0.0,-0.0008555783945116598,-0.002173529064989936,0.0,-0.609503446129223,-0.00394204869259759,-0.0028493328092686894,0.0,0.04880748007460895,0.4692797613004487,0.4600904686756242,0.17241836018583973,0.0025641347234559714,0.0,0.0,0.0,0.0,0.0,0.0,-0.017845922158916172,0.03235709836277705,0.0019162909020286572,0.000495130090110577,-0.2943192970682283,-0.001524608650253465,-0.0053206106153366045,0.3820033679824026,-0.0023500033340839014,-0.01206878230670229,-0.011568881091368837,0.011033834186984696,-0.02236639116327823,-0.017439126322299638,-0.021966357754412958,-0.021375341447366834,1.0,0.06362368595588322,0.502633228247,0.5001952578107504,-0.5031618031091918,0.5338233574869994,0.5164479864115463,0.10134134200535125,0.1927684225772647,-0.49080673524391266
Source_Port,0.10764594011551158,-0.004221427853096705,-0.002328388882169519,0.005916863396766604,0.009289225121826346,0.003355987071777079,0.03341401524635818,0.03331628461228404,0.03672489246299904,0.0211886713930696,0.03193816940022543,0.038536353727145506,0.033384311907383536,0.028966572778925437,0.02066725936000762,0.00187736091605245,-0.007679307207537522,-0.006159482977567516,-0.003516268572107679,-0.0071555317383899504,-0.0043300834253737226,-0.007455846036370296,-0.005725638658795257,-0.0036558576468999062,-0.007250130421187239,0.004478335403128818,-0.0025364501247806042,-0.0017018055509280708,0.0006923415705534118,-0.001535107731190329,0.02069890327668299,0.0,0.0,0.0,0.0070204856698640496,0.007021319655899858,0.0020685906522810594,-0.010073016812397605,0.03539548003099048,0.035899611981608265,0.041470004216431065,0.03041081251511013,0.020459418041969938,0.0,-0.0029960397354146908,0.02069890327668299,0.0,-0.017763286151553852,-0.02206908592005096,-0.04549438201711846,0.0,-0.00039131376032384757,0.04156886857662496,0.03672489246299904,0.033384311907383536,0.0070204856698640496,0.0,0.0,0.0,0.0,0.0,0.0,-0.002328388882169519,0.009289225121826346,0.005916863396766604,0.003355987071777079,0.012234231518997116,0.0026676174860254475,0.0038353717722980404,0.02157079105693998,-0.0006545148985037568,-0.003134902935680544,-0.0028158393974573323,0.0028517236375304755,-0.0025232860517725897,-0.006594104525730311,-0.003745613251909175,-0.00019895494572103061,0.06362368595588323,1.0,0.030037302191956113,0.030311010767848846,-0.032288749150749335,0.0339618685158651,0.032400602865404214,0.03870792178607511,0.043150874956965644,-0.030293976409104147
H_src_ip,-0.10369121410875982,0.037490893664493034,0.02390945529470724,0.09945997880344502,0.17383228514229163,0.04877834231488675,0.38723859565498736,0.2686460805084022,0.3843887154465352,0.32264393335793806,0.36947922716603177,0.3316793319911319,0.3724949848334422,0.34853090374593554,0.1616071249337991,-0.05994222119725699,-0.009131040480394557,0.005410147864959729,0.034627550552494314,0.04945723351797693,0.03597865389940655,-0.008783726590095076,0.00934313818152384,0.032456763526028304,0.04785388433365467,0.07829024100341016,-0.00482153729164878,0.0047519923338413435,0.027719400517110485,-0.002720081948180968,0.3625304517845338,0.0,0.0,0.0,0.13231686220747507,0.11110325867256608,-0.05964596037584469,0.005878825645268864,0.2678646135175667,0.41973447206935816,0.4525902507858851,0.4029260391990401,0.2970268138886573,0.0,0.025225293127836147,0.3625304517845338,0.0,-0.8423715855481482,0.6442828786630169,0.4930311848936362,0.0,0.09433551846501073,0.4351271097210251,0.3843887154465352,0.3724949848334422,0.13231686220747507,0.0,0.0,0.0,0.0,0.0,0.0,0.02390945529470724,0.17383228514229163,0.09945997880344502,0.04877834231488675,-0.017304465783407157,0.2444465734090642,0.06599117968233839,0.5867719310905184,0.06070457696588279,0.01566402894510805,0.03372686257487745,0.07315296914576834,0.04635461175237694,-0.010587541667734143,0.03053650706116818,0.06708846407562684,0.5026332282470001,0.030037302191956113,1.0,0.9964523621525302,-0.9703658304848362,0.9646215831066682,0.9901626482525263,0.20185417555365645,0.39388252773596,-0.9456998268079931
H_dst_ip,-0.10483728064677077,0.03776895790764577,0.02383596525669192,0.09917541874413019,0.176660831092041,0.04778016889435498,0.38641504934426957,0.2484442850366533,0.3706181688651081,0.32847852944998784,0.3714457925281399,0.33815028634298006,0.3737625740368136,0.3492086920063168,0.14711407296571175,-0.060549269821817325,-0.009237991762822171,0.005489051343597735,0.034893495550927835,0.049008729341683516,0.036235025517730376,-0.008867982939260442,0.009454200777648702,0.032687709970471115,0.047391129280073066,0.07912019265369573,-0.004791255907493123,0.0048707519164926895,0.028000571054044892,-0.0026100066914412734,0.3637008625668338,0.0,0.0,0.0,0.13158625588600614,0.11041012939924018,-0.06021331386126744,0.004128605981693545,0.24683036413431783,0.4193381274059025,0.4410352092755098,0.4061955121013567,0.2987874980126222,0.0,0.025985596192614743,0.3637008625668338,0.0,-0.8434851016150239,0.6482657582931535,0.49731723200437494,0.0,0.09620741520636589,0.4208674340916394,0.3706181688651081,0.3737625740368136,0.13158625588600614,0.0,0.0,0.0,0.0,0.0,0.0,0.02383596525669192,0.176660831092041,0.09917541874413019,0.04778016889435498,-0.013665408951013045,0.24946258079278052,0.06671282111816079,0.5785180633866948,0.06068203808335149,0.015445583993738184,0.0334780939453578,0.07337841498063452,0.04683804362591958,-0.011037220413362738,0.03075173039370239,0.06791371368714501,0.5001952578107504,0.030311010767848846,0.9964523621525303,1.0,-0.9834351850733807,0.9678913784404168,0.9934368691504272,0.20452921209318065,0.39616988553708665,-0.9305049092318524
H_dst_port,0.10656016329126863,-0.03345089256065197,-0.022785482194102584,-0.09636869556365706,-0.17058031475952715,-0.045384056635858795,-0.3735019018206019,-0.21006570325495377,-0.33668378826861595,-0.326226553729045,-0.36187502507937896,-0.3587818157282813,-0.36727226754782505,-0.33602415568781613,-0.11893412627271212,0.059345770026546875,0.012594130968133646,-0.002580085132928472,-0.03172561651724136,-0.04396549497774858,-0.03189964277472018,0.012315678856321116,-0.00655213453430529,-0.029473924209545723,-0.042385137702334465,-0.07565562680173427,0.007615927860444948,-0.0021017422982682324,-0.025137401066316015,0.0025025924999653813,-0.3594252621269064,0.0,0.0,0.0,-0.12396056187806632,-0.10591200260203498,0.05888171973600524,0.002600283393837841,-0.208409415438131,-0.4041757524990808,-0.40963574149449655,-0.39752774117819295,-0.2879683077767008,0.0,-0.024530699295429642,-0.3594252621269064,0.0,0.8349483388425011,-0.6354026218554075,-0.48409267554666896,0.0,-0.09850983619198159,-0.38610314038607724,-0.33668378826861595,-0.36727226754782505,-0.12396056187806632,0.0,0.0,0.0,0.0,0.0,0.0,-0.022785482194102584,-0.17058031475952715,-0.09636869556365706,-0.045384056635858795,0.019314496138142286,-0.25433184982726986,-0.06575566599015381,-0.5325187134179962,-0.05849929875552858,-0.013095551280518982,-0.03090341025581964,-0.0727838553188088,-0.04412018285910253,0.01435242561521163,-0.02759038757133728,-0.06595704067453094,-0.5031618031091918,-0.03228874915074934,-0.9703658304848362,-0.9834351850733807,1.0,-0.9696411801851995,-0.9822199438789904,-0.19839951260786953,-0.38165956775601917,0.8926124694361923
H_proto,-0.10545575030267568,0.035129906933207944,0.022828770199766413,0.09521786846059992,0.1632725077468581,0.0457025275041821,0.38588169006942374,0.28326561583134496,0.39137045409968607,0.31542111355113467,0.3541413500630883,0.35754485616935566,0.36464569890424897,0.3306567546766584,0.17114649054963185,-0.06053424918754151,-0.009930435632030275,0.004356936143382096,0.03304660600017445,0.050778442890511415,0.033616496680689056,-0.009868113719665507,0.00806401641504763,0.03085610629560958,0.04922473213186957,0.07498157283524601,-0.005566883272678637,0.0038915882968234413,0.026403535756722316,-0.00242197782460494,0.35441331921911623,0.0,0.0,0.0,0.12280658509901775,0.10524795786814323,-0.060124333622827826,0.000475851332040725,0.2854558450982346,0.4068234686401937,0.4536105074027532,0.38873027695194257,0.28047911414488536,0.0,0.021327667133565112,0.35441331921911623,0.0,-0.8432673457533908,0.6194378785759713,0.46793748994427986,0.0,0.0950544173994552,0.44008521208315216,0.39137045409968607,0.36464569890424897,0.12280658509901775,0.0,0.0,0.0,0.0,0.0,0.0,0.022828770199766413,0.1632725077468581,0.09521786846059992,0.0457025275041821,-0.03368392677457331,0.24745815380215758,0.06420301767831113,0.5340793984295503,0.057105683920882014,0.013173867380601296,0.030814570861590555,0.07072807618816548,0.044479308928075854,-0.01144390068285485,0.028947655976308818,0.06497272934863633,0.5338233574869994,0.0339618685158651,0.9646215831066681,0.9678913784404168,-0.9696411801851994,1.0,0.9855247441380065,0.19982010715638496,0.36425025496964725,-0.9186037888923452
H_pkt_len,-0.10537019640587919,0.036867344939290614,0.023714733455920227,0.09926982031198475,0.17492746628355926,0.048567422265107116,0.39372972421489977,0.27118835590583773,0.38959721530908664,0.32939342629623586,0.36867116461724053,0.34487603731271843,0.3741427712053492,0.346438979093822,0.1641141736085279,-0.060665983090185456,-0.009775702236126834,0.004867505882602155,0.034329575408019494,0.05115021418796315,0.035354646213745435,-0.009429485689055613,0.008877355461918528,0.03215983025780147,0.049463331313872996,0.07816780393167058,-0.005345090262487991,0.004366623742253876,0.027526098125657886,-0.002638853412287766,0.3626820461030426,0.0,0.0,0.0,0.13044815736650245,0.11041546114105946,-0.060336359235296864,0.004480795873195684,0.2713758410551885,0.42100904812411655,0.45622228345992405,0.4050954165287715,0.2969188327846553,0.0,0.02481682849781907,0.3626820461030426,0.0,-0.8487288564718471,0.6414695498252355,0.48994670636576276,0.0,0.0957662133170926,0.43928541304851604,0.38959721530908664,0.3741427712053492,0.13044815736650245,0.0,0.0,0.0,0.0,0.0,0.0,0.023714733455920227,0.17492746628355926,0.09926982031198475,0.048567422265107116,-0.01742153548083579,0.2502705511771221,0.06621605041486273,0.5688988724701438,0.05896411649347867,0.014590218078141167,0.03227038940702562,0.07174512225182329,0.04625816233291132,-0.011341325210800498,0.030245007661839463,0.06731966463820775,0.5164479864115463,0.032400602865404214,0.9901626482525263,0.9934368691504273,-0.9822199438789904,0.9855247441380064,1.0,0.20300902244051053,0.38867343599905757,-0.9383578055109505
H_iat,-0.02102004690559409,0.46663232590043086,0.05513695640104208,0.08274027728723295,0.049233873776478435,0.009682581137669701,0.07619051978391732,0.04007239665335808,0.0666609767279315,0.06721508016535105,0.08166301168287439,0.14510003322521245,0.09617730698259065,0.07045946442285107,-0.04405133914258176,-0.17388694761383836,0.41859506872145213,0.42331120163120833,0.4354466713908015,0.009270812293823762,0.4663172201450451,0.4380965333715079,0.42498667070094975,0.4350727753002479,0.008948216774924685,0.31841259824657603,0.30545024983106306,0.3029680355458489,0.3130378353332312,0.002852788701500962,0.07382442209799955,0.0,0.0,0.0,0.21996291684507224,0.07428188535573955,-0.17151129851106792,-0.05772480888446662,0.039657656970474825,0.08350399321709534,0.08254583015288221,0.08252689307342757,0.059757225483779354,0.0,0.00470031739605792,0.07382442209799955,0.0,-0.17181059561015408,0.13182380057769916,0.1012038196458164,0.0,-0.07396758343022222,0.06590037030932884,0.0666609767279315,0.09617730698259065,0.21996291684507224,0.0,0.0,0.0,0.0,0.0,0.0,0.05513695640104208,0.049233873776478435,0.08274027728723295,0.009682581137669701,-0.002536152827810767,0.052757704233786645,0.2687003527736664,0.11133895615402276,0.1233999666237089,0.14877764673831048,0.15418751953326523,0.025091497656971388,0.42490111094792443,0.3722498692179163,0.4348552128485957,0.3844179448451131,0.10134134200535125,0.0387079217860751,0.20185417555365645,0.20452921209318065,-0.19839951260786953,0.19982010715638496,0.2030090224405105,1.0,0.0764486319535278,-0.1976879839253519
H_tcp_flags,-0.03733355213981455,0.012275688999432894,0.007943239425744313,0.0325453855222709,0.06911479562748048,0.015546781662742438,0.15002550294215708,0.11184081520507987,0.1540704466902967,0.12248155379841016,0.1442566112919505,0.11496210544698475,0.1434248041718576,0.1387967903867842,0.0706428200591975,-0.011357536048485758,-0.004627457792222567,0.0013255160941303737,0.012727770948009143,0.018575689149308725,0.011715507112213667,-0.004748320741676044,0.002966580132341639,0.0119417292096472,0.017735266802543587,0.02874519683355299,-0.003691282433068679,0.000381046545221725,0.009377586287306948,-0.005201238209679252,0.14106071344775617,0.0,0.0,0.0,0.048066810058698256,0.03815505578222988,-0.01125324025499601,-0.0012614096923456656,0.1092718456733585,0.16545969226465615,0.17998551633340734,0.15740402471974763,0.11668800618950939,0.0,0.05814388459391932,0.14106071344775617,0.0,-0.3379914982756812,0.2680467030274541,0.2002171476840656,0.0,0.02199419675330736,0.17396157400935808,0.1540704466902967,0.1434248041718576,0.048066810058698256,0.0,0.0,0.0,0.0,0.0,0.0,0.007943239425744313,0.06911479562748048,0.0325453855222709,0.015546781662742438,-0.004402826989497963,0.09377137672409473,0.02023403778808544,0.2488697804673197,0.020801406361724006,0.0030376934458890585,0.009527519826015903,0.02739377286250532,0.017083746932517064,-0.004637759690543962,0.010917098346857916,0.02526124322845418,0.19276842257726468,0.04315087495696565,0.39388252773596005,0.39616988553708665,-0.38165956775601917,0.36425025496964725,0.38867343599905757,0.0764486319535278,1.0,-0.37477963563099914
H_src_port,0.09428110381245175,-0.04134205080760489,-0.023473859147568187,-0.09566742218176301,-0.16276705949253795,-0.04938322519227884,-0.38949675426975905,-0.3558689248703174,-0.4453294437495651,-0.299071451682095,-0.3458725887061102,-0.28590498868185776,-0.3501211997558219,-0.33302918912972157,-0.227965198427388,0.05728987024935691,0.001427525060817933,-0.010911153795786744,-0.03787371262183911,-0.06261767418261743,-0.03997259825533138,0.001006175483275442,-0.01448059127699594,-0.03594516338037106,-0.061046801801447066,-0.07600932968394326,-3.710403323084791e-05,-0.008599494798173929,-0.029510527302515337,0.0036423426738513946,-0.3364796666572146,0.0,0.0,0.0,-0.1309571713421774,-0.10883677189816549,0.05717835945617019,-0.01408387106189458,-0.35864391244468924,-0.4103319169256938,-0.4947694794123658,-0.37858946689980266,-0.28207743436150146,0.0,-0.0222944147438903,-0.3364796666572146,0.0,0.7989056513298195,-0.5987144207584412,-0.46066965744069976,0.0,-0.08125297360945688,-0.49127493358736435,-0.4453294437495651,-0.3501211997558219,-0.1309571713421774,0.0,0.0,0.0,0.0,0.0,0.0,-0.023473859147568187,-0.16276705949253795,-0.09566742218176301,-0.04938322519227884,0.01648930365718584,-0.22063139785916103,-0.06189246106826918,-0.5917040068592925,-0.05751395272437407,-0.016650979547352597,-0.033351644509165126,-0.06735731613389935,-0.047813677229189104,0.003596139545867124,-0.033996097994256326,-0.06565107830598556,-0.4908067352439126,-0.030293976409104143,-0.9456998268079931,-0.9305049092318524,0.8926124694361923,-0.9186037888923452,-0.9383578055109504,-0.19768798392535186,-0.37477963563099914,1.0
