key,curve,x,y
E1/A/Decision_Tree,roc,0.0,0.0
E1/A/Decision_Tree,roc,0.7842074132492114,0.9992758925722627
E1/A/Decision_Tree,roc,1.0,1.0
E1/A/Decision_Tree,pr,0.0,1.0
E1/A/Decision_Tree,pr,0.9992758925722627,0.9776944480532529
E1/A/Decision_Tree,pr,1.0,0.9717499754000509
E1/A/LightGBM,roc,0.0,0.0
E1/A/LightGBM,roc,0.0,0.9950640328771521
E1/A/LightGBM,roc,0.0,0.9951729355773659
E1/A/LightGBM,roc,0.0,0.9951958624616214
E1/A/LightGBM,roc,0.0,0.995214968198501
E1/A/LightGBM,roc,0.0,0.9952359845090686
E1/A/LightGBM,roc,0.0,0.995261777253856
E1/A/LightGBM,roc,3.2860147213459515e-05,0.9952780171302037
E1/A/LightGBM,roc,3.2860147213459515e-05,0.9952961675802393
E1/A/LightGBM,roc,3.2860147213459515e-05,0.9953745011014458
E1/A/LightGBM,roc,3.2860147213459515e-05,0.9954079361409851
E1/A/LightGBM,roc,3.2860147213459515e-05,0.9954986883911632
E1/A/LightGBM,roc,3.2860147213459515e-05,0.995509196546447
E1/A/LightGBM,roc,6.572029442691903e-05,0.9955206599885748
E1/A/LightGBM,roc,6.572029442691903e-05,0.9955951723624052
E1/A/LightGBM,roc,6.572029442691903e-05,0.9956085463782209
E1/A/LightGBM,roc,6.572029442691903e-05,0.9956276521151006
E1/A/LightGBM,roc,6.572029442691903e-05,0.995658221294108
E1/A/LightGBM,roc,6.572029442691903e-05,0.9957900508785773
E1/A/LightGBM,roc,6.572029442691903e-05,0.9959266568972666
E1/A/LightGBM,roc,6.572029442691903e-05,0.9959772870999976
E1/A/LightGBM,roc,6.572029442691903e-05,0.9960384254580122
E1/A/LightGBM,roc,6.572029442691903e-05,0.9964893208483712
E1/A/LightGBM,roc,6.572029442691903e-05,0.9969039153386587
E1/A/LightGBM,roc,6.572029442691903e-05,0.9969201552150064
E1/A/LightGBM,roc,6.572029442691903e-05,0.9969640984098295
E1/A/LightGBM,roc,0.0001971608832807571,0.9969984887362128
E1/A/LightGBM,roc,0.0001971608832807571,0.9972411315945839
E1/A/LightGBM,roc,0.0001971608832807571,0.9972602373314635
E1/A/LightGBM,roc,0.00029574132492113565,0.9973634083106134
E1/A/LightGBM,roc,0.0006243427970557308,0.997429323102848
E1/A/LightGBM,roc,0.0009858044164037854,0.9974618028555434
E1/A/LightGBM,roc,0.0012486855941114617,0.9974704004371393
E1/A/LightGBM,roc,0.0016430073606729758,0.9974789980187351
E1/A/LightGBM,roc,0.002300210304942166,0.997483774452955
E1/A/LightGBM,roc,0.0025630914826498424,0.9974923720345508
E1/A/LightGBM,roc,0.0031545741324921135,0.9975038354766785
E1/A/LightGBM,roc,0.003581756046267087,0.9975047907635226
E1/A/LightGBM,roc,0.0037131966351209252,0.9975162542056504
E1/A/LightGBM,roc,0.0037131966351209252,0.9976270674795521
E1/A/LightGBM,roc,0.003746056782334385,0.9976490390769637
E1/A/LightGBM,roc,0.003910357518401682,0.9976547707980276
E1/A/LightGBM,roc,0.004140378548895899,0.9976719659612192
E1/A/LightGBM,roc,0.004173238696109359,0.997734059606078
E1/A/LightGBM,roc,0.004206098843322818,0.9977694052193052
E1/A/LightGBM,roc,0.004534700315457414,0.997774181653525
E1/A/LightGBM,roc,0.004994742376445847,0.997778958087745
E1/A/LightGBM,roc,0.0056848054679284965,0.997781823948277
E1/A/LightGBM,roc,0.005849106203995794,0.9977885109561848
E1/A/LightGBM,roc,0.006177707676130389,0.9977894662430288
E1/A/LightGBM,roc,0.006670609884332282,0.9977894662430288
E1/A/LightGBM,roc,0.007262092534174553,0.9977894662430288
E1/A/LightGBM,roc,0.007754994742376446,0.9977894662430288
E1/A/LightGBM,roc,0.008675078864353312,0.9977894662430288
E1/A/LightGBM,roc,0.00874079915878023,0.9978028402588445
E1/A/LightGBM,roc,0.009200841219768665,0.9978143037009722
E1/A/LightGBM,roc,0.0094965825446898,0.9978190801351922
E1/A/LightGBM,roc,0.010515247108307046,0.9978190801351922
E1/A/LightGBM,roc,0.011041009463722398,0.9978200354220361
E1/A/LightGBM,roc,0.011698212407991588,0.9978200354220361
E1/A/LightGBM,roc,0.01212539432176656,0.9978238565694121
E1/A/LightGBM,roc,0.012355415352260778,0.9978525151747315
E1/A/LightGBM,roc,0.012618296529968454,0.9978601574694833
E1/A/LightGBM,roc,0.013702681388012618,0.9978639786168593
E1/A/LightGBM,roc,0.014491324921135647,0.9978677997642352
E1/A/LightGBM,roc,0.014819926393270242,0.9978706656247671
E1/A/LightGBM,roc,0.015181388012618296,0.9978716209116111
E1/A/LightGBM,roc,0.015575709779179811,0.997877352632675
E1/A/LightGBM,roc,0.016068611987381704,0.9978811737800509
E1/A/LightGBM,roc,0.016692954784437435,0.9978811737800509
E1/A/LightGBM,roc,0.018796004206098844,0.9978811737800509
E1/A/LightGBM,roc,0.019190325972660356,0.9978811737800509
E1/A/LightGBM,roc,0.019978969505783387,0.9978926372221787
E1/A/LightGBM,roc,0.02024185068349106,0.9979050559511504
E1/A/LightGBM,roc,0.022180599369085174,0.9979050559511504
E1/A/LightGBM,roc,0.024185068349106203,0.9979050559511504
E1/A/LightGBM,roc,0.03407597266035752,0.9979050559511504
E1/A/LightGBM,roc,0.0353903785488959,0.9979069665248385
E1/A/LightGBM,roc,0.03578470031545741,0.9979079218116824
E1/A/LightGBM,roc,0.03604758149316509,0.9979098323853703
E1/A/LightGBM,roc,0.03739484752891693,0.9979098323853703
E1/A/LightGBM,roc,0.037723449001051526,0.9979184299669662
E1/A/LightGBM,roc,0.037756309148264985,0.997974791890761
E1/A/LightGBM,roc,0.037789169295478445,0.9979977187750165
E1/A/LightGBM,roc,0.03785488958990536,0.9980349749619318
E1/A/LightGBM,roc,0.03811777076761304,0.9980407066829957
E1/A/LightGBM,roc,0.0381506309148265,0.9980493042645915
E1/A/LightGBM,roc,0.038314931650893794,0.9980645888540952
E1/A/LightGBM,roc,0.03834779179810725,0.9980875157383508
E1/A/LightGBM,roc,0.03844637223974763,0.9981142637699822
E1/A/LightGBM,roc,0.03890641430073607,0.9981161743436702
E1/A/LightGBM,roc,0.039892218717139855,0.9981199954910461
E1/A/LightGBM,roc,0.04008937960042061,0.998123816638422
E1/A/LightGBM,roc,0.040319400630914826,0.9981285930726419
E1/A/LightGBM,roc,0.04054942166140904,0.9981295483594859
E1/A/LightGBM,roc,0.0409108832807571,0.9981343247937058
E1/A/LightGBM,roc,0.04104232386961094,0.998176357414841
E1/A/LightGBM,roc,0.041206624605678234,0.9981811338490608
E1/A/LightGBM,roc,0.04153522607781283,0.9981887761438127
E1/A/LightGBM,roc,0.04222528916929548,0.9981906867175007
E1/A/LightGBM,roc,0.04255389064143007,0.9982050160201603
E1/A/LightGBM,roc,0.04432833859095689,0.9982050160201603
E1/A/LightGBM,roc,0.044985541535226076,0.9982088371675363
E1/A/LightGBM,roc,0.044985541535226076,0.9982288981912599
E1/A/LightGBM,roc,0.04524842271293376,0.9982394063465436
E1/A/LightGBM,roc,0.04554416403785489,0.9982451380676075
E1/A/LightGBM,roc,0.045839905362776025,0.9982499145018274
E1/A/LightGBM,roc,0.0461027865404837,0.9982546909360474
E1/A/LightGBM,roc,0.04613564668769716,0.9984400165837796
E1/A/LightGBM,roc,0.04616850683491062,0.9985135736707661
E1/A/LightGBM,roc,0.04639852786540484,0.99851930539183
E1/A/LightGBM,roc,0.0464313880126183,0.9985326794076458
E1/A/LightGBM,roc,0.0464313880126183,0.9985584721524332
E1/A/LightGBM,roc,0.0464313880126183,0.9985766226024688
E1/A/LightGBM,roc,0.047088590956887486,0.9985966836261925
E1/A/LightGBM,roc,0.047088590956887486,0.9986243869446679
E1/A/LightGBM,roc,0.047088590956887486,0.9986769277210868
E1/A/LightGBM,roc,0.04728575184016824,0.9986845700158387
E1/A/LightGBM,roc,0.04735147213459516,0.9986998546053424
E1/A/LightGBM,roc,0.04889589905362776,0.9987017651790303
E1/A/LightGBM,roc,0.049191640378548895,0.9987113180474702
E1/A/LightGBM,roc,0.04932308096740273,0.998718960342222
E1/A/LightGBM,roc,0.04932308096740273,0.9987323343580377
E1/A/LightGBM,roc,0.04942166140904311,0.9987390213659455
E1/A/LightGBM,roc,0.04955310199789695,0.9987428425133215
E1/A/LightGBM,roc,0.050046004206098844,0.9987523953817613
E1/A/LightGBM,roc,0.0502431650893796,0.9987552612422932
E1/A/LightGBM,roc,0.05103180862250263,0.9987581271028252
E1/A/LightGBM,roc,0.051360410094637224,0.9988240418950598
E1/A/LightGBM,roc,0.052181913774973714,0.9988240418950598
E1/A/LightGBM,roc,0.05297055730809674,0.9988240418950598
E1/A/LightGBM,roc,0.05435068349106204,0.9988240418950598
E1/A/LightGBM,roc,0.058031019978969506,0.9988240418950598
E1/A/LightGBM,roc,0.05822818086225026,0.9988469687793153
E1/A/LightGBM,roc,0.058589642481598314,0.9988498346398473
E1/A/LightGBM,roc,0.05914826498422713,0.9988507899266913
E1/A/LightGBM,roc,0.05950972660357518,0.9988527005003792
E1/A/LightGBM,roc,0.05967402733964248,0.9988574769345991
E1/A/LightGBM,roc,0.06049553101997897,0.9988584322214431
E1/A/LightGBM,roc,0.06072555205047318,0.9988708509504148
E1/A/LightGBM,roc,0.06118559411146162,0.9988784932451668
E1/A/LightGBM,roc,0.06180993690851735,0.9988813591056986
E1/A/LightGBM,roc,0.0632229232386961,0.9988861355399186
E1/A/LightGBM,roc,0.06585173501577288,0.9988880461136065
E1/A/LightGBM,roc,0.06821766561514196,0.9988880461136065
E1/A/LightGBM,roc,0.07222660357518401,0.9988890014004506
E1/A/LightGBM,roc,0.07248948475289169,0.9988918672609824
E1/A/LightGBM,roc,0.07317954784437435,0.9988947331215144
E1/A/LightGBM,roc,0.07360672975814932,0.9988947331215144
E1/A/LightGBM,roc,0.07396819137749737,0.9988956884083584
E1/A/LightGBM,roc,0.07446109358569926,0.9988956884083584
E1/A/LightGBM,roc,0.07488827549947424,0.9989052412767981
E1/A/LightGBM,roc,0.07574263932702419,0.9989052412767981
E1/A/LightGBM,roc,0.07616982124079916,0.998910972997862
E1/A/LightGBM,roc,0.07807570977917981,0.998910972997862
E1/A/LightGBM,roc,0.07886435331230283,0.998910972997862
E1/A/LightGBM,roc,0.0802773396424816,0.9989119282847061
E1/A/LightGBM,roc,0.08172318611987382,0.9989119282847061
E1/A/LightGBM,roc,0.08231466876971609,0.9989128835715501
E1/A/LightGBM,roc,0.08313617245005257,0.998914794145238
E1/A/LightGBM,roc,0.08353049421661408,0.998915749432082
E1/A/LightGBM,roc,0.0844177181913775,0.998915749432082
E1/A/LightGBM,roc,0.08911671924290221,0.998915749432082
E1/A/LightGBM,roc,0.08967534174553102,0.998915749432082
E1/A/LightGBM,roc,0.09069400630914827,0.998915749432082
E1/A/LightGBM,roc,0.09154837013669821,0.998915749432082
E1/A/LightGBM,roc,0.09197555205047318,0.9989205258663019
E1/A/LightGBM,roc,0.09276419558359622,0.9989205258663019
E1/A/LightGBM,roc,0.09312565720294427,0.9989233917268339
E1/A/LightGBM,roc,0.09503154574132493,0.9989233917268339
E1/A/LightGBM,roc,0.09565588853838065,0.9989243470136778
E1/A/LightGBM,roc,0.09733175604626709,0.9989243470136778
E1/A/LightGBM,roc,0.09825184016824395,0.9989243470136778
E1/A/LightGBM,roc,0.1072226603575184,0.9989243470136778
E1/A/LightGBM,roc,0.11645636172450052,0.9989243470136778
E1/A/LightGBM,roc,0.11763932702418507,0.9989243470136778
E1/A/LightGBM,roc,0.12066246056782334,0.9989243470136778
E1/A/LightGBM,roc,0.1215825446898002,0.9989243470136778
E1/A/LightGBM,roc,0.12187828601472135,0.9989253023005218
E1/A/LightGBM,roc,0.1227326498422713,0.9989272128742097
E1/A/LightGBM,roc,0.12424421661409044,0.9989281681610537
E1/A/LightGBM,roc,0.12486855941114616,0.9989281681610537
E1/A/LightGBM,roc,0.1257229232386961,0.9989281681610537
E1/A/LightGBM,roc,0.12634726603575183,0.9989281681610537
E1/A/LightGBM,roc,0.12713590956887486,0.9989281681610537
E1/A/LightGBM,roc,0.13006046267087276,0.9989281681610537
E1/A/LightGBM,roc,0.14951366982124079,0.9989281681610537
E1/A/LightGBM,roc,0.14990799158780233,0.9989291234478977
E1/A/LightGBM,roc,0.15079521556256573,0.9989291234478977
E1/A/LightGBM,roc,0.15132097791798108,0.9989291234478977
E1/A/LightGBM,roc,0.15362118822292323,0.9989300787347417
E1/A/LightGBM,roc,0.1560856992639327,0.9989310340215857
E1/A/LightGBM,roc,0.15766298633017875,0.9989310340215857
E1/A/LightGBM,roc,0.15891167192429023,0.9989319893084296
E1/A/LightGBM,roc,0.15927313354363828,0.9989319893084296
E1/A/LightGBM,roc,0.16081756046267087,0.9989319893084296
E1/A/LightGBM,roc,0.16252628811777076,0.9989319893084296
E1/A/LightGBM,roc,0.16305205047318613,0.9989319893084296
E1/A/LightGBM,roc,0.1636435331230284,0.9989329445952736
E1/A/LightGBM,roc,0.16587802313354363,0.9989329445952736
E1/A/LightGBM,roc,0.1704455835962145,0.9989338998821176
E1/A/LightGBM,roc,0.17074132492113564,0.9989338998821176
E1/A/LightGBM,roc,0.1711685068349106,0.9989377210294935
E1/A/LightGBM,roc,0.1728115141955836,0.9989405868900255
E1/A/LightGBM,roc,0.17468454258675079,0.9989405868900255
E1/A/LightGBM,roc,0.17553890641430073,0.9989444080374014
E1/A/LightGBM,roc,0.17787197686645637,0.9989444080374014
E1/A/LightGBM,roc,0.17885778128286015,0.9989463186110894
E1/A/LightGBM,roc,0.179777865404837,0.9989692454953449
E1/A/LightGBM,roc,0.1815851735015773,0.9990351602875795
E1/A/LightGBM,roc,0.18204521556256573,0.9990494895902393
E1/A/LightGBM,roc,0.1821437960042061,0.9990657294665869
E1/A/LightGBM,roc,0.18329390115667718,0.9991278231114457
E1/A/LightGBM,roc,0.18565983175604628,0.9991306889719777
E1/A/LightGBM,roc,0.1862184542586751,0.9991325995456656
E1/A/LightGBM,roc,0.18828864353312302,0.9991335548325095
E1/A/LightGBM,roc,0.1932505257623554,0.9991335548325095
E1/A/LightGBM,roc,0.19403916929547843,0.9991354654061975
E1/A/LightGBM,roc,0.19469637223974764,0.9991354654061975
E1/A/LightGBM,roc,0.19564931650893796,0.9991373759798855
E1/A/LightGBM,roc,0.19729232386961093,0.9991373759798855
E1/A/LightGBM,roc,0.1978838065194532,0.9991373759798855
E1/A/LightGBM,roc,0.19916535226077814,0.9991373759798855
E1/A/LightGBM,roc,0.20800473186119875,0.9991373759798855
E1/A/LightGBM,roc,0.20895767613038907,0.9991373759798855
E1/A/LightGBM,roc,0.2128351735015773,0.9991373759798855
E1/A/LightGBM,roc,0.2140509989484753,0.9991373759798855
E1/A/LightGBM,roc,0.23140115667718192,0.9991392865535734
E1/A/LightGBM,roc,0.23195977917981073,0.9991392865535734
E1/A/LightGBM,roc,0.23235410094637224,0.9991402418404174
E1/A/LightGBM,roc,0.23379994742376445,0.9991459735614813
E1/A/LightGBM,roc,0.23425998948475288,0.9991755874536447
E1/A/LightGBM,roc,0.23449001051524712,0.9991794086010206
E1/A/LightGBM,roc,0.236198738170347,0.9991794086010206
E1/A/LightGBM,roc,0.2365273396424816,0.9991822744615526
E1/A/LightGBM,roc,0.23810462670872765,0.9991822744615526
E1/A/LightGBM,roc,0.23849894847528916,0.9991822744615526
E1/A/LightGBM,roc,0.23948475289169296,0.9992052013458081
E1/A/LightGBM,roc,0.23951761303890642,0.9992978641696743
E1/A/LightGBM,roc,0.24119348054679285,0.9993418073644973
E1/A/LightGBM,roc,0.24280362776025236,0.9993418073644973
E1/A/LightGBM,roc,0.24490667718191378,0.9993418073644973
E1/A/LightGBM,roc,0.2472397476340694,0.9993418073644973
E1/A/LightGBM,roc,0.2500657202944269,0.9993418073644973
E1/A/LightGBM,roc,0.2506572029442692,0.9993418073644973
E1/A/LightGBM,roc,0.25207018927444796,0.9993418073644973
E1/A/LightGBM,roc,0.2525302313354364,0.9993427626513414
E1/A/LightGBM,roc,0.2532531545741325,0.9993427626513414
E1/A/LightGBM,roc,0.2538117770767613,0.9993427626513414
E1/A/LightGBM,roc,0.25443611987381703,0.9993427626513414
E1/A/LightGBM,roc,0.25483044164037855,0.9993427626513414
E1/A/LightGBM,roc,0.2561119873817035,0.9993437179381853
E1/A/LightGBM,roc,0.25782071503680337,0.9993456285118733
E1/A/LightGBM,roc,0.2608767087276551,0.9993465837987172
E1/A/LightGBM,roc,0.2615339116719243,0.9993465837987172
E1/A/LightGBM,roc,0.26205967402733965,0.9993484943724052
E1/A/LightGBM,roc,0.26353838065194535,0.9993504049460932
E1/A/LightGBM,roc,0.2661671924290221,0.9993504049460932
E1/A/LightGBM,roc,0.2688288643533123,0.9993504049460932
E1/A/LightGBM,roc,0.2704390115667718,0.9993504049460932
E1/A/LightGBM,roc,0.27129337539432175,0.9993504049460932
E1/A/LightGBM,roc,0.2730349631966351,0.9993504049460932
E1/A/LightGBM,roc,0.27421792849631965,0.9993504049460932
E1/A/LightGBM,roc,0.27497371188222924,0.9993523155197811
E1/A/LightGBM,roc,0.2754337539432177,0.9993532708066251
E1/A/LightGBM,roc,0.2761238170347003,0.999357091954001
E1/A/LightGBM,roc,0.2769453207150368,0.9993590025276889
E1/A/LightGBM,roc,0.27750394321766564,0.9993695106829728
E1/A/LightGBM,roc,0.27819400630914826,0.9993695106829728
E1/A/LightGBM,roc,0.280461356466877,0.9993695106829728
E1/A/LightGBM,roc,0.280822818086225,0.9993695106829728
E1/A/LightGBM,roc,0.2826301261829653,0.9993695106829728
E1/A/LightGBM,roc,0.28437171398527866,0.9993695106829728
E1/A/LightGBM,roc,0.2860475814931651,0.9993695106829728
E1/A/LightGBM,roc,0.28657334384858046,0.9993704659698167
E1/A/LightGBM,roc,0.28923501577287064,0.9993704659698167
E1/A/LightGBM,roc,0.2898264984227129,0.9993704659698167
E1/A/LightGBM,roc,0.29215956887486855,0.9993704659698167
E1/A/LightGBM,roc,0.29298107255520506,0.9993704659698167
E1/A/LightGBM,roc,0.29360541535226076,0.9993723765435047
E1/A/LightGBM,roc,0.2940654574132492,0.9993733318303487
E1/A/LightGBM,roc,0.2956756046267087,0.9993733318303487
E1/A/LightGBM,roc,0.313288643533123,0.9993733318303487
E1/A/LightGBM,roc,0.31424158780231337,0.9993733318303487
E1/A/LightGBM,roc,0.31805336487907465,0.9993733318303487
E1/A/LightGBM,roc,0.31854626708727657,0.9993905269935404
E1/A/LightGBM,roc,0.32055073606729756,0.9993905269935404
E1/A/LightGBM,roc,0.32334384858044163,0.9993914822803843
E1/A/LightGBM,roc,0.327944269190326,0.9993914822803843
E1/A/LightGBM,roc,0.32893007360672977,0.9993924375672283
E1/A/LightGBM,roc,0.3308688222923239,0.9993933928540722
E1/A/LightGBM,roc,0.3392810199789695,0.9993933928540722
E1/A/LightGBM,roc,0.34112118822292326,0.9993933928540722
E1/A/LightGBM,roc,0.34144978969505785,0.9993943481409163
E1/A/LightGBM,roc,0.34572160883280756,0.9993943481409163
E1/A/LightGBM,roc,0.34641167192429023,0.9993943481409163
E1/A/LightGBM,roc,0.3476603575184017,0.9993943481409163
E1/A/LightGBM,roc,0.3574526813880126,0.9993943481409163
E1/A/LightGBM,roc,0.35873422712933756,0.9993943481409163
E1/A/LightGBM,roc,0.3649776550998948,0.9993943481409163
E1/A/LightGBM,roc,0.36767218717139855,0.9993943481409163
E1/A/LightGBM,roc,0.36829652996845424,0.9993943481409163
E1/A/LightGBM,roc,0.37049815983175605,0.9993943481409163
E1/A/LightGBM,roc,0.37884463722397477,0.9993943481409163
E1/A/LightGBM,roc,0.3801261829652997,0.9993943481409163
E1/A/LightGBM,roc,0.38199921135646686,0.9993943481409163
E1/A/LightGBM,roc,0.38259069400630913,0.9993953034277603
E1/A/LightGBM,roc,0.38341219768664564,0.9993962587146042
E1/A/LightGBM,roc,0.384365141955836,0.9993962587146042
E1/A/LightGBM,roc,0.3850880651945321,0.9993962587146042
E1/A/LightGBM,roc,0.38567954784437436,0.9993962587146042
E1/A/LightGBM,roc,0.38633675078864355,0.9993962587146042
E1/A/LightGBM,roc,0.38738827549947424,0.9993962587146042
E1/A/LightGBM,roc,0.3879797581493165,0.9993962587146042
E1/A/LightGBM,roc,0.3918901156677182,0.9993962587146042
E1/A/LightGBM,roc,0.39271161934805465,0.9993962587146042
E1/A/LightGBM,roc,0.39323738170347006,0.9993962587146042
E1/A/LightGBM,roc,0.3940588853838065,0.9993962587146042
E1/A/LightGBM,roc,0.39524185068349105,0.9993962587146042
E1/A/LightGBM,roc,0.39816640378548895,0.9993972140014482
E1/A/LightGBM,roc,0.39856072555205047,0.9994019904356681
E1/A/LightGBM,roc,0.39888932702418506,0.9994172750251719
E1/A/LightGBM,roc,0.4001380126182965,0.9994258726067676
E1/A/LightGBM,roc,0.40171529968454256,0.9994392466225833
E1/A/LightGBM,roc,0.4054284963196635,0.999509937849038
E1/A/LightGBM,roc,0.4085173501577287,0.9995118484227259
E1/A/LightGBM,roc,0.40963459516298634,0.9995137589964138
E1/A/LightGBM,roc,0.41285488958990535,0.9995147142832579
E1/A/LightGBM,roc,0.422482912723449,0.9995147142832579
E1/A/LightGBM,roc,0.42300867507886436,0.9995147142832579
E1/A/LightGBM,roc,0.4234358569926393,0.9995147142832579
E1/A/LightGBM,roc,0.42731335436382756,0.9995147142832579
E1/A/LightGBM,roc,0.4278391167192429,0.9995204460043218
E1/A/LightGBM,roc,0.4281677181913775,0.9995319094464495
E1/A/LightGBM,roc,0.4285291798107255,0.9995385964543574
E1/A/LightGBM,roc,0.428989221871714,0.9995385964543574
E1/A/LightGBM,roc,0.42974500525762355,0.9995519704701731
E1/A/LightGBM,roc,0.4302707676130389,0.9995586574780809
E1/A/LightGBM,roc,0.43122371188222924,0.9995634339123008
E1/A/LightGBM,roc,0.4349369085173502,0.9996417674335073
E1/A/LightGBM,roc,0.43549553101997895,0.9996656496046068
E1/A/LightGBM,roc,0.4375657202944269,0.9996675601782947
E1/A/LightGBM,roc,0.43950446898002105,0.9996704260388267
E1/A/LightGBM,roc,0.44091745531019977,0.9996742471862026
E1/A/LightGBM,roc,0.4435134069400631,0.9996742471862026
E1/A/LightGBM,roc,0.44808096740273395,0.9996742471862026
E1/A/LightGBM,roc,0.4486395899053628,0.9996742471862026
E1/A/LightGBM,roc,0.4572489484752892,0.9996761577598906
E1/A/LightGBM,roc,0.4583004731861199,0.9996761577598906
E1/A/LightGBM,roc,0.4587276550998948,0.9996761577598906
E1/A/LightGBM,roc,0.45945057833859093,0.9996761577598906
E1/A/LightGBM,roc,0.4601406414300736,0.9996761577598906
E1/A/LightGBM,roc,0.4609621451104101,0.9996761577598906
E1/A/LightGBM,roc,0.46138932702418506,0.9996761577598906
E1/A/LightGBM,roc,0.47216745531019977,0.9996761577598906
E1/A/LightGBM,roc,0.4726603575184017,0.9996771130467346
E1/A/LightGBM,roc,0.4753220294426919,0.9996771130467346
E1/A/LightGBM,roc,0.48761172450052576,0.9996790236204225
E1/A/LightGBM,roc,0.48800604626708727,0.9996790236204225
E1/A/LightGBM,roc,0.488630389064143,0.9996799789072665
E1/A/LightGBM,roc,0.489846214511041,0.9996838000546424
E1/A/LightGBM,roc,0.4902405362776025,0.9997009952178341
E1/A/LightGBM,roc,0.49125920084121977,0.9997009952178341
E1/A/LightGBM,roc,0.4918835436382755,0.9997076822257419
E1/A/LightGBM,roc,0.4928036277602524,0.9997076822257419
E1/A/LightGBM,roc,0.49378943217665616,0.9997076822257419
E1/A/LightGBM,roc,0.49914563617245006,0.9997076822257419
E1/A/LightGBM,roc,0.502431650893796,0.9997086375125859
E1/A/LightGBM,roc,0.5305927970557308,0.9997430278389692
E1/A/LightGBM,roc,0.532038643533123,0.9997430278389692
E1/A/LightGBM,roc,0.5364419032597266,0.9997430278389692
E1/A/LightGBM,roc,0.5370662460567823,0.9997439831258131
E1/A/LightGBM,roc,0.5496516824395373,0.9997449384126572
E1/A/LightGBM,roc,0.5506374868559412,0.9997449384126572
E1/A/LightGBM,roc,0.5565194532071503,0.9997449384126572
E1/A/LightGBM,roc,0.5647344900105152,0.9997716864442886
E1/A/LightGBM,roc,0.5971674553101998,0.9997974791890761
E1/A/LightGBM,roc,0.6121845425867508,0.9998137190654238
E1/A/LightGBM,roc,0.7802641955835962,0.9999808942631204
E1/A/LightGBM,roc,0.7836487907465826,0.9999866259841843
E1/A/LightGBM,roc,0.8200249737118822,0.9999933129920922
E1/A/LightGBM,roc,0.8906742902208202,0.999996178852624
E1/A/LightGBM,roc,0.9038512092534174,0.999996178852624
E1/A/LightGBM,roc,0.9263275499474237,1.0
E1/A/LightGBM,roc,0.9402602523659306,1.0
E1/A/LightGBM,roc,0.9858044164037855,1.0
E1/A/LightGBM,roc,0.9864616193480547,1.0
E1/A/LightGBM,roc,0.987053101997897,1.0
E1/A/LightGBM,roc,0.9875131440588854,1.0
E1/A/LightGBM,roc,0.9884003680336488,1.0
E1/A/LightGBM,roc,0.9895504731861199,1.0
E1/A/LightGBM,roc,0.9905691377497371,1.0
E1/A/LightGBM,roc,0.9912592008412198,1.0
E1/A/LightGBM,roc,0.9917192429022083,1.0
E1/A/LightGBM,roc,0.9922450052576236,1.0
E1/A/LightGBM,roc,0.9927379074658255,1.0
E1/A/LightGBM,roc,0.9938880126182965,1.0
E1/A/LightGBM,roc,0.9984884332281808,1.0
E1/A/LightGBM,roc,0.9989484752891693,1.0
E1/A/LightGBM,roc,1.0,1.0
E1/A/LightGBM,pr,0.0,1.0
E1/A/LightGBM,pr,0.995115618366727,1.0
E1/A/LightGBM,pr,0.9951853543063376,1.0
E1/A/LightGBM,pr,0.995214968198501,1.0
E1/A/LightGBM,pr,0.9952455373775083,1.0
E1/A/LightGBM,pr,0.99525795610648,1.0
E1/A/LightGBM,pr,0.9952732406959838,0.9999990401772216
E1/A/LightGBM,pr,0.9952847041381115,0.9999990401882767
E1/A/LightGBM,pr,0.9953735458146018,0.9999990402739442
E1/A/LightGBM,pr,0.995409846714673,0.9999990403089437
E1/A/LightGBM,pr,0.9955025095385391,0.9999990403982731
E1/A/LightGBM,pr,0.995512062406979,0.9999980808168044
E1/A/LightGBM,pr,0.9955932617887173,0.9999980809733303
E1/A/LightGBM,pr,0.9956114122387529,0.999998081008315
E1/A/LightGBM,pr,0.9956352944098524,0.9999980810543455
E1/A/LightGBM,pr,0.9957690345680097,0.9999980813120756
E1/A/LightGBM,pr,0.9959161487419828,0.9999980815954986
E1/A/LightGBM,pr,0.9959419414867703,0.9999980816451811
E1/A/LightGBM,pr,0.9959897058289693,0.9999980817371789
E1/A/LightGBM,pr,0.9964893208483712,0.9999980826989463
E1/A/LightGBM,pr,0.9969048706255027,0.9999980834981524
E1/A/LightGBM,pr,0.9969363950913541,0.9999980835587547
E1/A/LightGBM,pr,0.9969918017283049,0.9999980836652584
E1/A/LightGBM,pr,0.9972411315945839,0.9999942524551596
E1/A/LightGBM,pr,0.9972726560604352,0.9999942526368423
E1/A/LightGBM,pr,0.9973634083106134,0.9999856330233579
E1/A/LightGBM,pr,0.9974618028555434,0.9999770153030197
E1/A/LightGBM,pr,0.9974694451502952,0.9999655236148873
E1/A/LightGBM,pr,0.9974761321582032,0.9999521170947717
E1/A/LightGBM,pr,0.997483774452955,0.999933923299315
E1/A/LightGBM,pr,0.9974923720345508,0.999925305886758
E1/A/LightGBM,pr,0.9975028801898346,0.9999224340761468
E1/A/LightGBM,pr,0.9975047907635226,0.9998994540835527
E1/A/LightGBM,pr,0.9975133883451184,0.9998937101293289
E1/A/LightGBM,pr,0.9976194251848003,0.99989180670358
E1/A/LightGBM,pr,0.9976490390769637,0.9998918099148075
E1/A/LightGBM,pr,0.9976547707980276,0.9998822373749849
E1/A/LightGBM,pr,0.9976719659612192,0.999879367541252
E1/A/LightGBM,pr,0.9977388360402978,0.9998784184053473
E1/A/LightGBM,pr,0.9977722710798371,0.9998755509264755
E1/A/LightGBM,pr,0.997778002800901,0.9998564084891302
E1/A/LightGBM,pr,0.997780868661433,0.9998506661152801
E1/A/LightGBM,pr,0.9977885109561848,0.9998296111016982
E1/A/LightGBM,pr,0.9977894662430288,0.9998200405865911
E1/A/LightGBM,pr,0.9977894662430288,0.9998075989788388
E1/A/LightGBM,pr,0.9977894662430288,0.9997875016511696
E1/A/LightGBM,pr,0.9977894662430288,0.9997731469117829
E1/A/LightGBM,pr,0.9977894662430288,0.9997616634170574
E1/A/LightGBM,pr,0.9977904215298727,0.9997473096614811
E1/A/LightGBM,pr,0.9978028402588445,0.9997453989961446
E1/A/LightGBM,pr,0.9978028402588445,0.9997367869438667
E1/A/LightGBM,pr,0.9978162142746603,0.9997320061255742
E1/A/LightGBM,pr,0.9978181248483482,0.9997233949489429
E1/A/LightGBM,pr,0.9978190801351922,0.9997071291091653
E1/A/LightGBM,pr,0.9978190801351922,0.9996985178563567
E1/A/LightGBM,pr,0.9978200354220361,0.9996918206127985
E1/A/LightGBM,pr,0.9978200354220361,0.9996707718104105
E1/A/LightGBM,pr,0.9978200354220361,0.9996592910190644
E1/A/LightGBM,pr,0.9978200354220361,0.9996478104914193
E1/A/LightGBM,pr,0.9978525151747315,0.99964016866137
E1/A/LightGBM,pr,0.9978582468957954,0.9996325175989619
E1/A/LightGBM,pr,0.9978649339037032,0.9996009523554338
E1/A/LightGBM,pr,0.9978687550510792,0.9995779968919136
E1/A/LightGBM,pr,0.9978706656247671,0.9995665196214463
E1/A/LightGBM,pr,0.9978716209116111,0.9995559987062721
E1/A/LightGBM,pr,0.997877352632675,0.9995473931087012
E1/A/LightGBM,pr,0.9978811737800509,0.9995349611606451
E1/A/LightGBM,pr,0.9978811737800509,0.9995139202523022
E1/A/LightGBM,pr,0.9978811737800509,0.9994488903176918
E1/A/LightGBM,pr,0.9978926372221787,0.9994259471871412
E1/A/LightGBM,pr,0.9979002795169305,0.9994106526447919
E1/A/LightGBM,pr,0.9979050559511504,0.9993571131318253
E1/A/LightGBM,pr,0.9979050559511504,0.999301664621086
E1/A/LightGBM,pr,0.9979050559511504,0.9992165918012841
E1/A/LightGBM,pr,0.9979050559511504,0.9990006292688431
E1/A/LightGBM,pr,0.9979079218116824,0.9989624185116013
E1/A/LightGBM,pr,0.9979098323853703,0.9989528675650011
E1/A/LightGBM,pr,0.9979098323853703,0.9989366280014917
E1/A/LightGBM,pr,0.9979107876722143,0.9989070170841932
E1/A/LightGBM,pr,0.9979203405406541,0.9989012964510632
E1/A/LightGBM,pr,0.9979948529144846,0.998900423289226
E1/A/LightGBM,pr,0.9980321091013998,0.9988985541611132
E1/A/LightGBM,pr,0.9980397513961518,0.9988956974268316
E1/A/LightGBM,pr,0.9980454831172156,0.9988899735257252
E1/A/LightGBM,pr,0.9980645888540952,0.998889039736429
E1/A/LightGBM,pr,0.9980875157383508,0.9988852452747211
E1/A/LightGBM,pr,0.9981142637699822,0.9988814552935845
E1/A/LightGBM,pr,0.9981180849173581,0.9988680904762816
E1/A/LightGBM,pr,0.9981199954910461,0.9988375361119024
E1/A/LightGBM,pr,0.9981276377857979,0.9988337255966641
E1/A/LightGBM,pr,0.9981285930726419,0.9988232235072337
E1/A/LightGBM,pr,0.9981324142200179,0.9988127250636416
E1/A/LightGBM,pr,0.9981754021279969,0.9988080023476714
E1/A/LightGBM,pr,0.9981792232753729,0.9988013237056876
E1/A/LightGBM,pr,0.9981849549964368,0.9987965569484737
E1/A/LightGBM,pr,0.9981897314306567,0.9987765140399794
E1/A/LightGBM,pr,0.9982040607333164,0.9987669850203017
E1/A/LightGBM,pr,0.9982050160201603,0.9987335747028441
E1/A/LightGBM,pr,0.9982088371675363,0.9987097156500022
E1/A/LightGBM,pr,0.9982260323307279,0.9986916023618059
E1/A/LightGBM,pr,0.9982394063465436,0.9986887564690085
E1/A/LightGBM,pr,0.9982394063465436,0.9986753941562518
E1/A/LightGBM,pr,0.9982460933544516,0.9986668132057169
E1/A/LightGBM,pr,0.9982546909360474,0.9986601438672912
E1/A/LightGBM,pr,0.9984409718706236,0.9986584850818573
E1/A/LightGBM,pr,0.9985154842444541,0.9986547685017102
E1/A/LightGBM,pr,0.9985259923997378,0.998650966154728
E1/A/LightGBM,pr,0.9985441428497736,0.9986500365435967
E1/A/LightGBM,pr,0.9985766226024688,0.9986500803933014
E1/A/LightGBM,pr,0.9985966836261925,0.9986310268731431
E1/A/LightGBM,pr,0.9986492244026114,0.9986310987987486
E1/A/LightGBM,pr,0.9986788382947748,0.9986301854025909
E1/A/LightGBM,pr,0.9986883911632146,0.9986254288967514
E1/A/LightGBM,pr,0.9986998546053424,0.9985920591755427
E1/A/LightGBM,pr,0.9987017651790303,0.9985729854881985
E1/A/LightGBM,pr,0.998718005055378,0.9985701473120775
E1/A/LightGBM,pr,0.9987237367764419,0.9985663404239468
E1/A/LightGBM,pr,0.9987352002185697,0.9985644493474118
E1/A/LightGBM,pr,0.9987418872264775,0.9985625514568374
E1/A/LightGBM,pr,0.9987514400949173,0.998546351983389
E1/A/LightGBM,pr,0.9987552612422932,0.9985425427566954
E1/A/LightGBM,pr,0.9987562165291372,0.9985282389964137
E1/A/LightGBM,pr,0.9987571718159812,0.9985167965862445
E1/A/LightGBM,pr,0.9988240418950598,0.9985083136208538
E1/A/LightGBM,pr,0.9988240418950598,0.9984835216675914
E1/A/LightGBM,pr,0.9988240418950598,0.9984701726642201
E1/A/LightGBM,pr,0.9988240418950598,0.9984234539631369
E1/A/LightGBM,pr,0.9988240418950598,0.9983138252011523
E1/A/LightGBM,pr,0.9988469687793153,0.998308144869392
E1/A/LightGBM,pr,0.9988498346398473,0.9983024308273979
E1/A/LightGBM,pr,0.9988498346398473,0.9982871807797624
E1/A/LightGBM,pr,0.9988507899266913,0.9982795575732405
E1/A/LightGBM,pr,0.9988527005003792,0.9982690769110326
E1/A/LightGBM,pr,0.9988584322214431,0.9982614623192723
E1/A/LightGBM,pr,0.9988708509504148,0.998236705359862
E1/A/LightGBM,pr,0.9988784932451668,0.9982224241857233
E1/A/LightGBM,pr,0.9988804038188547,0.9982157568999802
E1/A/LightGBM,pr,0.9988861355399186,0.9981843210105179
E1/A/LightGBM,pr,0.9988861355399186,0.9981614523571785
E1/A/LightGBM,pr,0.9988880461136065,0.9981538332302382
E1/A/LightGBM,pr,0.9988880461136065,0.9980499863985836
E1/A/LightGBM,pr,0.9988890014004506,0.9979023535059232
E1/A/LightGBM,pr,0.9988918672609824,0.9978947408603505
E1/A/LightGBM,pr,0.9988947331215144,0.997876653109057
E1/A/LightGBM,pr,0.9988947331215144,0.9978642735333104
E1/A/LightGBM,pr,0.9988956884083584,0.9978528485542514
E1/A/LightGBM,pr,0.9988956884083584,0.9978376129384416
E1/A/LightGBM,pr,0.9989052412767981,0.9978233507420742
E1/A/LightGBM,pr,0.9989052412767981,0.9978062118842436
E1/A/LightGBM,pr,0.9989052412767981,0.99779002572578
E1/A/LightGBM,pr,0.998910972997862,0.9977776611529635
E1/A/LightGBM,pr,0.998910972997862,0.9977233954040449
E1/A/LightGBM,pr,0.9989119282847061,0.9977053103221916
E1/A/LightGBM,pr,0.9989119282847061,0.9976348714778285
E1/A/LightGBM,pr,0.9989128835715501,0.9976253557434621
E1/A/LightGBM,pr,0.9989128835715501,0.9976034650537121
E1/A/LightGBM,pr,0.998915749432082,0.9975844373656629
E1/A/LightGBM,pr,0.998915749432082,0.9975549352530065
E1/A/LightGBM,pr,0.998915749432082,0.9974350413979931
E1/A/LightGBM,pr,0.998915749432082,0.9973998399461272
E1/A/LightGBM,pr,0.998915749432082,0.9973684461528189
E1/A/LightGBM,pr,0.998915749432082,0.9973456155444111
E1/A/LightGBM,pr,0.9989205258663019,0.9973361158031377
E1/A/LightGBM,pr,0.9989205258663019,0.9973151891623295
E1/A/LightGBM,pr,0.9989214811531458,0.9973028264052151
E1/A/LightGBM,pr,0.9989233917268339,0.997293319993858
E1/A/LightGBM,pr,0.9989233917268339,0.9972676396984771
E1/A/LightGBM,pr,0.9989243470136778,0.9972343550325202
E1/A/LightGBM,pr,0.9989243470136778,0.9972248447915772
E1/A/LightGBM,pr,0.9989243470136778,0.9971753944625525
E1/A/LightGBM,pr,0.9989243470136778,0.99714686765738
E1/A/LightGBM,pr,0.9989243470136778,0.9966279648271379
E1/A/LightGBM,pr,0.9989243470136778,0.9965994693342279
E1/A/LightGBM,pr,0.9989243470136778,0.996499747939921
E1/A/LightGBM,pr,0.9989243470136778,0.9964693606255093
E1/A/LightGBM,pr,0.9989272128742097,0.9964503796426175
E1/A/LightGBM,pr,0.9989281681610537,0.9963972119127364
E1/A/LightGBM,pr,0.9989281681610537,0.996378223604911
E1/A/LightGBM,pr,0.9989281681610537,0.9963544892378348
E1/A/LightGBM,pr,0.9989281681610537,0.9963402491603345
E1/A/LightGBM,pr,0.9989281681610537,0.9963288573914021
E1/A/LightGBM,pr,0.9989281681610537,0.996295632886548
E1/A/LightGBM,pr,0.9989281681610537,0.9956685802102961
E1/A/LightGBM,pr,0.9989291234478977,0.9956572079303325
E1/A/LightGBM,pr,0.9989291234478977,0.9956278200893669
E1/A/LightGBM,pr,0.9989291234478977,0.9956003298086462
E1/A/LightGBM,pr,0.9989300787347417,0.9955463058520665
E1/A/LightGBM,pr,0.9989310340215857,0.9954723864122089
E1/A/LightGBM,pr,0.9989319893084296,0.9954022682143476
E1/A/LightGBM,pr,0.9989319893084296,0.9953899504155518
E1/A/LightGBM,pr,0.9989319893084296,0.995342577107334
E1/A/LightGBM,pr,0.9989319893084296,0.9952904716762038
E1/A/LightGBM,pr,0.9989319893084296,0.995270578314331
E1/A/LightGBM,pr,0.9989329445952736,0.9952184849716336
E1/A/LightGBM,pr,0.9989329445952736,0.9951957530761741
E1/A/LightGBM,pr,0.9989329445952736,0.9950660117197685
E1/A/LightGBM,pr,0.9989338998821176,0.9950565475765664
E1/A/LightGBM,pr,0.9989377210294935,0.9950508851978551
E1/A/LightGBM,pr,0.9989377210294935,0.995009225083473
E1/A/LightGBM,pr,0.9989405868900255,0.9949770499040892
E1/A/LightGBM,pr,0.9989424974637134,0.9949335124602292
E1/A/LightGBM,pr,0.9989444080374014,0.9948511720433484
E1/A/LightGBM,pr,0.9989587373400611,0.9948048711111449
E1/A/LightGBM,pr,0.9990342050007356,0.9947711958238054
E1/A/LightGBM,pr,0.9990485343033952,0.9947305844866124
E1/A/LightGBM,pr,0.9990561765981472,0.9947277861743017
E1/A/LightGBM,pr,0.9991278231114457,0.9946647798437094
E1/A/LightGBM,pr,0.9991306889719777,0.9946260129124043
E1/A/LightGBM,pr,0.9991325995456656,0.9945891356691023
E1/A/LightGBM,pr,0.9991335548325095,0.994542798947927
E1/A/LightGBM,pr,0.9991354654061975,0.9944066462315456
E1/A/LightGBM,pr,0.9991354654061975,0.9943782836128822
E1/A/LightGBM,pr,0.9991354654061975,0.9943631575444701
E1/A/LightGBM,pr,0.9991373759798855,0.9943329175634873
E1/A/LightGBM,pr,0.9991373759798855,0.9942884901859568
E1/A/LightGBM,pr,0.9991373759798855,0.9942506827789507
E1/A/LightGBM,pr,0.9991373759798855,0.9939870560618876
E1/A/LightGBM,pr,0.9991373759798855,0.9939719419223262
E1/A/LightGBM,pr,0.9991373759798855,0.9938973225952058
E1/A/LightGBM,pr,0.9991373759798855,0.9933781313071353
E1/A/LightGBM,pr,0.9991392865535734,0.9933092739446318
E1/A/LightGBM,pr,0.9991392865535734,0.9932988971101494
E1/A/LightGBM,pr,0.9991402418404174,0.9932847536081035
E1/A/LightGBM,pr,0.9991459735614813,0.9932414017087848
E1/A/LightGBM,pr,0.9991784533141767,0.9932265290638215
E1/A/LightGBM,pr,0.9991794086010206,0.9932189902458294
E1/A/LightGBM,pr,0.9991803638878646,0.9931746706978016
E1/A/LightGBM,pr,0.9991822744615526,0.9931671392190636
E1/A/LightGBM,pr,0.9991822744615526,0.993116217242689
E1/A/LightGBM,pr,0.9991937379036804,0.9930983801274365
E1/A/LightGBM,pr,0.999210933066872,0.9930805834792285
E1/A/LightGBM,pr,0.9993322544960576,0.9930352254130262
E1/A/LightGBM,pr,0.9993418073644973,0.9930022999765541
E1/A/LightGBM,pr,0.9993418073644973,0.9929353809939633
E1/A/LightGBM,pr,0.9993418073644973,0.9928863756297385
E1/A/LightGBM,pr,0.9993418073644973,0.99282983698912
E1/A/LightGBM,pr,0.9993418073644973,0.9927751890901844
E1/A/LightGBM,pr,0.9993418073644973,0.9927582306206038
E1/A/LightGBM,pr,0.9993418073644973,0.9927243154194788
E1/A/LightGBM,pr,0.9993427626513414,0.992707365608183
E1/A/LightGBM,pr,0.9993427626513414,0.9926970034560179
E1/A/LightGBM,pr,0.9993427626513414,0.9926847575550826
E1/A/LightGBM,pr,0.9993427626513414,0.9926725119562742
E1/A/LightGBM,pr,0.9993427626513414,0.9926527312425453
E1/A/LightGBM,pr,0.9993427626513414,0.99264331213213
E1/A/LightGBM,pr,0.9993437179381853,0.9926028190129185
E1/A/LightGBM,pr,0.9993456285118733,0.9925529189635378
E1/A/LightGBM,pr,0.9993465837987172,0.992468177837905
E1/A/LightGBM,pr,0.9993465837987172,0.9924474638145193
E1/A/LightGBM,pr,0.9993494496592492,0.9924286551826856
E1/A/LightGBM,pr,0.9993504049460932,0.9923411117435021
E1/A/LightGBM,pr,0.9993504049460932,0.9922479296670109
E1/A/LightGBM,pr,0.9993504049460932,0.9922225194105049
E1/A/LightGBM,pr,0.9993504049460932,0.9921735848054493
E1/A/LightGBM,pr,0.9993504049460932,0.9921199504948147
E1/A/LightGBM,pr,0.9993523155197811,0.9920860941911267
E1/A/LightGBM,pr,0.9993523155197811,0.9920785675607242
E1/A/LightGBM,pr,0.9993523155197811,0.992066337029893
E1/A/LightGBM,pr,0.9993532708066251,0.9920569366669669
E1/A/LightGBM,pr,0.9993532708066251,0.992033417731122
E1/A/LightGBM,pr,0.999357091954001,0.9920118115948213
E1/A/LightGBM,pr,0.9993590025276889,0.9920005386076424
E1/A/LightGBM,pr,0.9993695106829728,0.99199403748759
E1/A/LightGBM,pr,0.9993695106829728,0.9919799280108932
E1/A/LightGBM,pr,0.9993695106829728,0.9919658189355587
E1/A/LightGBM,pr,0.9993695106829728,0.9919028032988018
E1/A/LightGBM,pr,0.9993695106829728,0.9918510800281776
E1/A/LightGBM,pr,0.9993695106829728,0.9918153471011463
E1/A/LightGBM,pr,0.9993695106829728,0.9917636329507771
E1/A/LightGBM,pr,0.9993704659698167,0.9917326148864123
E1/A/LightGBM,pr,0.9993704659698167,0.9916536486968127
E1/A/LightGBM,pr,0.9993704659698167,0.9916395489148002
E1/A/LightGBM,pr,0.9993704659698167,0.9915746950814949
E1/A/LightGBM,pr,0.9993704659698167,0.9915493198036516
E1/A/LightGBM,pr,0.9993723765435047,0.9915305401934441
E1/A/LightGBM,pr,0.9993733318303487,0.9915202109379517
E1/A/LightGBM,pr,0.9993733318303487,0.9915089341480359
E1/A/LightGBM,pr,0.9993733318303487,0.990971704520589
E1/A/LightGBM,pr,0.9993733318303487,0.9909426055590919
E1/A/LightGBM,pr,0.9993733318303487,0.9908309189633568
E1/A/LightGBM,pr,0.9993905269935404,0.9908235679642224
E1/A/LightGBM,pr,0.9993905269935404,0.9907907248089767
E1/A/LightGBM,pr,0.9993914822803843,0.9907560160237895
E1/A/LightGBM,pr,0.9993914822803843,0.9905843408801899
E1/A/LightGBM,pr,0.9993924375672283,0.9905308894109003
E1/A/LightGBM,pr,0.9993933928540722,0.9904999502937403
E1/A/LightGBM,pr,0.9993933928540722,0.9902993035907154
E1/A/LightGBM,pr,0.9993933928540722,0.9901793294571846
E1/A/LightGBM,pr,0.9993943481409163,0.990165281199512
E1/A/LightGBM,pr,0.9993943481409163,0.9900406550228259
E1/A/LightGBM,pr,0.9993943481409163,0.9900322228057973
E1/A/LightGBM,pr,0.9993943481409163,0.990004116453037
E1/A/LightGBM,pr,0.9993943481409163,0.9896969244028029
E1/A/LightGBM,pr,0.9993943481409163,0.9896566664080991
E1/A/LightGBM,pr,0.9993943481409163,0.9894245446652682
E1/A/LightGBM,pr,0.9993943481409163,0.9894095728080048
E1/A/LightGBM,pr,0.9993943481409163,0.9893459474692606
E1/A/LightGBM,pr,0.9993943481409163,0.9892449122780475
E1/A/LightGBM,pr,0.9993943481409163,0.9890672152597624
E1/A/LightGBM,pr,0.9993943481409163,0.9890559944334567
E1/A/LightGBM,pr,0.9993943481409163,0.9889998941206721
E1/A/LightGBM,pr,0.9993953034277603,0.9889737265760226
E1/A/LightGBM,pr,0.9993962587146042,0.9889643880784384
E1/A/LightGBM,pr,0.9993962587146042,0.9889541044694993
E1/A/LightGBM,pr,0.9993962587146042,0.9889456907667119
E1/A/LightGBM,pr,0.9993962587146042,0.9889316682468666
E1/A/LightGBM,pr,0.9993962587146042,0.9889157765384252
E1/A/LightGBM,pr,0.9993962587146042,0.9889073634877859
E1/A/LightGBM,pr,0.9993962587146042,0.9888980158216272
E1/A/LightGBM,pr,0.9993962587146042,0.9888867988555019
E1/A/LightGBM,pr,0.9993962587146042,0.9888662350784959
E1/A/LightGBM,pr,0.9993962587146042,0.9888522148117902
E1/A/LightGBM,pr,0.9993962587146042,0.9887344602653451
E1/A/LightGBM,pr,0.9993962587146042,0.9887232470092788
E1/A/LightGBM,pr,0.9993962587146042,0.9887101651986542
E1/A/LightGBM,pr,0.9993962587146042,0.9887017556460507
E1/A/LightGBM,pr,0.9993962587146042,0.9886802652170955
E1/A/LightGBM,pr,0.9993962587146042,0.9886578414176848
E1/A/LightGBM,pr,0.9993962587146042,0.9885550786838341
E1/A/LightGBM,pr,0.9993972140014482,0.9885448144095519
E1/A/LightGBM,pr,0.9994153644514838,0.9885356794261131
E1/A/LightGBM,pr,0.9994172750251719,0.988520756464102
E1/A/LightGBM,pr,0.9994382913357394,0.9884556189929112
E1/A/LightGBM,pr,0.999509937849038,0.9883453252360832
E1/A/LightGBM,pr,0.9995118484227259,0.9882529289754158
E1/A/LightGBM,pr,0.9995137589964138,0.9881428188264271
E1/A/LightGBM,pr,0.9995147142832579,0.9878666740940132
E1/A/LightGBM,pr,0.9995147142832579,0.9878564145171645
E1/A/LightGBM,pr,0.9995147142832579,0.9878461551534171
E1/A/LightGBM,pr,0.9995147142832579,0.9877883336338653
E1/A/LightGBM,pr,0.9995147142832579,0.9877100055979466
E1/A/LightGBM,pr,0.9995309541596055,0.9877083380532711
E1/A/LightGBM,pr,0.9995376411675134,0.9876972308621755
E1/A/LightGBM,pr,0.9995385964543574,0.9876767310629445
E1/A/LightGBM,pr,0.999552925757017,0.9876526662255444
E1/A/LightGBM,pr,0.9995634339123008,0.9876183024105517
E1/A/LightGBM,pr,0.9996417674335073,0.9875092835768218
E1/A/LightGBM,pr,0.9996666048914508,0.9874741797682619
E1/A/LightGBM,pr,0.9996704260388267,0.9873931660222188
E1/A/LightGBM,pr,0.9996713813256707,0.9873400762350455
E1/A/LightGBM,pr,0.9996742471862026,0.9872674560667798
E1/A/LightGBM,pr,0.9996742471862026,0.9871361435031724
E1/A/LightGBM,pr,0.9996742471862026,0.9870923804106781
E1/A/LightGBM,pr,0.9996761577598906,0.9868671332232484
E1/A/LightGBM,pr,0.9996761577598906,0.9868447978483936
E1/A/LightGBM,pr,0.9996761577598906,0.9868326999424761
E1/A/LightGBM,pr,0.9996761577598906,0.9868215329079761
E1/A/LightGBM,pr,0.9996761577598906,0.9868131577979558
E1/A/LightGBM,pr,0.9996761577598906,0.986796408004383
E1/A/LightGBM,pr,0.9996761577598906,0.9867787282835827
E1/A/LightGBM,pr,0.9996761577598906,0.9867694234218264
E1/A/LightGBM,pr,0.9996761577598906,0.9865805726590245
E1/A/LightGBM,pr,0.9996771130467346,0.9864448064190158
E1/A/LightGBM,pr,0.9996771130467346,0.9863657742760382
E1/A/LightGBM,pr,0.9996790236204225,0.986018209588348
E1/A/LightGBM,pr,0.9996790236204225,0.9860024158458381
E1/A/LightGBM,pr,0.9996809341941104,0.9859578509406657
E1/A/LightGBM,pr,0.9996990846441461,0.9859525287803573
E1/A/LightGBM,pr,0.9997009952178341,0.9859219020270652
E1/A/LightGBM,pr,0.9997076822257419,0.9858987741505161
E1/A/LightGBM,pr,0.9997076822257419,0.985873697002812
E1/A/LightGBM,pr,0.9997076822257419,0.9858569796130617
E1/A/LightGBM,pr,0.9997076822257419,0.9856963358281073
E1/A/LightGBM,pr,0.9997086375125859,0.9855998025976863
E1/A/LightGBM,pr,0.9997430278389692,0.984786920911185
E1/A/LightGBM,pr,0.9997430278389692,0.9846961146102472
E1/A/LightGBM,pr,0.9997439831258131,0.9846340568460865
E1/A/LightGBM,pr,0.9997449384126572,0.9842692085228048
E1/A/LightGBM,pr,0.9997449384126572,0.9842405125195618
E1/A/LightGBM,pr,0.9997716864442886,0.9839697936381235
E1/A/LightGBM,pr,0.9997764628785085,0.982980993564336
E1/A/LightGBM,pr,0.9998137190654238,0.9825109998582481
E1/A/LightGBM,pr,0.9999808942631204,0.9777719242693
E1/A/LightGBM,pr,0.9999875812710283,0.9769571705757347
E1/A/LightGBM,pr,0.999996178852624,0.9747939694748898
E1/A/LightGBM,pr,0.999996178852624,0.9743920067987635
E1/A/LightGBM,pr,1.0,0.9734551788206828
E1/A/LightGBM,pr,1.0,0.9721506620579238
E1/A/LightGBM,pr,1.0,0.9721425367499905
E1/A/LightGBM,pr,1.0,0.9721308004338717
E1/A/LightGBM,pr,1.0,0.9721226754579435
E1/A/LightGBM,pr,1.0,0.9721145506178297
E1/A/LightGBM,pr,1.0,0.9721010095194406
E1/A/LightGBM,pr,1.0,0.9720838580030235
E1/A/LightGBM,pr,1.0,0.9720766364929667
E1/A/LightGBM,pr,1.0,0.9720585831872344
E1/A/LightGBM,pr,1.0,0.9720315044859164
E1/A/LightGBM,pr,1.0,0.9720179657009994
E1/A/LightGBM,pr,1.0,0.9720107451699198
E1/A/LightGBM,pr,1.0,0.9719981094986551
E1/A/LightGBM,pr,1.0,0.9719899867406023
E1/A/LightGBM,pr,1.0,0.9719773516090274
E1/A/LightGBM,pr,1.0,0.9719647168059424
E1/A/LightGBM,pr,1.0,0.9719511798814315
E1/A/LightGBM,pr,1.0,0.9719331312352895
E1/A/LightGBM,pr,1.0,0.9717932769520697
E1/A/LightGBM,pr,1.0,0.9717806469340997
E1/A/LightGBM,pr,1.0,0.9717698214657042
E1/A/LightGBM,pr,1.0,0.9717598983315494
E1/A/LightGBM,pr,1.0,0.9717499754000509
E1/A/Linear_SVM,roc,0.0,0.0
E1/A/Linear_SVM,roc,0.004468980021030494,0.00020252081092389613
E1/A/Linear_SVM,roc,0.016627234490010516,0.00029613892163399903
E1/A/Linear_SVM,roc,0.01984752891692955,0.000995408891427829
E1/A/Linear_SVM,roc,0.02310068349106204,0.001539922392496795
E1/A/Linear_SVM,roc,0.03190720294426919,0.0022458793701984896
E1/A/Linear_SVM,roc,0.032761566771819135,0.006479710662720695
E1/A/Linear_SVM,roc,0.032827287066246054,0.010658135318292024
E1/A/Linear_SVM,roc,0.032827287066246054,0.014439160646767405
E1/A/Linear_SVM,roc,0.032827287066246054,0.016450994740190638
E1/A/Linear_SVM,roc,0.032827287066246054,0.017740631979564502
E1/A/Linear_SVM,roc,0.032827287066246054,0.01849339801262125
E1/A/Linear_SVM,roc,0.032827287066246054,0.01941524981706257
E1/A/Linear_SVM,roc,0.032827287066246054,0.020051470855153675
E1/A/Linear_SVM,roc,0.032827287066246054,0.02078322057764285
E1/A/Linear_SVM,roc,0.032827287066246054,0.021548405339671343
E1/A/Linear_SVM,roc,0.032827287066246054,0.022266781046344785
E1/A/Linear_SVM,roc,0.032827287066246054,0.023080685437416294
E1/A/Linear_SVM,roc,0.032827287066246054,0.02365863397802458
E1/A/Linear_SVM,roc,0.032827287066246054,0.024306318458243457
E1/A/Linear_SVM,roc,0.032827287066246054,0.025008454288569227
E1/A/Linear_SVM,roc,0.032827287066246054,0.025608374426589073
E1/A/Linear_SVM,roc,0.032827287066246054,0.026310510256914842
E1/A/Linear_SVM,roc,0.032827287066246054,0.026877950642239346
E1/A/Linear_SVM,roc,0.032827287066246054,0.02766319642799143
E1/A/Linear_SVM,roc,0.032827287066246054,0.028231592100159915
E1/A/Linear_SVM,roc,0.032827287066246054,0.028867813138251024
E1/A/Linear_SVM,roc,0.032827287066246054,0.029546066797477278
E1/A/Linear_SVM,roc,0.032827287066246054,0.03024915791464703
E1/A/Linear_SVM,roc,0.032827287066246054,0.0309465173107529
E1/A/Linear_SVM,roc,0.032827287066246054,0.031536884580332936
E1/A/Linear_SVM,roc,0.032827287066246054,0.03219412192899162
E1/A/Linear_SVM,roc,0.032827287066246054,0.0328217453854869
E1/A/Linear_SVM,roc,0.032827287066246054,0.033393962205031304
E1/A/Linear_SVM,roc,0.032827287066246054,0.03399961406411503
E1/A/Linear_SVM,roc,0.032827287066246054,0.03459475776791497
E1/A/Linear_SVM,roc,0.032827287066246054,0.03509437278731685
E1/A/Linear_SVM,roc,0.032827287066246054,0.03559398780671872
E1/A/Linear_SVM,roc,0.032827287066246054,0.0360639889339572
E1/A/Linear_SVM,roc,0.032827287066246054,0.03666486435882102
E1/A/Linear_SVM,roc,0.032827287066246054,0.037185495688790475
E1/A/Linear_SVM,roc,0.032827287066246054,0.037708992879291865
E1/A/Linear_SVM,roc,0.032827287066246054,0.038146514253835
E1/A/Linear_SVM,roc,0.032827287066246054,0.03867192201802435
E1/A/Linear_SVM,roc,0.032827287066246054,0.03917631347164613
E1/A/Linear_SVM,roc,0.032827287066246054,0.039689302506863734
E1/A/Linear_SVM,roc,0.032827287066246054,0.040210889123677165
E1/A/Linear_SVM,roc,0.032827287066246054,0.04072387815889477
E1/A/Linear_SVM,roc,0.032827287066246054,0.041262659938899854
E1/A/Linear_SVM,roc,0.032827287066246054,0.04171164475557076
E1/A/Linear_SVM,roc,0.032827287066246054,0.0422571135434837
E1/A/Linear_SVM,roc,0.032827287066246054,0.042783476594517034
E1/A/Linear_SVM,roc,0.032827287066246054,0.043262075303351334
E1/A/Linear_SVM,roc,0.032827287066246054,0.04376837733066108
E1/A/Linear_SVM,roc,0.032827287066246054,0.04426608177637499
E1/A/Linear_SVM,roc,0.032827287066246054,0.04476092036155697
E1/A/Linear_SVM,roc,0.032827287066246054,0.04526053538095884
E1/A/Linear_SVM,roc,0.032827287066246054,0.04582797576628334
E1/A/Linear_SVM,roc,0.032827287066246054,0.04634860709625279
E1/A/Linear_SVM,roc,0.032827287066246054,0.04682433994455515
E1/A/Linear_SVM,roc,0.032827287066246054,0.047344971274524604
E1/A/Linear_SVM,roc,0.032827287066246054,0.04785796030974221
E1/A/Linear_SVM,roc,0.032827287066246054,0.04841298196609496
E1/A/Linear_SVM,roc,0.032827287066246054,0.04892119456709266
E1/A/Linear_SVM,roc,0.032827287066246054,0.049507740689296774
E1/A/Linear_SVM,roc,0.032827287066246054,0.05003696960086205
E1/A/Linear_SVM,roc,0.032827287066246054,0.05052130003076024
E1/A/Linear_SVM,roc,0.032827287066246054,0.051042886647573664
E1/A/Linear_SVM,roc,0.032827287066246054,0.05156733912491904
E1/A/Linear_SVM,roc,0.032827287066246054,0.05202301094949781
E1/A/Linear_SVM,roc,0.032827287066246054,0.0524872803556724
E1/A/Linear_SVM,roc,0.032827287066246054,0.05293244402496738
E1/A/Linear_SVM,roc,0.032827287066246054,0.05341199802064566
E1/A/Linear_SVM,roc,0.032827287066246054,0.05394504807958686
E1/A/Linear_SVM,roc,0.032827287066246054,0.05443797609108087
E1/A/Linear_SVM,roc,0.032827287066246054,0.05489269262881565
E1/A/Linear_SVM,roc,0.032827287066246054,0.055372246624493936
E1/A/Linear_SVM,roc,0.032827287066246054,0.05585944291492406
E1/A/Linear_SVM,roc,0.032827287066246054,0.056270216257835744
E1/A/Linear_SVM,roc,0.032827287066246054,0.05676887599039364
E1/A/Linear_SVM,roc,0.032827287066246054,0.05723983240447609
E1/A/Linear_SVM,roc,0.032827287066246054,0.05772607340806224
E1/A/Linear_SVM,roc,0.032827287066246054,0.05816646064313732
E1/A/Linear_SVM,roc,0.032827287066246054,0.058611624312432296
E1/A/Linear_SVM,roc,0.032827287066246054,0.059044369252755524
E1/A/Linear_SVM,roc,0.032827287066246054,0.059506728085242155
E1/A/Linear_SVM,roc,0.032827287066246054,0.059985326794076456
E1/A/Linear_SVM,roc,0.032827287066246054,0.060444819766031145
E1/A/Linear_SVM,roc,0.032827287066246054,0.06091959732748953
E1/A/Linear_SVM,roc,0.032827287066246054,0.06141252533898354
E1/A/Linear_SVM,roc,0.032827287066246054,0.06196181527427241
E1/A/Linear_SVM,roc,0.032827287066246054,0.06250632877534137
E1/A/Linear_SVM,roc,0.032827287066246054,0.06298301691048772
E1/A/Linear_SVM,roc,0.032827287066246054,0.06346066033247803
E1/A/Linear_SVM,roc,0.032827287066246054,0.06388958412542534
E1/A/Linear_SVM,roc,0.032827287066246054,0.0643949308658911
E1/A/Linear_SVM,roc,0.032827287066246054,0.06489932231951288
E1/A/Linear_SVM,roc,0.032827287066246054,0.06535403885724766
E1/A/Linear_SVM,roc,0.032827287066246054,0.06583836928714586
E1/A/Linear_SVM,roc,0.032827287066246054,0.06626633779324918
E1/A/Linear_SVM,roc,0.032827287066246054,0.06666660298087707
E1/A/Linear_SVM,roc,0.032827287066246054,0.06712991710020767
E1/A/Linear_SVM,roc,0.032827287066246054,0.0675282717141476
E1/A/Linear_SVM,roc,0.032827287066246054,0.06790083358330005
E1/A/Linear_SVM,roc,0.032827287066246054,0.06828485889458027
E1/A/Linear_SVM,roc,0.032827287066246054,0.06865551019004476
E1/A/Linear_SVM,roc,0.032827287066246054,0.06903475906710509
E1/A/Linear_SVM,roc,0.032827287066246054,0.06939490220728578
E1/A/Linear_SVM,roc,0.032827287066246054,0.06977606165803406
E1/A/Linear_SVM,roc,0.032827287066246054,0.07010276975867544
E1/A/Linear_SVM,roc,0.032827287066246054,0.07045718117779226
E1/A/Linear_SVM,roc,0.032827287066246054,0.0707609623941781
E1/A/Linear_SVM,roc,0.032827287066246054,0.07112015024751482
E1/A/Linear_SVM,roc,0.032827287066246054,0.07146500879819183
E1/A/Linear_SVM,roc,0.032827287066246054,0.07177929816986146
E1/A/Linear_SVM,roc,0.032827287066246054,0.07210505098365887
E1/A/Linear_SVM,roc,0.032827287066246054,0.07244513310011597
E1/A/Linear_SVM,roc,0.032827287066246054,0.07277661763497725
E1/A/Linear_SVM,roc,0.032827287066246054,0.07310045987508669
E1/A/Linear_SVM,roc,0.032827287066246054,0.07344818428629564
E1/A/Linear_SVM,roc,0.032827287066246054,0.07376342894480926
E1/A/Linear_SVM,roc,0.032827287066246054,0.07406529958750714
E1/A/Linear_SVM,roc,0.032827287066246054,0.07442544272768785
E1/A/Linear_SVM,roc,0.032827287066246054,0.0747483296809533
E1/A/Linear_SVM,roc,0.032827287066246054,0.07506835077368681
E1/A/Linear_SVM,roc,0.032827287066246054,0.07542658334017956
E1/A/Linear_SVM,roc,0.032827287066246054,0.07579341348826812
E1/A/Linear_SVM,roc,0.032827287066246054,0.07611821101522154
E1/A/Linear_SVM,roc,0.032827287066246054,0.07645447198430273
E1/A/Linear_SVM,roc,0.032827287066246054,0.07679359881391586
E1/A/Linear_SVM,roc,0.032827287066246054,0.07712126220140121
E1/A/Linear_SVM,roc,0.032827287066246054,0.07747185247314212
E1/A/Linear_SVM,roc,0.032827287066246054,0.07778996299218767
E1/A/Linear_SVM,roc,0.032827287066246054,0.07812622396126885
E1/A/Linear_SVM,roc,0.032827287066246054,0.07843191575134266
E1/A/Linear_SVM,roc,0.032827287066246054,0.07875766856514005
E1/A/Linear_SVM,roc,0.032827287066246054,0.07907673437102959
E1/A/Linear_SVM,roc,0.032827287066246054,0.07942541406908252
E1/A/Linear_SVM,roc,0.032827287066246054,0.07978460192241925
E1/A/Linear_SVM,roc,0.032827287066246054,0.0801218181783444
E1/A/Linear_SVM,roc,0.032827287066246054,0.08045234742636172
E1/A/Linear_SVM,roc,0.032827287066246054,0.08078192138753504
E1/A/Linear_SVM,roc,0.032827287066246054,0.08110385305395651
E1/A/Linear_SVM,roc,0.032827287066246054,0.08143438230197382
E1/A/Linear_SVM,roc,0.032827287066246054,0.08177924085265083
E1/A/Linear_SVM,roc,0.032827287066246054,0.08213460755861163
E1/A/Linear_SVM,roc,0.032827287066246054,0.08244412049606135
E1/A/Linear_SVM,roc,0.032827287066246054,0.08276605216248283
E1/A/Linear_SVM,roc,0.032827287066246054,0.08308989440259226
E1/A/Linear_SVM,roc,0.032827287066246054,0.08345959041121277
E1/A/Linear_SVM,roc,0.032827287066246054,0.08382546527245736
E1/A/Linear_SVM,roc,0.032827287066246054,0.08416172624153855
E1/A/Linear_SVM,roc,0.032827287066246054,0.084484613194804
E1/A/Linear_SVM,roc,0.032827287066246054,0.08483233760601296
E1/A/Linear_SVM,roc,0.032827287066246054,0.08518865959881773
E1/A/Linear_SVM,roc,0.032827287066246054,0.08549912782311145
E1/A/Linear_SVM,roc,0.032827287066246054,0.08580959604740515
E1/A/Linear_SVM,roc,0.032827287066246054,0.08614585701648635
E1/A/Linear_SVM,roc,0.032827287066246054,0.0864840285592555
E1/A/Linear_SVM,roc,0.032827287066246054,0.08683748469152833
E1/A/Linear_SVM,roc,0.032827287066246054,0.08716992451323359
E1/A/Linear_SVM,roc,0.032827287066246054,0.08749376675334303
E1/A/Linear_SVM,roc,0.032827287066246054,0.08782429600136032
E1/A/Linear_SVM,roc,0.032827287066246054,0.08814909352831375
E1/A/Linear_SVM,roc,0.032827287066246054,0.0885073260948065
E1/A/Linear_SVM,roc,0.032827287066246054,0.08885600579285942
E1/A/Linear_SVM,roc,0.032827287066246054,0.08917602688559294
E1/A/Linear_SVM,roc,0.032827287066246054,0.08953617002577365
E1/A/Linear_SVM,roc,0.032827287066246054,0.08988771558435851
E1/A/Linear_SVM,roc,0.032827287066246054,0.09021728954553183
E1/A/Linear_SVM,roc,0.032827287066246054,0.09056596924358477
E1/A/Linear_SVM,roc,0.032827287066246054,0.09092229123638955
E1/A/Linear_SVM,roc,0.032827287066246054,0.09128052380288229
E1/A/Linear_SVM,roc,0.032827287066246054,0.09161869534565144
E1/A/Linear_SVM,roc,0.032827287066246054,0.09196546447001641
E1/A/Linear_SVM,roc,0.032827287066246054,0.09229599371803371
E1/A/Linear_SVM,roc,0.032827287066246054,0.09263512054764685
E1/A/Linear_SVM,roc,0.032827287066246054,0.09298666610623171
E1/A/Linear_SVM,roc,0.032827287066246054,0.09334489867272446
E1/A/Linear_SVM,roc,0.032827287066246054,0.0936983548049973
E1/A/Linear_SVM,roc,0.032827287066246054,0.09405085565042616
E1/A/Linear_SVM,roc,0.032827287066246054,0.094403356495855
E1/A/Linear_SVM,roc,0.032827287066246054,0.09475108090706397
E1/A/Linear_SVM,roc,0.032827287066246054,0.09511791105515253
E1/A/Linear_SVM,roc,0.032827287066246054,0.09546563546636148
E1/A/Linear_SVM,roc,0.032827287066246054,0.09585539249870559
E1/A/Linear_SVM,roc,0.032827287066246054,0.0962098039178224
E1/A/Linear_SVM,roc,0.032827287066246054,0.09660720324491835
E1/A/Linear_SVM,roc,0.032827287066246054,0.09695683822981527
E1/A/Linear_SVM,roc,0.032827287066246054,0.09730838378840015
E1/A/Linear_SVM,roc,0.032827287066246054,0.09768667737861647
E1/A/Linear_SVM,roc,0.032827287066246054,0.09804395465826524
E1/A/Linear_SVM,roc,0.032827287066246054,0.09841365066688575
E1/A/Linear_SVM,roc,0.032827287066246054,0.098795765404478
E1/A/Linear_SVM,roc,0.032827287066246054,0.09915590854465871
E1/A/Linear_SVM,roc,0.032827287066246054,0.09950936467693154
E1/A/Linear_SVM,roc,0.032827287066246054,0.09988001597239603
E1/A/Linear_SVM,roc,0.032827287066246054,0.10021341108094528
E1/A/Linear_SVM,roc,0.032827287066246054,0.10056973307375006
E1/A/Linear_SVM,roc,0.032827287066246054,0.10094898195081037
E1/A/Linear_SVM,roc,0.032827287066246054,0.10132918611471467
E1/A/Linear_SVM,roc,0.032827287066246054,0.10171894314705877
E1/A/Linear_SVM,roc,0.032827287066246054,0.10212398476890656
E1/A/Linear_SVM,roc,0.032827287066246054,0.10251947352231454
E1/A/Linear_SVM,roc,0.032827287066246054,0.10290445412043875
E1/A/Linear_SVM,roc,0.032827287066246054,0.10323689394214401
E1/A/Linear_SVM,roc,0.032827287066246054,0.1036170981060483
E1/A/Linear_SVM,roc,0.032827287066246054,0.10396482251725726
E1/A/Linear_SVM,roc,0.032827287066246054,0.10438992516282865
E1/A/Linear_SVM,roc,0.032827287066246054,0.10474815772932139
E1/A/Linear_SVM,roc,0.032827287066246054,0.10513504890113354
E1/A/Linear_SVM,roc,0.032827287066246054,0.10547990745181056
E1/A/Linear_SVM,roc,0.032827287066246054,0.10583145301039543
E1/A/Linear_SVM,roc,0.032827287066246054,0.10621165717429973
E1/A/Linear_SVM,roc,0.032827287066246054,0.10657084502763645
E1/A/Linear_SVM,roc,0.032827287066246054,0.10692907759412919
E1/A/Linear_SVM,roc,0.032827287066246054,0.10729972888959367
E1/A/Linear_SVM,roc,0.032827287066246054,0.10770094936406555
E1/A/Linear_SVM,roc,0.032827287066246054,0.10805631607002635
E1/A/Linear_SVM,roc,0.032827287066246054,0.10842696736549083
E1/A/Linear_SVM,roc,0.032827287066246054,0.10880143980833125
E1/A/Linear_SVM,roc,0.032827287066246054,0.1091740016774837
E1/A/Linear_SVM,roc,0.032827287066246054,0.10952459194922459
E1/A/Linear_SVM,roc,0.032827287066246054,0.10991530426841267
E1/A/Linear_SVM,roc,0.032827287066246054,0.11027353683490541
E1/A/Linear_SVM,roc,0.032827287066246054,0.11064514341721389
E1/A/Linear_SVM,roc,0.032827287066246054,0.11099668897579876
E1/A/Linear_SVM,roc,0.032827287066246054,0.11136351912388733
E1/A/Linear_SVM,roc,0.032827287066246054,0.11169882480612453
E1/A/Linear_SVM,roc,0.032827287066246054,0.11206661024105709
E1/A/Linear_SVM,roc,0.032827287066246054,0.1124458591181174
E1/A/Linear_SVM,roc,0.032827287066246054,0.11283657143730548
E1/A/Linear_SVM,roc,0.032827287066246054,0.11317856412745055
E1/A/Linear_SVM,roc,0.032827287066246054,0.11355972357819882
E1/A/Linear_SVM,roc,0.032827287066246054,0.11391891143153554
E1/A/Linear_SVM,roc,0.032827287066246054,0.11423893252426906
E1/A/Linear_SVM,roc,0.032827287066246054,0.11458092521441413
E1/A/Linear_SVM,roc,0.032827287066246054,0.11492960491246706
E1/A/Linear_SVM,roc,0.032827287066246054,0.11528210575789592
E1/A/Linear_SVM,roc,0.032827287066246054,0.11563747246385672
E1/A/Linear_SVM,roc,0.032827287066246054,0.11599283916981752
E1/A/Linear_SVM,roc,0.032827287066246054,0.11632145784414687
E1/A/Linear_SVM,roc,0.032827287066246054,0.11663383664212854
E1/A/Linear_SVM,roc,0.032827287066246054,0.11698824806124535
E1/A/Linear_SVM,roc,0.032827287066246054,0.1173560334961779
E1/A/Linear_SVM,roc,0.032827287066246054,0.11769133917841511
E1/A/Linear_SVM,roc,0.032827287066246054,0.11799894154217687
E1/A/Linear_SVM,roc,0.032827287066246054,0.11833520251125805
E1/A/Linear_SVM,roc,0.032827287066246054,0.11868483749615497
E1/A/Linear_SVM,roc,0.032827287066246054,0.11903733834158382
E1/A/Linear_SVM,roc,0.032827287066246054,0.11939748148176453
E1/A/Linear_SVM,roc,0.032827287066246054,0.1197299213034698
E1/A/Linear_SVM,roc,0.032827287066246054,0.12011203604106205
E1/A/Linear_SVM,roc,0.032827287066246054,0.12048746377074644
E1/A/Linear_SVM,roc,0.032827287066246054,0.12086098092674287
E1/A/Linear_SVM,roc,0.032827287066246054,0.12122685578798746
E1/A/Linear_SVM,roc,0.032827287066246054,0.12158795421501215
E1/A/Linear_SVM,roc,0.032827287066246054,0.12196529251838449
E1/A/Linear_SVM,roc,0.032827287066246054,0.12240567975345958
E1/A/Linear_SVM,roc,0.032827287066246054,0.12280021322002357
E1/A/Linear_SVM,roc,0.032827287066246054,0.1231937913997436
E1/A/Linear_SVM,roc,0.032827287066246054,0.1236972275665214
E1/A/Linear_SVM,roc,0.032827287066246054,0.12448629449964942
E1/A/Linear_SVM,roc,0.032827287066246054,0.12525912155642974
E1/A/Linear_SVM,roc,0.032827287066246054,0.12579217161537096
E1/A/Linear_SVM,roc,0.032827287066246054,0.1262879654873969
E1/A/Linear_SVM,roc,0.032827287066246054,0.12680764153052237
E1/A/Linear_SVM,roc,0.032827287066246054,0.12729292724726454
E1/A/Linear_SVM,roc,0.032827287066246054,0.12781164800354602
E1/A/Linear_SVM,roc,0.032827287066246054,0.1286761825973485
E1/A/Linear_SVM,roc,0.032827287066246054,0.129046833892813
E1/A/Linear_SVM,roc,0.032827287066246054,0.12948244469366818
E1/A/Linear_SVM,roc,0.032827287066246054,0.13021419441615734
E1/A/Linear_SVM,roc,0.032827287066246054,0.13056287411421028
E1/A/Linear_SVM,roc,0.032827287066246054,0.13094403356495854
E1/A/Linear_SVM,roc,0.032827287066246054,0.13127647338666382
E1/A/Linear_SVM,roc,0.032827287066246054,0.13160986849521306
E1/A/Linear_SVM,roc,0.032827287066246054,0.13197001163539376
E1/A/Linear_SVM,roc,0.032827287066246054,0.13240944358362486
E1/A/Linear_SVM,roc,0.032827287066246054,0.13287753413717537
E1/A/Linear_SVM,roc,0.032827287066246054,0.13329212862746298
E1/A/Linear_SVM,roc,0.032827287066246054,0.13371532069934638
E1/A/Linear_SVM,roc,0.032827287066246054,0.13416239494232934
E1/A/Linear_SVM,roc,0.032827287066246054,0.13458176586683684
E1/A/Linear_SVM,roc,0.032827287066246054,0.13505081170723132
E1/A/Linear_SVM,roc,0.032827287066246054,0.13548355664755457
E1/A/Linear_SVM,roc,0.032827287066246054,0.1359354073247574
E1/A/Linear_SVM,roc,0.032827287066246054,0.13635286767557694
E1/A/Linear_SVM,roc,0.032827287066246054,0.13681427122121959
E1/A/Linear_SVM,roc,0.032827287066246054,0.13722026812991137
E1/A/Linear_SVM,roc,0.032827287066246054,0.13763008618597905
E1/A/Linear_SVM,roc,0.032827287066246054,0.1380828921500259
E1/A/Linear_SVM,roc,0.032827287066246054,0.1385165923771931
E1/A/Linear_SVM,roc,0.032827287066246054,0.13892927629379273
E1/A/Linear_SVM,roc,0.032827287066246054,0.1393362284893285
E1/A/Linear_SVM,roc,0.032827287066246054,0.13999059997745522
E1/A/Linear_SVM,roc,0.032827287066246054,0.14062491044185838
E1/A/Linear_SVM,roc,0.032827287066246054,0.1411665580823954
E1/A/Linear_SVM,roc,0.032827287066246054,0.14180564498101844
E1/A/Linear_SVM,roc,0.032827287066246054,0.14231958930308003
E1/A/Linear_SVM,roc,0.032827287066246054,0.14313827012837144
E1/A/Linear_SVM,roc,0.032827287066246054,0.14379932862440606
E1/A/Linear_SVM,roc,0.032827287066246054,0.14436103728866667
E1/A/Linear_SVM,roc,0.032827287066246054,0.14507750242165215
E1/A/Linear_SVM,roc,0.032827287066246054,0.14582644730733296
E1/A/Linear_SVM,roc,0.032827287066246054,0.1470979340966712
E1/A/Linear_SVM,roc,0.032827287066246054,0.14828057920951923
E1/A/Linear_SVM,roc,0.032827287066246054,0.1495558871462334
E1/A/Linear_SVM,roc,0.032827287066246054,0.1505379220218455
E1/A/Linear_SVM,roc,0.032827287066246054,0.15147696898947846
E1/A/Linear_SVM,roc,0.032827287066246054,0.15291372040282536
E1/A/Linear_SVM,roc,0.032827287066246054,0.1546695376220618
E1/A/Linear_SVM,roc,0.032827287066246054,0.15629830169104877
E1/A/Linear_SVM,roc,0.032827287066246054,0.15781147605191412
E1/A/Linear_SVM,roc,0.032827287066246054,0.1591345483308273
E1/A/Linear_SVM,roc,0.032827287066246054,0.1605359541309469
E1/A/Linear_SVM,roc,0.032827287066246054,0.16320980200724872
E1/A/Linear_SVM,roc,0.032827287066246054,0.16561521428039197
E1/A/Linear_SVM,roc,0.032827287066246054,0.16758023931846017
E1/A/Linear_SVM,roc,0.032827287066246054,0.16947934956429367
E1/A/Linear_SVM,roc,0.032827287066246054,0.17108041031480523
E1/A/Linear_SVM,roc,0.032827287066246054,0.17446403631618465
E1/A/Linear_SVM,roc,0.032827287066246054,0.17865487970072774
E1/A/Linear_SVM,roc,0.032827287066246054,0.18194679816508502
E1/A/Linear_SVM,roc,0.032827287066246054,0.18534952990334408
E1/A/Linear_SVM,roc,0.032827287066246054,0.1883338460039396
E1/A/Linear_SVM,roc,0.032827287066246054,0.1912656213281162
E1/A/Linear_SVM,roc,0.032827287066246054,0.19795549509651264
E1/A/Linear_SVM,roc,0.032827287066246054,0.2037693708289788
E1/A/Linear_SVM,roc,0.032827287066246054,0.20878940319409708
E1/A/Linear_SVM,roc,0.032827287066246054,0.21272805085182928
E1/A/Linear_SVM,roc,0.032827287066246054,0.2163590961457997
E1/A/Linear_SVM,roc,0.032827287066246054,0.22119953458424962
E1/A/Linear_SVM,roc,0.032827287066246054,0.23265533441726546
E1/A/Linear_SVM,roc,0.032827287066246054,0.23998525037112894
E1/A/Linear_SVM,roc,0.032827287066246054,0.24695215732427978
E1/A/Linear_SVM,roc,0.032827287066246054,0.25379678756140106
E1/A/Linear_SVM,roc,0.032827287066246054,0.25914161745347275
E1/A/Linear_SVM,roc,0.032827287066246054,0.2662059636647096
E1/A/Linear_SVM,roc,0.032827287066246054,0.28014455400523114
E1/A/Linear_SVM,roc,0.032827287066246054,0.289628641792271
E1/A/Linear_SVM,roc,0.032827287066246054,0.29843829706746045
E1/A/Linear_SVM,roc,0.03286014721345951,0.31162316608808127
E1/A/Linear_SVM,roc,0.03286014721345951,0.3227532131072997
E1/A/Linear_SVM,roc,0.03286014721345951,0.3337762679999924
E1/A/Linear_SVM,roc,0.03286014721345951,0.34766709399831486
E1/A/Linear_SVM,roc,0.03286014721345951,0.35878281171487364
E1/A/Linear_SVM,roc,0.03286014721345951,0.3642155279965915
E1/A/Linear_SVM,roc,0.03286014721345951,0.3708203812358737
E1/A/Linear_SVM,roc,0.03286014721345951,0.3768778551135549
E1/A/Linear_SVM,roc,0.03286014721345951,0.3885896718207576
E1/A/Linear_SVM,roc,0.03286014721345951,0.40203151300240925
E1/A/Linear_SVM,roc,0.03286014721345951,0.4113235881338089
E1/A/Linear_SVM,roc,0.03286014721345951,0.4169005527289679
E1/A/Linear_SVM,roc,0.03286014721345951,0.42455240034925285
E1/A/Linear_SVM,roc,0.03286014721345951,0.43269239954681193
E1/A/Linear_SVM,roc,0.03286014721345951,0.44371927558688046
E1/A/Linear_SVM,roc,0.03286014721345951,0.45767219523006175
E1/A/Linear_SVM,roc,0.03286014721345951,0.4713576345569284
E1/A/Linear_SVM,roc,0.03286014721345951,0.4795645038335661
E1/A/Linear_SVM,roc,0.03286014721345951,0.48820316276368303
E1/A/Linear_SVM,roc,0.03286014721345951,0.499455486498931
E1/A/Linear_SVM,roc,0.03286014721345951,0.5276899444596229
E1/A/Linear_SVM,roc,0.03286014721345951,0.5643337925078763
E1/A/Linear_SVM,roc,0.03286014721345951,0.604125310707046
E1/A/Linear_SVM,roc,0.03286014721345951,0.6254100568777787
E1/A/Linear_SVM,roc,0.03286014721345951,0.6338481055706597
E1/A/Linear_SVM,roc,0.03286014721345951,0.6426606267063811
E1/A/Linear_SVM,roc,0.03286014721345951,0.6556420196292341
E1/A/Linear_SVM,roc,0.03286014721345951,0.6853170501506487
E1/A/Linear_SVM,roc,0.03286014721345951,0.8324770778921787
E1/A/Linear_SVM,roc,0.03286014721345951,0.988401862427231
E1/A/Linear_SVM,roc,0.03286014721345951,0.9910289012481778
E1/A/Linear_SVM,roc,0.03286014721345951,0.9919784563710945
E1/A/Linear_SVM,roc,0.03286014721345951,0.9928659178491526
E1/A/Linear_SVM,roc,0.03286014721345951,0.9939511237039146
E1/A/Linear_SVM,roc,0.03286014721345951,0.9947745809634259
E1/A/Linear_SVM,roc,0.03286014721345951,0.9961081613976228
E1/A/Linear_SVM,roc,0.03286014721345951,0.9968360899727361
E1/A/Linear_SVM,roc,0.03404311251314406,0.9975496892451896
E1/A/Linear_SVM,roc,0.09782465825446898,0.9976452179295877
E1/A/Linear_SVM,roc,0.21983438485804416,0.9977006245665386
E1/A/Linear_SVM,roc,0.6192166140904312,0.9977608076377094
E1/A/Linear_SVM,roc,0.636435331230284,0.9978410517326037
E1/A/Linear_SVM,roc,0.6519124605678234,0.9979222511143421
E1/A/Linear_SVM,roc,0.6574329652996845,0.9980130033645203
E1/A/Linear_SVM,roc,0.66232912723449,0.9981180849173581
E1/A/Linear_SVM,roc,0.6678824921135647,0.998222211183352
E1/A/Linear_SVM,roc,0.6751445846477392,0.9983034105650904
E1/A/Linear_SVM,roc,0.6828338590956887,0.9983817440862968
E1/A/Linear_SVM,roc,0.6880257623554153,0.9984734516233189
E1/A/Linear_SVM,roc,0.691574658254469,0.9985947730525044
E1/A/Linear_SVM,roc,0.6945320715036803,0.9987447530870094
E1/A/Linear_SVM,roc,0.7004797581493165,0.9988918672609824
E1/A/Linear_SVM,roc,0.7217074132492114,0.9989969488138203
E1/A/Linear_SVM,roc,0.8057308096740273,0.9990877010639985
E1/A/Linear_SVM,roc,0.8135186645636172,0.9992004249115882
E1/A/Linear_SVM,roc,0.8541338065194533,0.9992844901538585
E1/A/Linear_SVM,roc,0.857485541535226,0.9996331698519114
E1/A/Linear_SVM,roc,1.0,1.0
E1/A/Linear_SVM,pr,0.0,1.0
E1/A/Linear_SVM,pr,0.00020347609776787676,0.5741239892183289
E1/A/Linear_SVM,pr,0.0002560168741868121,0.3611859838274933
E1/A/Linear_SVM,pr,0.0005722168195444046,0.5377019748653501
E1/A/Linear_SVM,pr,0.0008874614780580164,0.6294037940379403
E1/A/Linear_SVM,pr,0.0011482547864647317,0.6511375947995667
E1/A/Linear_SVM,pr,0.0014529912896945566,0.6860622462787551
E1/A/Linear_SVM,pr,0.0015781338662560207,0.6405583559519193
E1/A/Linear_SVM,pr,0.001908663114273323,0.6795918367346939
E1/A/Linear_SVM,pr,0.0022286842070068378,0.7063275809869816
E1/A/Linear_SVM,pr,0.002553481733960256,0.7295305676855895
E1/A/Linear_SVM,pr,0.002893563850417365,0.7525465838509316
E1/A/Linear_SVM,pr,0.003239377687938357,0.7729655801230909
E1/A/Linear_SVM,pr,0.003587102099147311,0.7901936026936027
E1/A/Linear_SVM,pr,0.003934826510356265,0.8051211884284597
E1/A/Linear_SVM,pr,0.004286372068941141,0.8181983953318746
E1/A/Linear_SVM,pr,0.004636007053838056,0.8295726495726495
E1/A/Linear_SVM,pr,0.0049808656045150675,0.8394783448720012
E1/A/Linear_SVM,pr,0.005329545302568002,0.8483880778588808
E1/A/Linear_SVM,pr,0.005678225000620937,0.8563607549344475
E1/A/Linear_SVM,pr,0.006026904698673871,0.8635368190528333
E1/A/Linear_SVM,pr,0.006379405544102728,0.8700977198697069
E1/A/Linear_SVM,pr,0.006729040528999643,0.875792614696009
E1/A/Linear_SVM,pr,0.007077720227052577,0.8811845861084682
E1/A/Linear_SVM,pr,0.0074235340645735694,0.8860889395667046
E1/A/Linear_SVM,pr,0.007772213762626504,0.8906403940886699
E1/A/Linear_SVM,pr,0.008129491042275264,0.8949416342412452
E1/A/Linear_SVM,pr,0.00847912602717218,0.8988354430379747
E1/A/Linear_SVM,pr,0.008826850438381132,0.902431878113097
E1/A/Linear_SVM,pr,0.009176485423278048,0.9057991513437058
E1/A/Linear_SVM,pr,0.009526120408174963,0.9089417555373257
E1/A/Linear_SVM,pr,0.009875755393071877,0.9118814501190792
E1/A/Linear_SVM,pr,0.010225390377968793,0.9146372724942322
E1/A/Linear_SVM,pr,0.010575025362865708,0.9172259507829977
E1/A/Linear_SVM,pr,0.010923705060918642,0.9196557825317677
E1/A/Linear_SVM,pr,0.0112762059063475,0.9219714129500898
E1/A/Linear_SVM,pr,0.011625840891244413,0.9241400258182094
E1/A/Linear_SVM,pr,0.01197643116298531,0.9261968085106383
E1/A/Linear_SVM,pr,0.012329887295258147,0.9281605062562922
E1/A/Linear_SVM,pr,0.012680477566999042,0.9300077068591046
E1/A/Linear_SVM,pr,0.013031067838739939,0.9317622950819672
E1/A/Linear_SVM,pr,0.013379747536792873,0.9334221926024658
E1/A/Linear_SVM,pr,0.013729382521689789,0.9350074816212348
E1/A/Linear_SVM,pr,0.014077106932898742,0.936510962821735
E1/A/Linear_SVM,pr,0.014426741917795657,0.9379541643376188
E1/A/Linear_SVM,pr,0.014777332189536552,0.9393368957979111
E1/A/Linear_SVM,pr,0.01512983303496541,0.940666389499317
E1/A/Linear_SVM,pr,0.015486155027770189,0.941952353282975
E1/A/Linear_SVM,pr,0.01584438759426293,0.9431902189365937
E1/A/Linear_SVM,pr,0.01620262016075567,0.9443763919821826
E1/A/Linear_SVM,pr,0.016570405595688217,0.9455437448896157
E1/A/Linear_SVM,pr,0.01693341459640086,0.9466488651535381
E1/A/Linear_SVM,pr,0.01728973658920564,0.9476908576814326
E1/A/Linear_SVM,pr,0.017653700876762265,0.948713999691976
E1/A/Linear_SVM,pr,0.01803390504066656,0.949740906575439
E1/A/Linear_SVM,pr,0.018408377483506974,0.9507129113424442
E1/A/Linear_SVM,pr,0.018784760500035344,0.9516527125780381
E1/A/Linear_SVM,pr,0.019161143516563717,0.9525573443510471
E1/A/Linear_SVM,pr,0.019535615959404132,0.9534244020700265
E1/A/Linear_SVM,pr,0.019920596557528328,0.9542833607907742
E1/A/Linear_SVM,pr,0.020301756008276606,0.9551031414318457
E1/A/Linear_SVM,pr,0.020684826032712843,0.9558979339572665
E1/A/Linear_SVM,pr,0.021061209049241216,0.956651913564176
E1/A/Linear_SVM,pr,0.021445234360521433,0.9573950870010235
E1/A/Linear_SVM,pr,0.021818751516517864,0.9580938797768362
E1/A/Linear_SVM,pr,0.022210419122549927,0.9588024248422615
E1/A/Linear_SVM,pr,0.02258298099170238,0.959454523316693
E1/A/Linear_SVM,pr,0.0229717827372025,0.9601133913598978
E1/A/Linear_SVM,pr,0.023352942187950775,0.9607388484967577
E1/A/Linear_SVM,pr,0.02375702852295459,0.9613808566568733
E1/A/Linear_SVM,pr,0.024139143260546843,0.961968935587026
E1/A/Linear_SVM,pr,0.024526034432359005,0.9625463952311326
E1/A/Linear_SVM,pr,0.02490528330941932,0.9630956778721832
E1/A/Linear_SVM,pr,0.025304593210203227,0.963656868451688
E1/A/Linear_SVM,pr,0.025688618521483447,0.9641807099318752
E1/A/Linear_SVM,pr,0.02606977797223172,0.9646859203223868
E1/A/Linear_SVM,pr,0.026462400865107767,0.9651916376306621
E1/A/Linear_SVM,pr,0.026860755479047694,0.9656901466497235
E1/A/Linear_SVM,pr,0.02724478079032791,0.9661573901554931
E1/A/Linear_SVM,pr,0.02761447679894842,0.9665953320403933
E1/A/Linear_SVM,pr,0.028008054978668446,0.9670492776568376
E1/A/Linear_SVM,pr,0.02840067787154449,0.9674899931660647
E1/A/Linear_SVM,pr,0.02879234547757655,0.9679180448954687
E1/A/Linear_SVM,pr,0.029185923657296577,0.9683369782257297
E1/A/Linear_SVM,pr,0.029572814829108736,0.9687382651145325
E1/A/Linear_SVM,pr,0.029958750714076915,0.9691285537700866
E1/A/Linear_SVM,pr,0.030341820738513152,0.9695064253227923
E1/A/Linear_SVM,pr,0.030721069615573467,0.9698715242173834
E1/A/Linear_SVM,pr,0.031120379516357377,0.9702466047176554
E1/A/Linear_SVM,pr,0.0315091812618575,0.97060294853309
E1/A/Linear_SVM,pr,0.031904670015265486,0.970956769485711
E1/A/Linear_SVM,pr,0.03229347176076561,0.9712964027123319
E1/A/Linear_SVM,pr,0.03267749707204582,0.971624154973584
E1/A/Linear_SVM,pr,0.03307394111229779,0.9719547457960191
E1/A/Linear_SVM,pr,0.03346942986570577,0.9722769529623977
E1/A/Linear_SVM,pr,0.033868739766489686,0.9725948481606452
E1/A/Linear_SVM,pr,0.034259452085677766,0.9728989202973252
E1/A/Linear_SVM,pr,0.03465111969170983,0.9731970379909852
E1/A/Linear_SVM,pr,0.035058071887245586,0.9734999204201814
E1/A/Linear_SVM,pr,0.03546884523015726,0.97379878304658
E1/A/Linear_SVM,pr,0.03587675271253699,0.9740889638179224
E1/A/Linear_SVM,pr,0.03628370490807275,0.9743721300120571
E1/A/Linear_SVM,pr,0.03667441722726083,0.9746382330540746
E1/A/Linear_SVM,pr,0.0370756377017327,0.9749058025621703
E1/A/Linear_SVM,pr,0.03747781346304855,0.9751684024757028
E1/A/Linear_SVM,pr,0.037886676232272265,0.9754297941415185
E1/A/Linear_SVM,pr,0.03829840486202792,0.9756875152105136
E1/A/Linear_SVM,pr,0.038706312344407655,0.9759375677433341
E1/A/Linear_SVM,pr,0.039118996261007295,0.9761853679467926
E1/A/Linear_SVM,pr,0.03952690374338703,0.976425335095337
E1/A/Linear_SVM,pr,0.03992716893101492,0.9766561514195583
E1/A/Linear_SVM,pr,0.04034080813445853,0.9768899787174979
E1/A/Linear_SVM,pr,0.04074776032999429,0.9771154991524259
E1/A/Linear_SVM,pr,0.0411518466649981,0.9773351180887991
E1/A/Linear_SVM,pr,0.041573128163193564,0.9775596387977896
E1/A/Linear_SVM,pr,0.0419858120797932,0.9777753058954394
E1/A/Linear_SVM,pr,0.042393719562172937,0.9779844414571258
E1/A/Linear_SVM,pr,0.042795895323488785,0.9781868203851697
E1/A/Linear_SVM,pr,0.04320857924008842,0.9783906554185594
E1/A/Linear_SVM,pr,0.04362412901722,0.9785920925747348
E1/A/Linear_SVM,pr,0.0440339470732877,0.9787871066377882
E1/A/Linear_SVM,pr,0.044447586276731316,0.9789803690533802
E1/A/Linear_SVM,pr,0.04485358318542309,0.9791666666666666
E1/A/Linear_SVM,pr,0.04526340124149078,0.9793513982761828
E1/A/Linear_SVM,pr,0.045667487576494595,0.9795303663634128
E1/A/Linear_SVM,pr,0.04606966333781044,0.9797054342305739
E1/A/Linear_SVM,pr,0.04648425782809804,0.9798828007007793
E1/A/Linear_SVM,pr,0.04689694174469768,0.98005629753848
E1/A/Linear_SVM,pr,0.04731249152182926,0.9802280014250089
E1/A/Linear_SVM,pr,0.04772230957789696,0.9803944657050339
E1/A/Linear_SVM,pr,0.048122574765524846,0.9805543660217231
E1/A/Linear_SVM,pr,0.04853334810843652,0.9807157748436414
E1/A/Linear_SVM,pr,0.04893456858290839,0.9808708639705882
E1/A/Linear_SVM,pr,0.049349163073195985,0.981028523681112
E1/A/Linear_SVM,pr,0.04974178596607203,0.9811754508281672
E1/A/Linear_SVM,pr,0.05015064873529575,0.9813260556666729
E1/A/Linear_SVM,pr,0.05055951150451946,0.9814742698191933
E1/A/Linear_SVM,pr,0.05096359783952328,0.9816184588209318
E1/A/Linear_SVM,pr,0.05137723704296689,0.9817637502053632
E1/A/Linear_SVM,pr,0.0518061608359142,0.9819120043454644
E1/A/Linear_SVM,pr,0.05220738131038607,0.9820485175202156
E1/A/Linear_SVM,pr,0.052633439242801436,0.9821912435824302
E1/A/Linear_SVM,pr,0.05304421258571311,0.9823267169090331
E1/A/Linear_SVM,pr,0.05345880707600071,0.9824613764044944
E1/A/Linear_SVM,pr,0.053869580418912384,0.9825927861996864
E1/A/Linear_SVM,pr,0.05428321962235601,0.9827231378517199
E1/A/Linear_SVM,pr,0.054706411694239426,0.9828544949026877
E1/A/Linear_SVM,pr,0.055130559052966835,0.9829841594276955
E1/A/Linear_SVM,pr,0.05554610883009841,0.9831093076337813
E1/A/Linear_SVM,pr,0.055983630204641546,0.9832390987030855
E1/A/Linear_SVM,pr,0.05640682227652497,0.9833627552209973
E1/A/Linear_SVM,pr,0.056822372053656554,0.9834824159653445
E1/A/Linear_SVM,pr,0.05725034055975988,0.9836038667957787
E1/A/Linear_SVM,pr,0.05766589033689146,0.9837200964735023
E1/A/Linear_SVM,pr,0.05808526126139896,0.9838357361293141
E1/A/Linear_SVM,pr,0.05850176632537452,0.9839489709024888
E1/A/Linear_SVM,pr,0.05891540552881814,0.9840598672453408
E1/A/Linear_SVM,pr,0.059340508174389524,0.9841722515328676
E1/A/Linear_SVM,pr,0.05976370024627295,0.9842825676526117
E1/A/Linear_SVM,pr,0.06018211588393647,0.9843901371917873
E1/A/Linear_SVM,pr,0.060603397382131934,0.9844969661230001
E1/A/Linear_SVM,pr,0.06101608129873157,0.9846002065637959
E1/A/Linear_SVM,pr,0.0614192123468914,0.9846997381036252
E1/A/Linear_SVM,pr,0.061828075116115114,0.984799379193865
E1/A/Linear_SVM,pr,0.06223693788533883,0.9848977308802854
E1/A/Linear_SVM,pr,0.0626534429493144,0.9849966208605542
E1/A/Linear_SVM,pr,0.06307472444750985,0.985095336138215
E1/A/Linear_SVM,pr,0.06348931893779745,0.9851912244292914
E1/A/Linear_SVM,pr,0.06390486871492904,0.9852861035422343
E1/A/Linear_SVM,pr,0.06430991033677683,0.985377420629693
E1/A/Linear_SVM,pr,0.06471877310600054,0.9854684568053879
E1/A/Linear_SVM,pr,0.06513432288313212,0.985559827700847
E1/A/Linear_SVM,pr,0.06555178323395165,0.9856504689811689
E1/A/Linear_SVM,pr,0.06597784116636703,0.9857418111753372
E1/A/Linear_SVM,pr,0.0663991226645625,0.9858309931069696
E1/A/Linear_SVM,pr,0.06683664403910562,0.9859224395468125
E1/A/Linear_SVM,pr,0.06725792553730109,0.9860093830964218
E1/A/Linear_SVM,pr,0.0677116867881919,0.98610183639399
E1/A/Linear_SVM,pr,0.06816258217855076,0.9861925033171163
E1/A/Linear_SVM,pr,0.06862111986366146,0.9862835017574693
E1/A/Linear_SVM,pr,0.06908634455668003,0.9863746095827821
E1/A/Linear_SVM,pr,0.0695620774049824,0.9864665320996518
E1/A/Linear_SVM,pr,0.0700454525480366,0.9865586695908399
E1/A/Linear_SVM,pr,0.0705536651490343,0.9866541981163582
E1/A/Linear_SVM,pr,0.07107238590531578,0.9867503116793549
E1/A/Linear_SVM,pr,0.07160065953003708,0.9868467827941699
E1/A/Linear_SVM,pr,0.0721575917600778,0.9869469778137822
E1/A/Linear_SVM,pr,0.07270879226905463,0.9870446499202449
E1/A/Linear_SVM,pr,0.07327145622015922,0.9871428571428571
E1/A/Linear_SVM,pr,0.0738799739397749,0.9872474054405964
E1/A/Linear_SVM,pr,0.07445887776722716,0.9873452997732541
E1/A/Linear_SVM,pr,0.07505975319209099,0.9874453325290303
E1/A/Linear_SVM,pr,0.07569119779596219,0.987548764224197
E1/A/Linear_SVM,pr,0.07633983756302505,0.9876532529167491
E1/A/Linear_SVM,pr,0.07695981872476848,0.9877514988781403
E1/A/Linear_SVM,pr,0.07760750320498735,0.9878524787509576
E1/A/Linear_SVM,pr,0.07827429342208585,0.9879547126131883
E1/A/Linear_SVM,pr,0.07894490478656026,0.9880558112842095
E1/A/Linear_SVM,pr,0.07959832098784302,0.9881526985519965
E1/A/Linear_SVM,pr,0.08025937948387762,0.9882491325060283
E1/A/Linear_SVM,pr,0.08089273466143679,0.9883400639604099
E1/A/Linear_SVM,pr,0.08157480946803897,0.9884364292990092
E1/A/Linear_SVM,pr,0.08221676222719396,0.9885256822567307
E1/A/Linear_SVM,pr,0.08284916211790914,0.9886122700225702
E1/A/Linear_SVM,pr,0.0834634115585887,0.9886951306453621
E1/A/Linear_SVM,pr,0.08407766099926825,0.988776794140116
E1/A/Linear_SVM,pr,0.08470528445576353,0.9888590259733018
E1/A/Linear_SVM,pr,0.08536061123073425,0.9889436113109402
E1/A/Linear_SVM,pr,0.08595384436084623,0.9890190819556807
E1/A/Linear_SVM,pr,0.08656904908836976,0.9890962671905698
E1/A/Linear_SVM,pr,0.08719762783170902,0.9891740176423416
E1/A/Linear_SVM,pr,0.08783575944348809,0.9892518236395327
E1/A/Linear_SVM,pr,0.08848057806317502,0.9893293171403852
E1/A/Linear_SVM,pr,0.08912539668286196,0.9894057011962332
E1/A/Linear_SVM,pr,0.08978358931836462,0.9894825498762962
E1/A/Linear_SVM,pr,0.0904312737985835,0.9895570910383324
E1/A/Linear_SVM,pr,0.09109710872883801,0.9896326276463263
E1/A/Linear_SVM,pr,0.09177536238806426,0.9897084578139487
E1/A/Linear_SVM,pr,0.09243164444987896,0.9897807829618339
E1/A/Linear_SVM,pr,0.09312422741176493,0.9898560142970289
E1/A/Linear_SVM,pr,0.09386839586322585,0.9899356242633058
E1/A/Linear_SVM,pr,0.0945667105461757,0.9900092007360589
E1/A/Linear_SVM,pr,0.09533285059504817,0.9900886957556998
E1/A/Linear_SVM,pr,0.09608848248863687,0.9901658709455136
E1/A/Linear_SVM,pr,0.09683838266116167,0.9902412816254762
E1/A/Linear_SVM,pr,0.09761598615216191,0.9903182663978911
E1/A/Linear_SVM,pr,0.09840887423266584,0.9903955236795047
E1/A/Linear_SVM,pr,0.09920653874738967,0.9904720121317323
E1/A/Linear_SVM,pr,0.09995930478044643,0.9905430862292568
E1/A/Linear_SVM,pr,0.10074168470566656,0.9906158412865409
E1/A/Linear_SVM,pr,0.10153170692563857,0.9906881798607422
E1/A/Linear_SVM,pr,0.10237044877465357,0.9907637688261018
E1/A/Linear_SVM,pr,0.10315473927356167,0.9908333486263786
E1/A/Linear_SVM,pr,0.10396577780410124,0.990904207373146
E1/A/Linear_SVM,pr,0.10478063748201673,0.9909743052293014
E1/A/Linear_SVM,pr,0.10555250925195309,0.9910397158540523
E1/A/Linear_SVM,pr,0.10634539733245701,0.9911059276010042
E1/A/Linear_SVM,pr,0.1071602570103725,0.9911729622266402
E1/A/Linear_SVM,pr,0.10796938496722411,0.9912385329147007
E1/A/Linear_SVM,pr,0.10878615521882756,0.9913037422634644
E1/A/Linear_SVM,pr,0.10955802698876392,0.9913644811341142
E1/A/Linear_SVM,pr,0.11032512232448037,0.9914240093400178
E1/A/Linear_SVM,pr,0.11107979893122508,0.9914817783386484
E1/A/Linear_SVM,pr,0.1118440284064096,0.9915394908450347
E1/A/Linear_SVM,pr,0.11261494488950197,0.9915969213946251
E1/A/Linear_SVM,pr,0.1133591133409629,0.9916516245487365
E1/A/Linear_SVM,pr,0.11406315974497662,0.9917027267215388
E1/A/Linear_SVM,pr,0.11475096627264268,0.9917520496032892
E1/A/Linear_SVM,pr,0.11540820362130137,0.9917986355688003
E1/A/Linear_SVM,pr,0.11608550199368364,0.9918460960838408
E1/A/Linear_SVM,pr,0.11673796290812243,0.9918912995836072
E1/A/Linear_SVM,pr,0.11734265948036217,0.9919327486796841
E1/A/Linear_SVM,pr,0.11795499834735376,0.9919742920265113
E1/A/Linear_SVM,pr,0.11853390217480603,0.9920131754623004
E1/A/Linear_SVM,pr,0.1190736392416551,0.9920490903013227
E1/A/Linear_SVM,pr,0.11959522585846852,0.9920834918219855
E1/A/Linear_SVM,pr,0.12007669042783477,0.9921149838984656
E1/A/Linear_SVM,pr,0.12054478098138528,0.9921453619109022
E1/A/Linear_SVM,pr,0.12100905038755987,0.9921752616078702
E1/A/Linear_SVM,pr,0.12148860438323815,0.9922059075943639
E1/A/Linear_SVM,pr,0.12194618678150489,0.9922349265077378
E1/A/Linear_SVM,pr,0.12237224471392025,0.9922617526084633
E1/A/Linear_SVM,pr,0.12280594494108746,0.9922888701921222
E1/A/Linear_SVM,pr,0.12324251102878661,0.9923159756941774
E1/A/Linear_SVM,pr,0.12364086564272654,0.9923405429857315
E1/A/Linear_SVM,pr,0.12403539910929055,0.9923647202690309
E1/A/Linear_SVM,pr,0.12440987155213096,0.9923875274323336
E1/A/Linear_SVM,pr,0.12477383583968758,0.992409564404732
E1/A/Linear_SVM,pr,0.1251578611509678,0.9924326781047608
E1/A/Linear_SVM,pr,0.12555239461753182,0.9924562781284925
E1/A/Linear_SVM,pr,0.1259631679604435,0.992480693672944
E1/A/Linear_SVM,pr,0.12642839265346206,0.9925081555363906
E1/A/Linear_SVM,pr,0.12682865784108993,0.9925316228581681
E1/A/Linear_SVM,pr,0.12723274417609376,0.9925551655525497
E1/A/Linear_SVM,pr,0.12764351751900543,0.9925789461955028
E1/A/Linear_SVM,pr,0.12802181110922176,0.9926007125239792
E1/A/Linear_SVM,pr,0.12839150711784228,0.9926218611521418
E1/A/Linear_SVM,pr,0.12881183332919377,0.9926457597173145
E1/A/Linear_SVM,pr,0.12931144834859562,0.9926739658118404
E1/A/Linear_SVM,pr,0.13025145060307258,0.9927264519792933
E1/A/Linear_SVM,pr,0.13074724447509853,0.9927538334324634
E1/A/Linear_SVM,pr,0.13130608727882723,0.9927844508165343
E1/A/Linear_SVM,pr,0.13195090589851416,0.9928194586202436
E1/A/Linear_SVM,pr,0.13298834741107712,0.9928750748866003
E1/A/Linear_SVM,pr,0.1339570082708735,0.9929262317137071
E1/A/Linear_SVM,pr,0.1350040026518763,0.9929807057236407
E1/A/Linear_SVM,pr,0.1360099196985879,0.9930322580645161
E1/A/Linear_SVM,pr,0.13698813342682406,0.9930816695406478
E1/A/Linear_SVM,pr,0.13798640817878385,0.9931313770248343
E1/A/Linear_SVM,pr,0.13894647145698438,0.9931785126562831
E1/A/Linear_SVM,pr,0.1402542591463939,0.9932416891041687
E1/A/Linear_SVM,pr,0.14168145769130097,0.9933093120445778
E1/A/Linear_SVM,pr,0.14325577041018106,0.9933823529411765
E1/A/Linear_SVM,pr,0.14494567283718282,0.993459002546995
E1/A/Linear_SVM,pr,0.14756411407653375,0.9935743230205184
E1/A/Linear_SVM,pr,0.1504777389506747,0.9936979560938682
E1/A/Linear_SVM,pr,0.15406006461560212,0.9938435940099833
E1/A/Linear_SVM,pr,0.15810092796564024,0.994
E1/A/Linear_SVM,pr,0.16315152950976589,0.9941846589089978
E1/A/Linear_SVM,pr,0.1688517261077984,0.994379873308055
E1/A/Linear_SVM,pr,0.1764261954937209,0.9946198628845936
E1/A/Linear_SVM,pr,0.18567623800398544,0.9948865206842542
E1/A/Linear_SVM,pr,0.1970737653395185,0.9951808275083576
E1/A/Linear_SVM,pr,0.21147471451252667,0.9955075279261778
E1/A/Linear_SVM,pr,0.2252556825237914,0.9957812143683646
E1/A/Linear_SVM,pr,0.2486926899540125,0.9961772764146756
E1/A/Linear_SVM,pr,0.26666832249719624,0.9964340404570425
E1/A/Linear_SVM,pr,0.29673693119833094,0.9967942238267148
E1/A/Linear_SVM,pr,0.32856517826607795,0.9971009787095877
E1/A/Linear_SVM,pr,0.36143182213323194,0.9973639050056808
E1/A/Linear_SVM,pr,0.3786136113090678,0.9974832320334227
E1/A/Linear_SVM,pr,0.41129875067586547,0.9976827714053992
E1/A/Linear_SVM,pr,0.4312031073570461,0.9977894983487553
E1/A/Linear_SVM,pr,0.4666108142291886,0.9979568945614576
E1/A/Linear_SVM,pr,0.49222396508999755,0.998063002771843
E1/A/Linear_SVM,pr,0.5714411266270923,0.9983310747211226
E1/A/Linear_SVM,pr,0.6340133701946683,0.9984955370105417
E1/A/Linear_SVM,pr,0.6797181139580782,0.9985965562296764
E1/A/Linear_SVM,pr,0.9906076197499823,0.9990365847314094
E1/A/Linear_SVM,pr,0.9934324029476331,0.9990393215304376
E1/A/Linear_SVM,pr,0.9957843191575134,0.9990415883564486
E1/A/Linear_SVM,pr,0.9970433872178799,0.9990427974817916
E1/A/Linear_SVM,pr,0.9973872904817129,0.9990354796144598
E1/A/Linear_SVM,pr,0.997585990145261,0.9988894628099173
E1/A/Linear_SVM,pr,0.9976232463321761,0.9985819481909082
E1/A/Linear_SVM,pr,0.9976347097743039,0.9982488371781808
E1/A/Linear_SVM,pr,0.9976347097743039,0.9979044894378815
E1/A/Linear_SVM,pr,0.9976375756348359,0.9975632448294176
E1/A/Linear_SVM,pr,0.9976413967822118,0.9972231903709257
E1/A/Linear_SVM,pr,0.9976509496506516,0.9968881460318612
E1/A/Linear_SVM,pr,0.9976538155111836,0.9965466535746763
E1/A/Linear_SVM,pr,0.9976557260848715,0.9962053933398834
E1/A/Linear_SVM,pr,0.9976576366585594,0.9958634184298154
E1/A/Linear_SVM,pr,0.9976605025190914,0.9955226327720023
E1/A/Linear_SVM,pr,0.9976614578059354,0.9951811247218688
E1/A/Linear_SVM,pr,0.9976652789533114,0.9948427093017939
E1/A/Linear_SVM,pr,0.9976719659612192,0.9945073833223665
E1/A/Linear_SVM,pr,0.9976748318217511,0.9941684800922991
E1/A/Linear_SVM,pr,0.9976862952638789,0.9938383741301164
E1/A/Linear_SVM,pr,0.9977044457139145,0.9935151538212743
E1/A/Linear_SVM,pr,0.9977149538691983,0.9931836033709212
E1/A/Linear_SVM,pr,0.9977197303034182,0.9928484650294408
E1/A/Linear_SVM,pr,0.9977197303034182,0.9925078613289138
E1/A/Linear_SVM,pr,0.9977206855902622,0.9921684412120106
E1/A/Linear_SVM,pr,0.9977206855902622,0.991828304171316
E1/A/Linear_SVM,pr,0.9977225961639502,0.9914902989027764
E1/A/Linear_SVM,pr,0.9977225961639502,0.9911506272378474
E1/A/Linear_SVM,pr,0.9977225961639502,0.9908111882273922
E1/A/Linear_SVM,pr,0.9977225961639502,0.9904719816324614
E1/A/Linear_SVM,pr,0.9977225961639502,0.9901330072144326
E1/A/Linear_SVM,pr,0.9977225961639502,0.9897933267121055
E1/A/Linear_SVM,pr,0.997726417311326,0.9894586060576778
E1/A/Linear_SVM,pr,0.9977283278850141,0.9891222201808102
E1/A/Linear_SVM,pr,0.997730238458702,0.988786064235166
E1/A/Linear_SVM,pr,0.9977331043192339,0.9884510843847834
E1/A/Linear_SVM,pr,0.9977397913271419,0.9881201176540709
E1/A/Linear_SVM,pr,0.9977407466139858,0.9877837023978634
E1/A/Linear_SVM,pr,0.9977417019008298,0.9874475167790311
E1/A/Linear_SVM,pr,0.9977417019008298,0.987111548381548
E1/A/Linear_SVM,pr,0.9977426571876737,0.9867758210196138
E1/A/Linear_SVM,pr,0.9977426571876737,0.986439378126768
E1/A/Linear_SVM,pr,0.9977426571876737,0.986103164577279
E1/A/Linear_SVM,pr,0.9977426571876737,0.9857671801367219
E1/A/Linear_SVM,pr,0.9977426571876737,0.9854314245709908
E1/A/Linear_SVM,pr,0.9977426571876737,0.9850958976462987
E1/A/Linear_SVM,pr,0.9977426571876737,0.9847605991291771
E1/A/Linear_SVM,pr,0.9977426571876737,0.984426456644228
E1/A/Linear_SVM,pr,0.9977455230482057,0.9840944402620493
E1/A/Linear_SVM,pr,0.9977474336218937,0.9837617077710212
E1/A/Linear_SVM,pr,0.9977474336218937,0.9834273183252373
E1/A/Linear_SVM,pr,0.9977483889087376,0.9830940973823665
E1/A/Linear_SVM,pr,0.9977483889087376,0.9827601618787114
E1/A/Linear_SVM,pr,0.9977550759166455,0.9824330374779425
E1/A/Linear_SVM,pr,0.9977904215298727,0.9821343440906523
E1/A/Linear_SVM,pr,0.9978372305852278,0.9818471331592493
E1/A/Linear_SVM,pr,0.9978897713616468,0.9815666773787979
E1/A/Linear_SVM,pr,0.9979595073012574,0.9813023976704318
E1/A/Linear_SVM,pr,0.9980980238936346,0.9811059068338379
E1/A/Linear_SVM,pr,0.9982279429044159,0.9809011008197714
E1/A/Linear_SVM,pr,0.998319650441438,0.9806579778334346
E1/A/Linear_SVM,pr,0.9984228214205879,0.9804271964878708
E1/A/Linear_SVM,pr,0.9985947730525044,0.980263170233556
E1/A/Linear_SVM,pr,0.9988269077555918,0.9801592323549346
E1/A/Linear_SVM,pr,0.9989434527505574,0.979942892110696
E1/A/Linear_SVM,pr,0.9989577820532172,0.9796255424070507
E1/A/Linear_SVM,pr,0.9990246521322957,0.979358996690472
E1/A/Linear_SVM,pr,0.9990275179928277,0.9790308251270611
E1/A/Linear_SVM,pr,0.9990275179928277,0.9787000677554962
E1/A/Linear_SVM,pr,0.9990284732796717,0.9783704693290074
E1/A/Linear_SVM,pr,0.9990284732796717,0.9780401582387984
E1/A/Linear_SVM,pr,0.9990313391402036,0.9777119607491175
E1/A/Linear_SVM,pr,0.9990514001639272,0.9774017213196722
E1/A/Linear_SVM,pr,0.9990877010639985,0.9771075737559723
E1/A/Linear_SVM,pr,0.9992004249115882,0.9768883409684183
E1/A/Linear_SVM,pr,0.9992176200747799,0.9765758919068301
E1/A/Linear_SVM,pr,0.9992309940905956,0.9762599200886286
E1/A/Linear_SVM,pr,0.9992443681064113,0.9759441611199126
E1/A/Linear_SVM,pr,0.9993408520776533,0.9757097594666463
E1/A/Linear_SVM,pr,0.9996350804255993,0.9756685190019767
E1/A/Linear_SVM,pr,1.0,0.9717499754000509
E1/A/Logistic_Regression,roc,0.0,0.0
E1/A/Logistic_Regression,roc,0.42691903259726605,0.8053669925468521
E1/A/Logistic_Regression,roc,0.43155231335436384,0.8532087129802466
E1/A/Logistic_Regression,roc,0.435068349106204,0.8807028236368535
E1/A/Logistic_Regression,roc,0.4371056782334385,0.9003463870096274
E1/A/Logistic_Regression,roc,0.43845294426919035,0.9144454655399377
E1/A/Logistic_Regression,roc,0.4395373291272345,0.9270208615540988
E1/A/Logistic_Regression,roc,0.44022739221871715,0.9374401751613957
E1/A/Logistic_Regression,roc,0.44095031545741326,0.945915480041192
E1/A/Logistic_Regression,roc,0.44167323869610936,0.953268322879311
E1/A/Logistic_Regression,roc,0.4421332807570978,0.9589570560352157
E1/A/Logistic_Regression,roc,0.4425604626708728,0.9640458690531005
E1/A/Logistic_Regression,roc,0.4433162460567823,0.9684459202564754
E1/A/Logistic_Regression,roc,0.4439077287066246,0.9720664573951621
E1/A/Logistic_Regression,roc,0.4444006309148265,0.9749991880061826
E1/A/Logistic_Regression,roc,0.44492639327024186,0.9776271821139734
E1/A/Logistic_Regression,roc,0.44532071503680337,0.9799590373001301
E1/A/Logistic_Regression,roc,0.44564931650893796,0.9819059118881627
E1/A/Logistic_Regression,roc,0.4461422187171398,0.9835919931677884
E1/A/Logistic_Regression,roc,0.4465036803364879,0.9849083784387939
E1/A/Logistic_Regression,roc,0.44679942166140907,0.9862371824387709
E1/A/Logistic_Regression,roc,0.4470951629863302,0.98737206320942
E1/A/Logistic_Regression,roc,0.4475880651945321,0.9884085494351389
E1/A/Logistic_Regression,roc,0.4479823869610936,0.9892855027579132
E1/A/Logistic_Regression,roc,0.4482124079915878,0.9900029231777426
E1/A/Logistic_Regression,roc,0.44847528916929547,0.9906983720001605
E1/A/Logistic_Regression,roc,0.44890247108307046,0.991266767672329
E1/A/Logistic_Regression,roc,0.4490339116719243,0.9918026835918021
E1/A/Logistic_Regression,roc,0.44923107255520506,0.9922201439426217
E1/A/Logistic_Regression,roc,0.44955967402733965,0.9926528888829449
E1/A/Logistic_Regression,roc,0.4497239747634069,0.9930264060389413
E1/A/Logistic_Regression,roc,0.44995399579390116,0.9933397401237669
E1/A/Logistic_Regression,roc,0.4501511566771819,0.9936588059296565
E1/A/Logistic_Regression,roc,0.4503483175604627,0.9938957170669637
E1/A/Logistic_Regression,roc,0.45067691903259727,0.9941030143121075
E1/A/Logistic_Regression,roc,0.45084121976866454,0.9942959822545916
E1/A/Logistic_Regression,roc,0.45093980021030494,0.9945023242128914
E1/A/Logistic_Regression,roc,0.45100552050473186,0.9946599465421482
E1/A/Logistic_Regression,roc,0.4512355415352261,0.9948003737082134
E1/A/Logistic_Regression,roc,0.45133412197686645,0.9949302927189947
E1/A/Logistic_Regression,roc,0.4516298633017876,0.9950468377139604
E1/A/Logistic_Regression,roc,0.45176130389064145,0.9951490534062662
E1/A/Logistic_Regression,roc,0.45182702418506837,0.9952159234853449
E1/A/Logistic_Regression,roc,0.4518927444794953,0.9953066757355231
E1/A/Logistic_Regression,roc,0.4519256046267087,0.9953830986830415
E1/A/Logistic_Regression,roc,0.4521227655099895,0.9954662086384679
E1/A/Logistic_Regression,roc,0.4522542060988433,0.9955225705622627
E1/A/Logistic_Regression,roc,0.45238564668769715,0.9955636478965539
E1/A/Logistic_Regression,roc,0.452517087276551,0.9956219203940367
E1/A/Logistic_Regression,roc,0.4526485278654048,0.9956887904731153
E1/A/Logistic_Regression,roc,0.45277996845425866,0.9957336889547824
E1/A/Logistic_Regression,roc,0.4529114090431125,0.9957910061654213
E1/A/Logistic_Regression,roc,0.452944269190326,0.9958311282128685
E1/A/Logistic_Regression,roc,0.45314143007360674,0.9958741161208476
E1/A/Logistic_Regression,roc,0.4532728706624606,0.9959237910367346
E1/A/Logistic_Regression,roc,0.45337145110410093,0.9959667789447137
E1/A/Logistic_Regression,roc,0.45353575184016826,0.996003079844785
E1/A/Logistic_Regression,roc,0.4536014721345952,0.9960317384501044
E1/A/Logistic_Regression,roc,0.453732912723449,0.9960689946370197
E1/A/Logistic_Regression,roc,0.45376577287066244,0.996104340250247
E1/A/Logistic_Regression,roc,0.45383149316508936,0.996150194018758
E1/A/Logistic_Regression,roc,0.4539629337539432,0.9961731209030136
E1/A/Logistic_Regression,roc,0.4540615141955836,0.9962075112293969
E1/A/Logistic_Regression,roc,0.4542258149316509,0.9962428568426241
E1/A/Logistic_Regression,roc,0.45455441640378547,0.9962610072926598
E1/A/Logistic_Regression,roc,0.45455441640378547,0.9962906211848231
E1/A/Logistic_Regression,roc,0.4546201366982124,0.9963125927822347
E1/A/Logistic_Regression,roc,0.4547515772870662,0.996347938395462
E1/A/Logistic_Regression,roc,0.45485015772870663,0.9963727758534056
E1/A/Logistic_Regression,roc,0.4550144584647739,0.9963909263034412
E1/A/Logistic_Regression,roc,0.4551130389064143,0.9964214954824485
E1/A/Logistic_Regression,roc,0.45524447949526814,0.996444422366704
E1/A/Logistic_Regression,roc,0.45531019978969506,0.9964759468325554
E1/A/Logistic_Regression,roc,0.4554745005257624,0.9964988737168109
E1/A/Logistic_Regression,roc,0.45557308096740273,0.9965256217484424
E1/A/Logistic_Regression,roc,0.455803101997897,0.996543772198478
E1/A/Logistic_Regression,roc,0.45603312302839116,0.9965638332222017
E1/A/Logistic_Regression,roc,0.4561974237644585,0.9965810283853933
E1/A/Logistic_Regression,roc,0.45636172450052576,0.9966068211301807
E1/A/Logistic_Regression,roc,0.45659174553102,0.9966278374407483
E1/A/Logistic_Regression,roc,0.45678890641430075,0.996644077317096
E1/A/Logistic_Regression,roc,0.45701892744479494,0.9966564960460678
E1/A/Logistic_Regression,roc,0.45718322818086227,0.9966841993645432
E1/A/Logistic_Regression,roc,0.4572818086225026,0.9967176344040826
E1/A/Logistic_Regression,roc,0.45741324921135645,0.9967357848541182
E1/A/Logistic_Regression,roc,0.4576104100946372,0.9967606223120616
E1/A/Logistic_Regression,roc,0.45784043112513145,0.9967787727620973
E1/A/Logistic_Regression,roc,0.4581033123028391,0.9967988337858209
E1/A/Logistic_Regression,roc,0.4583333333333333,0.9968160289490126
E1/A/Logistic_Regression,roc,0.4584319137749737,0.9968389558332681
E1/A/Logistic_Regression,roc,0.458596214511041,0.9968599721438356
E1/A/Logistic_Regression,roc,0.45879337539432175,0.9968714355859634
E1/A/Logistic_Regression,roc,0.459023396424816,0.996889586035999
E1/A/Logistic_Regression,roc,0.45922055730809674,0.9969077364860347
E1/A/Logistic_Regression,roc,0.4593519978969506,0.9969258869360703
E1/A/Logistic_Regression,roc,0.45958201892744477,0.9969488138203259
E1/A/Logistic_Regression,roc,0.4597791798107255,0.9969621878361415
E1/A/Logistic_Regression,roc,0.4600749211356467,0.9969851147203971
E1/A/Logistic_Regression,roc,0.46030494216614093,0.9970166391862485
E1/A/Logistic_Regression,roc,0.4605021030494217,0.99703861078366
E1/A/Logistic_Regression,roc,0.4606335436382755,0.9970682246758235
E1/A/Logistic_Regression,roc,0.46099500525762355,0.9970815986916391
E1/A/Logistic_Regression,roc,0.4611921661409043,0.9970997491416748
E1/A/Logistic_Regression,roc,0.46142218717139855,0.9971226760259303
E1/A/Logistic_Regression,roc,0.4616193480546793,0.997136050041746
E1/A/Logistic_Regression,roc,0.46175078864353314,0.9971666192207534
E1/A/Logistic_Regression,roc,0.4619479495268139,0.9971952778260729
E1/A/Logistic_Regression,roc,0.46221083070452157,0.9972134282761085
E1/A/Logistic_Regression,roc,0.4624079915878023,0.9972353998735201
E1/A/Logistic_Regression,roc,0.4626051524710831,0.9972602373314635
E1/A/Logistic_Regression,roc,0.4629337539432177,0.9972783877814991
E1/A/Logistic_Regression,roc,0.46313091482649843,0.9973013146657547
E1/A/Logistic_Regression,roc,0.4632952155625657,0.9973232862631662
E1/A/Logistic_Regression,roc,0.46359095688748686,0.9973433472868898
E1/A/Logistic_Regression,roc,0.46382097791798105,0.9973653188843014
E1/A/Logistic_Regression,roc,0.4640509989484753,0.9973748717527412
E1/A/Logistic_Regression,roc,0.4643796004206099,0.9973939774896208
E1/A/Logistic_Regression,roc,0.46464248159831756,0.9974197702344083
E1/A/Logistic_Regression,roc,0.4648396424815983,0.997436010110756
E1/A/Logistic_Regression,roc,0.4651682439537329,0.9974560711344795
E1/A/Logistic_Regression,roc,0.46536540483701366,0.9974732662976712
E1/A/Logistic_Regression,roc,0.46572686645636174,0.997483774452955
E1/A/Logistic_Regression,roc,0.46605546792849634,0.9974971484687707
E1/A/Logistic_Regression,roc,0.466318349106204,0.9975124330582744
E1/A/Logistic_Regression,roc,0.4665483701366982,0.9975296282214661
E1/A/Logistic_Regression,roc,0.4669098317560463,0.9975458680978138
E1/A/Logistic_Regression,roc,0.4673698738170347,0.9975592421136295
E1/A/Logistic_Regression,roc,0.4675998948475289,0.9975773925636651
E1/A/Logistic_Regression,roc,0.4679284963196635,0.9975936324400128
E1/A/Logistic_Regression,roc,0.46822423764458465,0.9976156040374243
E1/A/Logistic_Regression,roc,0.46861855941114616,0.9976232463321761
E1/A/Logistic_Regression,roc,0.4688485804416404,0.9976375756348359
E1/A/Logistic_Regression,roc,0.4695057833859096,0.9976461732164317
E1/A/Logistic_Regression,roc,0.46993296529968454,0.9976528602243395
E1/A/Logistic_Regression,roc,0.47075446898002105,0.9976605025190914
E1/A/Logistic_Regression,roc,0.47144453207150366,0.9976691001006872
E1/A/Logistic_Regression,roc,0.47436908517350157,0.9976776976822831
E1/A/Logistic_Regression,roc,0.4766035751840168,0.9976843846901909
E1/A/Logistic_Regression,roc,0.478115141955836,0.9976939375586308
E1/A/Logistic_Regression,roc,0.4798567297581493,0.9977015798533826
E1/A/Logistic_Regression,roc,0.4810725552050473,0.9977073115744465
E1/A/Logistic_Regression,roc,0.481696898002103,0.9977149538691983
E1/A/Logistic_Regression,roc,0.48261698212407994,0.9977206855902622
E1/A/Logistic_Regression,roc,0.48373422712933756,0.997729283171858
E1/A/Logistic_Regression,roc,0.48511435331230285,0.9977359701797659
E1/A/Logistic_Regression,roc,0.4863630389064143,0.9977426571876737
E1/A/Logistic_Regression,roc,0.48738170347003157,0.9977502994824256
E1/A/Logistic_Regression,roc,0.4884989484752892,0.9977579417771775
E1/A/Logistic_Regression,roc,0.4909963196635121,0.9977646287850853
E1/A/Logistic_Regression,roc,0.4918835436382755,0.9977703605061492
E1/A/Logistic_Regression,roc,0.4928364879074658,0.997777047514057
E1/A/Logistic_Regression,roc,0.4938551524710831,0.9977827792351209
E1/A/Logistic_Regression,roc,0.4953338590956887,0.9977904215298727
E1/A/Logistic_Regression,roc,0.49671398527865407,0.9977971085377806
E1/A/Logistic_Regression,roc,0.49769978969505785,0.9978028402588445
E1/A/Logistic_Regression,roc,0.4986855941114616,0.9978095272667524
E1/A/Logistic_Regression,roc,0.5010186645636172,0.9978152589878163
E1/A/Logistic_Regression,roc,0.5019387486855941,0.9978219459957242
E1/A/Logistic_Regression,roc,0.5029245531019979,0.997829588290476
E1/A/Logistic_Regression,roc,0.5043046792849631,0.9978362752983838
E1/A/Logistic_Regression,roc,0.5060134069400631,0.9978448728799797
E1/A/Logistic_Regression,roc,0.5076892744479495,0.9978506046010436
E1/A/Logistic_Regression,roc,0.5087407991587802,0.9978582468957954
E1/A/Logistic_Regression,roc,0.5093322818086226,0.9978668444773913
E1/A/Logistic_Regression,roc,0.5104166666666666,0.997876397345831
E1/A/Logistic_Regression,roc,0.5113367507886435,0.9978830843537388
E1/A/Logistic_Regression,roc,0.5120596740273397,0.9978888160748027
E1/A/Logistic_Regression,roc,0.5134069400630915,0.9978974136563986
E1/A/Logistic_Regression,roc,0.5152142481598317,0.9979050559511504
E1/A/Logistic_Regression,roc,0.5170544164037855,0.9979117429590583
E1/A/Logistic_Regression,roc,0.5179745005257623,0.9979222511143421
E1/A/Logistic_Regression,roc,0.5189931650893796,0.9979289381222499
E1/A/Logistic_Regression,roc,0.5201761303890642,0.9979375357038458
E1/A/Logistic_Regression,roc,0.5212605152471083,0.9979470885722856
E1/A/Logistic_Regression,roc,0.5232649842271293,0.9979556861538814
E1/A/Logistic_Regression,roc,0.5246779705573081,0.9979623731617893
E1/A/Logistic_Regression,roc,0.5253023133543638,0.9979690601696971
E1/A/Logistic_Regression,roc,0.526386698212408,0.997974791890761
E1/A/Logistic_Regression,roc,0.5272082018927445,0.9979824341855129
E1/A/Logistic_Regression,roc,0.5283911671924291,0.9979900764802647
E1/A/Logistic_Regression,roc,0.5291798107255521,0.9979996293487046
E1/A/Logistic_Regression,roc,0.5301984752891693,0.9980063163566124
E1/A/Logistic_Regression,roc,0.5322358044164038,0.9980120480776763
E1/A/Logistic_Regression,roc,0.5327615667718192,0.9980206456592721
E1/A/Logistic_Regression,roc,0.5341416929547844,0.998026377380336
E1/A/Logistic_Regression,roc,0.5354560988433228,0.9980368855356198
E1/A/Logistic_Regression,roc,0.5367376445846478,0.9980445278303717
E1/A/Logistic_Regression,roc,0.5389392744479495,0.9980540806988114
E1/A/Logistic_Regression,roc,0.5398593585699264,0.9980607677067193
E1/A/Logistic_Regression,roc,0.5408123028391167,0.9980664994277831
E1/A/Logistic_Regression,roc,0.541830967402734,0.998076052296223
E1/A/Logistic_Regression,roc,0.5427510515247108,0.9980856051646628
E1/A/Logistic_Regression,roc,0.5431125131440588,0.9980932474594146
E1/A/Logistic_Regression,roc,0.5439011566771819,0.9981008897541664
E1/A/Logistic_Regression,roc,0.5444269190325972,0.9981066214752303
E1/A/Logistic_Regression,roc,0.5452155625657203,0.9981171296305141
E1/A/Logistic_Regression,roc,0.5465299684542587,0.998124771925266
E1/A/Logistic_Regression,roc,0.5471214511041009,0.9981343247937058
E1/A/Logistic_Regression,roc,0.5476143533123028,0.9981429223753017
E1/A/Logistic_Regression,roc,0.5489287592008412,0.9981524752437414
E1/A/Logistic_Regression,roc,0.5506374868559412,0.9981591622516494
E1/A/Logistic_Regression,roc,0.5516232912723449,0.998172536267465
E1/A/Logistic_Regression,roc,0.5527405362776026,0.9981811338490608
E1/A/Logistic_Regression,roc,0.5548107255520505,0.9981897314306567
E1/A/Logistic_Regression,roc,0.5566837539432177,0.9981964184385645
E1/A/Logistic_Regression,roc,0.5572423764458465,0.9982021501596284
E1/A/Logistic_Regression,roc,0.5582281808622502,0.9982107477412242
E1/A/Logistic_Regression,roc,0.5597068874868559,0.9982174347491322
E1/A/Logistic_Regression,roc,0.5610541535226078,0.99822412175704
E1/A/Logistic_Regression,roc,0.562927181913775,0.9982298534781039
E1/A/Logistic_Regression,roc,0.5650959516298633,0.9982384510596997
E1/A/Logistic_Regression,roc,0.5662789169295478,0.9982451380676075
E1/A/Logistic_Regression,roc,0.5684148264984227,0.9982508697886714
E1/A/Logistic_Regression,roc,0.5700249737118822,0.9982585120834233
E1/A/Logistic_Regression,roc,0.5715365404837014,0.9982642438044872
E1/A/Logistic_Regression,roc,0.5733767087276551,0.9982699755255511
E1/A/Logistic_Regression,roc,0.5753154574132492,0.9982814389676788
E1/A/Logistic_Regression,roc,0.5780099894847529,0.9982871706887427
E1/A/Logistic_Regression,roc,0.579587276550999,0.9982948129834945
E1/A/Logistic_Regression,roc,0.5816246056782335,0.9983005447045584
E1/A/Logistic_Regression,roc,0.5842862776025236,0.9983062764256223
E1/A/Logistic_Regression,roc,0.58681650893796,0.9983129634335302
E1/A/Logistic_Regression,roc,0.5903325446898002,0.9983206057282821
E1/A/Logistic_Regression,roc,0.5920741324921136,0.9983282480230339
E1/A/Logistic_Regression,roc,0.5932899579390115,0.9983368456046297
E1/A/Logistic_Regression,roc,0.5951301261829653,0.9983425773256935
E1/A/Logistic_Regression,roc,0.5989090431125131,0.9983492643336015
E1/A/Logistic_Regression,roc,0.6009135120925342,0.9983559513415093
E1/A/Logistic_Regression,roc,0.605546792849632,0.9983626383494172
E1/A/Logistic_Regression,roc,0.6088985278654049,0.998369325357325
E1/A/Logistic_Regression,roc,0.6117902208201893,0.9983750570783889
E1/A/Logistic_Regression,roc,0.6133017875920084,0.9983817440862968
E1/A/Logistic_Regression,roc,0.6147147739221872,0.9983903416678926
E1/A/Logistic_Regression,roc,0.616489221871714,0.9983970286758005
E1/A/Logistic_Regression,roc,0.6175736067297581,0.9984037156837083
E1/A/Logistic_Regression,roc,0.6206296004206099,0.9984094474047722
E1/A/Logistic_Regression,roc,0.6224040483701367,0.9984161344126801
E1/A/Logistic_Regression,roc,0.62414563617245,0.9984228214205879
E1/A/Logistic_Regression,roc,0.62585436382755,0.9984295084284959
E1/A/Logistic_Regression,roc,0.6273659305993691,0.9984361954364037
E1/A/Logistic_Regression,roc,0.6302247634069401,0.9984419271574676
E1/A/Logistic_Regression,roc,0.6318020504731862,0.9984495694522194
E1/A/Logistic_Regression,roc,0.6351209253417456,0.9984553011732833
E1/A/Logistic_Regression,roc,0.6383412197686645,0.9984610328943472
E1/A/Logistic_Regression,roc,0.6438288643533123,0.998467719902255
E1/A/Logistic_Regression,roc,0.6466548370136698,0.9984744069101629
E1/A/Logistic_Regression,roc,0.6492179284963197,0.9984810939180708
E1/A/Logistic_Regression,roc,0.6529639852786541,0.9984877809259787
E1/A/Logistic_Regression,roc,0.6547055730809674,0.9984935126470426
E1/A/Logistic_Regression,roc,0.6577944269190326,0.9985001996549504
E1/A/Logistic_Regression,roc,0.6584516298633017,0.9985059313760143
E1/A/Logistic_Regression,roc,0.6605218191377498,0.9985116630970782
E1/A/Logistic_Regression,roc,0.6641035751840169,0.99851930539183
E1/A/Logistic_Regression,roc,0.6680139327024185,0.9985250371128939
E1/A/Logistic_Regression,roc,0.6710042060988434,0.9985317241208017
E1/A/Logistic_Regression,roc,0.673271556256572,0.9985384111287097
E1/A/Logistic_Regression,roc,0.674980283911672,0.9985441428497736
E1/A/Logistic_Regression,roc,0.6777733964248159,0.9985517851445254
E1/A/Logistic_Regression,roc,0.681782334384858,0.9985584721524332
E1/A/Logistic_Regression,roc,0.6846411671924291,0.9985670697340291
E1/A/Logistic_Regression,roc,0.6877300210304942,0.998572801455093
E1/A/Logistic_Regression,roc,0.6909503154574133,0.9985785331761569
E1/A/Logistic_Regression,roc,0.6929219242902208,0.9985852201840647
E1/A/Logistic_Regression,roc,0.6956164563617245,0.9985909519051286
E1/A/Logistic_Regression,roc,0.6967994216614091,0.9985985941998804
E1/A/Logistic_Regression,roc,0.6981138275499474,0.9986043259209443
E1/A/Logistic_Regression,roc,0.7018927444794952,0.9986110129288521
E1/A/Logistic_Regression,roc,0.7033714511041009,0.998618655223604
E1/A/Logistic_Regression,roc,0.704521556256572,0.9986243869446679
E1/A/Logistic_Regression,roc,0.7076104100946372,0.9986320292394197
E1/A/Logistic_Regression,roc,0.7089248159831756,0.9986396715341715
E1/A/Logistic_Regression,roc,0.7108307045215563,0.9986463585420794
E1/A/Logistic_Regression,roc,0.7119150893796005,0.9986540008368313
E1/A/Logistic_Regression,roc,0.7129666140904312,0.9986606878447392
E1/A/Logistic_Regression,roc,0.7141167192429022,0.998667374852647
E1/A/Logistic_Regression,roc,0.7151682439537329,0.9986750171473988
E1/A/Logistic_Regression,roc,0.7169755520504731,0.9986826594421507
E1/A/Logistic_Regression,roc,0.7189471608832808,0.9986893464500586
E1/A/Logistic_Regression,roc,0.7213459516298633,0.9986979440316543
E1/A/Logistic_Regression,roc,0.7235147213459516,0.9987036757527182
E1/A/Logistic_Regression,roc,0.7243362250262881,0.9987103627606261
E1/A/Logistic_Regression,roc,0.7256506309148265,0.99871609448169
E1/A/Logistic_Regression,roc,0.7272936382754994,0.9987237367764419
E1/A/Logistic_Regression,roc,0.7285751840168244,0.9987294684975058
E1/A/Logistic_Regression,roc,0.729692429022082,0.9987371107922576
E1/A/Logistic_Regression,roc,0.73090825446898,0.9987437978001654
E1/A/Logistic_Regression,roc,0.7323869610935857,0.9987495295212293
E1/A/Logistic_Regression,roc,0.7338328075709779,0.9987581271028252
E1/A/Logistic_Regression,roc,0.7353443743427971,0.9987638588238891
E1/A/Logistic_Regression,roc,0.7364287592008412,0.998769590544953
E1/A/Logistic_Regression,roc,0.7371188222923238,0.9987772328397048
E1/A/Logistic_Regression,roc,0.7381703470031545,0.9987839198476126
E1/A/Logistic_Regression,roc,0.7398790746582544,0.9987906068555205
E1/A/Logistic_Regression,roc,0.7424421661409043,0.9987992044371163
E1/A/Logistic_Regression,roc,0.7439865930599369,0.9988068467318681
E1/A/Logistic_Regression,roc,0.7451695583596214,0.998813533739776
E1/A/Logistic_Regression,roc,0.7476669295478444,0.9988192654608399
E1/A/Logistic_Regression,roc,0.7501643007360673,0.9988269077555918
E1/A/Logistic_Regression,roc,0.7514129863301787,0.9988355053371876
E1/A/Logistic_Regression,roc,0.7528588328075709,0.9988412370582515
E1/A/Logistic_Regression,roc,0.7541403785488959,0.9988479240661593
E1/A/Logistic_Regression,roc,0.7550933228180863,0.9988536557872232
E1/A/Logistic_Regression,roc,0.7564734490010515,0.9988612980819751
E1/A/Logistic_Regression,roc,0.7587736593059937,0.9988698956635709
E1/A/Logistic_Regression,roc,0.7615339116719243,0.9988765826714787
E1/A/Logistic_Regression,roc,0.7628154574132492,0.9988851802530746
E1/A/Logistic_Regression,roc,0.7638998422712934,0.9988918672609824
E1/A/Logistic_Regression,roc,0.7651485278654049,0.9988995095557343
E1/A/Logistic_Regression,roc,0.7662657728706624,0.9989090624241741
E1/A/Logistic_Regression,roc,0.7676458990536278,0.9989167047189259
E1/A/Logistic_Regression,roc,0.7691574658254469,0.9989253023005218
E1/A/Logistic_Regression,roc,0.7704061514195584,0.9989310340215857
E1/A/Logistic_Regression,roc,0.7722463196635121,0.9989396316031814
E1/A/Logistic_Regression,roc,0.7730678233438486,0.9989463186110894
E1/A/Logistic_Regression,roc,0.773955047318612,0.9989520503321533
E1/A/Logistic_Regression,roc,0.774743690851735,0.998961603200593
E1/A/Logistic_Regression,roc,0.775598054679285,0.9989673349216569
E1/A/Logistic_Regression,roc,0.776386698212408,0.9989759325032528
E1/A/Logistic_Regression,roc,0.7771096214511041,0.9989845300848486
E1/A/Logistic_Regression,roc,0.7789826498422713,0.9989940829532884
E1/A/Logistic_Regression,roc,0.780034174553102,0.9990017252480402
E1/A/Logistic_Regression,roc,0.7808556782334385,0.999008412255948
E1/A/Logistic_Regression,roc,0.7820715036803365,0.999015099263856
E1/A/Logistic_Regression,roc,0.7840431125131441,0.9990236968454518
E1/A/Logistic_Regression,roc,0.7856532597266036,0.9990313391402036
E1/A/Logistic_Regression,roc,0.7870005257623555,0.9990399367217995
E1/A/Logistic_Regression,roc,0.7881506309148265,0.9990466237297073
E1/A/Logistic_Regression,roc,0.7902208201892744,0.9990552213113032
E1/A/Logistic_Regression,roc,0.7913380651945321,0.999062863606055
E1/A/Logistic_Regression,roc,0.7925538906414301,0.9990695506139629
E1/A/Logistic_Regression,roc,0.7936054153522608,0.9990762376218707
E1/A/Logistic_Regression,roc,0.7949526813880127,0.9990829246297785
E1/A/Logistic_Regression,roc,0.7968257097791798,0.9990896116376865
E1/A/Logistic_Regression,roc,0.7983044164037855,0.9990962986455943
E1/A/Logistic_Regression,roc,0.7997831230283912,0.9991020303666582
E1/A/Logistic_Regression,roc,0.8013604100946372,0.9991077620877221
E1/A/Logistic_Regression,roc,0.8025105152471083,0.99911444909563
E1/A/Logistic_Regression,roc,0.8038249211356467,0.9991211361035378
E1/A/Logistic_Regression,roc,0.805993690851735,0.9991278231114457
E1/A/Logistic_Regression,roc,0.8073080967402734,0.9991345101193535
E1/A/Logistic_Regression,roc,0.8092468454258676,0.9991402418404174
E1/A/Logistic_Regression,roc,0.8109555730809674,0.9991469288483252
E1/A/Logistic_Regression,roc,0.8124671398527865,0.9991536158562332
E1/A/Logistic_Regression,roc,0.814077287066246,0.999161258150985
E1/A/Logistic_Regression,roc,0.8146687697160884,0.9991698557325808
E1/A/Logistic_Regression,roc,0.8163446372239748,0.9991774980273327
E1/A/Logistic_Regression,roc,0.816936119873817,0.9991851403220845
E1/A/Logistic_Regression,roc,0.8174947423764458,0.9991937379036804
E1/A/Logistic_Regression,roc,0.8182505257623555,0.9992013801984322
E1/A/Logistic_Regression,roc,0.8188748685594112,0.9992157095010918
E1/A/Logistic_Regression,roc,0.8192691903259727,0.9992252623695317
E1/A/Logistic_Regression,roc,0.8199921135646687,0.9992348152379715
E1/A/Logistic_Regression,roc,0.8208464773922187,0.9992443681064113
E1/A/Logistic_Regression,roc,0.8216679810725552,0.9992500998274751
E1/A/Logistic_Regression,roc,0.8222923238696109,0.999258697409071
E1/A/Logistic_Regression,roc,0.8231138275499474,0.9992663397038228
E1/A/Logistic_Regression,roc,0.8241982124079916,0.9992787584327946
E1/A/Logistic_Regression,roc,0.825085436382755,0.9992844901538585
E1/A/Logistic_Regression,roc,0.8268927444794952,0.9992902218749223
E1/A/Logistic_Regression,roc,0.8275499474237644,0.9992988194565182
E1/A/Logistic_Regression,roc,0.8284700315457413,0.9993045511775821
E1/A/Logistic_Regression,roc,0.829160094637224,0.9993131487591779
E1/A/Logistic_Regression,roc,0.8306388012618297,0.9993217463407738
E1/A/Logistic_Regression,roc,0.8322489484752892,0.9993274780618376
E1/A/Logistic_Regression,roc,0.833169032597266,0.9993351203565894
E1/A/Logistic_Regression,roc,0.8349434805467929,0.9993427626513414
E1/A/Logistic_Regression,roc,0.8353378023133544,0.9993504049460932
E1/A/Logistic_Regression,roc,0.8364879074658255,0.9993561366671571
E1/A/Logistic_Regression,roc,0.8377365930599369,0.9993656895355969
E1/A/Logistic_Regression,roc,0.8390509989484752,0.9993733318303487
E1/A/Logistic_Regression,roc,0.8401353838065194,0.9993790635514126
E1/A/Logistic_Regression,roc,0.8412197686645636,0.9993867058461644
E1/A/Logistic_Regression,roc,0.8423041535226078,0.9993933928540722
E1/A/Logistic_Regression,roc,0.8446700841219769,0.9994000798619802
E1/A/Logistic_Regression,roc,0.8455901682439537,0.999407722156732
E1/A/Logistic_Regression,roc,0.8472331756046267,0.9994134538777959
E1/A/Logistic_Regression,roc,0.8481532597266036,0.9994201408857037
E1/A/Logistic_Regression,roc,0.8499605678233438,0.9994268278936116
E1/A/Logistic_Regression,roc,0.8513406940063092,0.9994335149015194
E1/A/Logistic_Regression,roc,0.8527865404837014,0.9994411571962714
E1/A/Logistic_Regression,roc,0.8541338065194533,0.9994478442041792
E1/A/Logistic_Regression,roc,0.8550210304942166,0.999455486498931
E1/A/Logistic_Regression,roc,0.8556453732912723,0.9994631287936829
E1/A/Logistic_Regression,roc,0.8577812828601472,0.9994736369489666
E1/A/Logistic_Regression,roc,0.8605743953732913,0.9994803239568746
E1/A/Logistic_Regression,roc,0.861625920084122,0.9994860556779385
E1/A/Logistic_Regression,roc,0.8627431650893796,0.9994927426858463
E1/A/Logistic_Regression,roc,0.8639589905362776,0.9994984744069102
E1/A/Logistic_Regression,roc,0.8655034174553102,0.999506116701662
E1/A/Logistic_Regression,roc,0.8665549421661409,0.9995118484227259
E1/A/Logistic_Regression,roc,0.867770767613039,0.9995166248569458
E1/A/Logistic_Regression,roc,0.8687565720294427,0.9995223565780097
E1/A/Logistic_Regression,roc,0.8698738170347003,0.9995261777253857
E1/A/Logistic_Regression,roc,0.8707610410094637,0.9995290435859175
E1/A/Logistic_Regression,roc,0.8715496845425867,0.9995338200201375
E1/A/Logistic_Regression,roc,0.8724697686645636,0.9995366858806694
E1/A/Logistic_Regression,roc,0.8730941114616193,0.9995414623148893
E1/A/Logistic_Regression,roc,0.8741127760252366,0.9995481493227971
E1/A/Logistic_Regression,roc,0.8754929022082019,0.9995491046096412
E1/A/Logistic_Regression,roc,1.0,1.0
E1/A/Logistic_Regression,pr,0.0,1.0
E1/A/Logistic_Regression,pr,0.8856636282176449,0.9859087230650947
E1/A/Logistic_Regression,pr,0.9328261397049692,0.9864730805210339
E1/A/Logistic_Regression,pr,0.9580915661545693,0.986765867725581
E1/A/Logistic_Regression,pr,0.9720664573951621,0.9868981275834712
E1/A/Logistic_Regression,pr,0.9805885713303134,0.9869678089304258
E1/A/Logistic_Regression,pr,0.985741388566745,0.9869982295095139
E1/A/Logistic_Regression,pr,0.9890782055127694,0.9870067101810004
E1/A/Logistic_Regression,pr,0.9913040238592442,0.987005464324949
E1/A/Logistic_Regression,pr,0.9927713444515985,0.987004735393505
E1/A/Logistic_Regression,pr,0.9937973225220337,0.9870001850068547
E1/A/Logistic_Regression,pr,0.9944163483969332,0.9869885197841249
E1/A/Logistic_Regression,pr,0.9949102316952712,0.9869836705954154
E1/A/Logistic_Regression,pr,0.995210191764281,0.9869735169230595
E1/A/Logistic_Regression,pr,0.9954557004831841,0.9869682745347639
E1/A/Logistic_Regression,pr,0.9956257415414126,0.9869592556046508
E1/A/Logistic_Regression,pr,0.9957967378864852,0.9869502522749243
E1/A/Logistic_Regression,pr,0.9959276121841105,0.9869397986820518
E1/A/Logistic_Regression,pr,0.9960317384501044,0.9869318041985579
E1/A/Logistic_Regression,pr,0.9961406411503182,0.986929477860561
E1/A/Logistic_Regression,pr,0.9962304381136524,0.986921300677594
E1/A/Logistic_Regression,pr,0.9962934870453551,0.9869090427343957
E1/A/Logistic_Regression,pr,0.9963699099928736,0.9869025630932736
E1/A/Logistic_Regression,pr,0.9964377353587962,0.9868941054697146
E1/A/Logistic_Regression,pr,0.996496963143123,0.9868874048130604
E1/A/Logistic_Regression,pr,0.9965533250669178,0.986875999814582
E1/A/Logistic_Regression,pr,0.9966029999828049,0.9868654429188325
E1/A/Logistic_Regression,pr,0.996645987890784,0.986848266031277
E1/A/Logistic_Regression,pr,0.9966889757987631,0.9868394917399225
E1/A/Logistic_Regression,pr,0.9967386507146501,0.9868317388857625
E1/A/Logistic_Regression,pr,0.9967797280489412,0.9868201416532135
E1/A/Logistic_Regression,pr,0.9968150736621686,0.986809404021108
E1/A/Logistic_Regression,pr,0.9968599721438356,0.986801591714611
E1/A/Logistic_Regression,pr,0.9968981836175949,0.9867880941551596
E1/A/Logistic_Regression,pr,0.99694021623873,0.98677744715092
E1/A/Logistic_Regression,pr,0.9969755618519572,0.9867667136897761
E1/A/Logistic_Regression,pr,0.9970099521783405,0.9867569016425526
E1/A/Logistic_Regression,pr,0.9970472083652558,0.9867508596247243
E1/A/Logistic_Regression,pr,0.9970815986916391,0.9867373177787442
E1/A/Logistic_Regression,pr,0.9971159890180225,0.9867284411614008
E1/A/Logistic_Regression,pr,0.9971532452049376,0.9867186702411247
E1/A/Logistic_Regression,pr,0.9971933672523848,0.9867136013551068
E1/A/Logistic_Regression,pr,0.9972229811445483,0.9867027988585655
E1/A/Logistic_Regression,pr,0.9972602373314635,0.9866939630402565
E1/A/Logistic_Regression,pr,0.9972927170841589,0.9866822675020297
E1/A/Logistic_Regression,pr,0.9973271074105422,0.9866743281404167
E1/A/Logistic_Regression,pr,0.9973586318763935,0.9866626218867953
E1/A/Logistic_Regression,pr,0.9973882457685569,0.9866499590341703
E1/A/Logistic_Regression,pr,0.9974169043738763,0.9866391493053095
E1/A/Logistic_Regression,pr,0.9974484288397277,0.9866255814810511
E1/A/Logistic_Regression,pr,0.9974780427318911,0.9866138540516076
E1/A/Logistic_Regression,pr,0.9975028801898346,0.9865964712040499
E1/A/Logistic_Regression,pr,0.997532494081998,0.9865847459708887
E1/A/Logistic_Regression,pr,0.9975535103925656,0.9865654509124062
E1/A/Logistic_Regression,pr,0.997585034858417,0.9865556173825636
E1/A/Logistic_Regression,pr,0.9976098723163604,0.9865410358121621
E1/A/Logistic_Regression,pr,0.99763375448746,0.9865236469093468
E1/A/Logistic_Regression,pr,0.9976490390769637,0.9864996216833533
E1/A/Logistic_Regression,pr,0.9976605025190914,0.9864727518660065
E1/A/Logistic_Regression,pr,0.9976710106743752,0.9864440078585461
E1/A/Logistic_Regression,pr,0.9976729212480632,0.9864067656376032
E1/A/Logistic_Regression,pr,0.9976748318217511,0.986370457960546
E1/A/Logistic_Regression,pr,0.997680563542815,0.9863369992775146
E1/A/Logistic_Regression,pr,0.9976853399770349,0.9863025988608793
E1/A/Logistic_Regression,pr,0.9976920269849427,0.9862700898738254
E1/A/Logistic_Regression,pr,0.9976968034191627,0.986236626155604
E1/A/Logistic_Regression,pr,0.9977044457139145,0.9862050666092547
E1/A/Logistic_Regression,pr,0.9977082668612904,0.9861697326104241
E1/A/Logistic_Regression,pr,0.9977168644428863,0.9861400535362739
E1/A/Logistic_Regression,pr,0.99772737259817,0.9861113340389392
E1/A/Logistic_Regression,pr,0.997731193745546,0.9860760079268943
E1/A/Logistic_Regression,pr,0.9977378807534538,0.9860435168864665
E1/A/Logistic_Regression,pr,0.9977445677613617,0.9860119592697557
E1/A/Logistic_Regression,pr,0.9977512547692695,0.985978542534964
E1/A/Logistic_Regression,pr,0.9977608076377094,0.9859479604435936
E1/A/Logistic_Regression,pr,0.9977636734982414,0.9859126345468945
E1/A/Logistic_Regression,pr,0.9977694052193052,0.9858792125206832
E1/A/Logistic_Regression,pr,0.9977751369403691,0.9858457931443274
E1/A/Logistic_Regression,pr,0.9977827792351209,0.985815194513711
E1/A/Logistic_Regression,pr,0.9977885109561848,0.9857817802928774
E1/A/Logistic_Regression,pr,0.9977961532509366,0.9857502562292492
E1/A/Logistic_Regression,pr,0.9978028402588445,0.985717790947869
E1/A/Logistic_Regression,pr,0.9978066614062204,0.9856834273710673
E1/A/Logistic_Regression,pr,0.9978114378404404,0.9856490799954327
E1/A/Logistic_Regression,pr,0.9978152589878163,0.9856137917368473
E1/A/Logistic_Regression,pr,0.9978238565694121,0.98558415408103
E1/A/Logistic_Regression,pr,0.9978314988641639,0.9855526452849842
E1/A/Logistic_Regression,pr,0.9978381858720718,0.985520195491985
E1/A/Logistic_Regression,pr,0.9978420070194477,0.9854858476636686
E1/A/Logistic_Regression,pr,0.9978477387405116,0.9854524596381229
E1/A/Logistic_Regression,pr,0.9978525151747315,0.9854181308755064
E1/A/Logistic_Regression,pr,0.9978601574694833,0.9853866348696344
E1/A/Logistic_Regression,pr,0.9978735314852991,0.9853617307079157
E1/A/Logistic_Regression,pr,0.997879263206363,0.9853283528590564
E1/A/Logistic_Regression,pr,0.9978897713616468,0.9852996938261543
E1/A/Logistic_Regression,pr,0.9978955030827107,0.9852672503803445
E1/A/Logistic_Regression,pr,0.9979012348037746,0.985233880209193
E1/A/Logistic_Regression,pr,0.9979088770985264,0.9852023989278577
E1/A/Logistic_Regression,pr,0.9979107876722143,0.9851652616261249
E1/A/Logistic_Regression,pr,0.9979203405406541,0.9851366006846538
E1/A/Logistic_Regression,pr,0.9979289381222499,0.9851060699790274
E1/A/Logistic_Regression,pr,0.9979375357038458,0.9850755416917341
E1/A/Logistic_Regression,pr,0.9979451779985976,0.9850450017208621
E1/A/Logistic_Regression,pr,0.9979489991459736,0.9850097637373568
E1/A/Logistic_Regression,pr,0.9979575967275693,0.9849792428618168
E1/A/Logistic_Regression,pr,0.9979623731617893,0.9849458817317845
E1/A/Logistic_Regression,pr,0.9979719260302291,0.9849163085637354
E1/A/Logistic_Regression,pr,0.997977657751293,0.9848829667283855
E1/A/Logistic_Regression,pr,0.9979881659065768,0.984854341108218
E1/A/Logistic_Regression,pr,0.9979958082013286,0.9848238180932064
E1/A/Logistic_Regression,pr,0.9980044057829245,0.9847933117719864
E1/A/Logistic_Regression,pr,0.9980101375039884,0.9847599800545014
E1/A/Logistic_Regression,pr,0.9980149139382082,0.9847266365799128
E1/A/Logistic_Regression,pr,0.9980235115198041,0.9846961376998871
E1/A/Logistic_Regression,pr,0.9980321091013998,0.9846656412344394
E1/A/Logistic_Regression,pr,0.9980397513961518,0.9846351327025786
E1/A/Logistic_Regression,pr,0.9980454831172156,0.9846018137798641
E1/A/Logistic_Regression,pr,0.9980512148382795,0.9845684974946779
E1/A/Logistic_Regression,pr,0.9980579018461874,0.9845361261912413
E1/A/Logistic_Regression,pr,0.9980626782804073,0.9845028005397541
E1/A/Logistic_Regression,pr,0.998075097009379,0.9844760879930197
E1/A/Logistic_Regression,pr,0.9980808287304429,0.9844427819256992
E1/A/Logistic_Regression,pr,0.9980961133199466,0.9844198279736449
E1/A/Logistic_Regression,pr,0.9981066214752303,0.9843912375364027
E1/A/Logistic_Regression,pr,0.9981190402042022,0.9843645336069258
E1/A/Logistic_Regression,pr,0.998124771925266,0.9843312371935279
E1/A/Logistic_Regression,pr,0.9981391012279257,0.9843073491120247
E1/A/Logistic_Regression,pr,0.9981524752437414,0.984281593657624
E1/A/Logistic_Regression,pr,0.9981562963911174,0.9842464204973624
E1/A/Logistic_Regression,pr,0.9981620281121812,0.9842140610620728
E1/A/Logistic_Regression,pr,0.998172536267465,0.9841854866283062
E1/A/Logistic_Regression,pr,0.9981820891359049,0.9841559725917728
E1/A/Logistic_Regression,pr,0.9981868655701247,0.9841226786316383
E1/A/Logistic_Regression,pr,0.9981925972911886,0.9840894022271447
E1/A/Logistic_Regression,pr,0.9981964184385645,0.9840542449498517
E1/A/Logistic_Regression,pr,0.9982040607333164,0.9840228573150566
E1/A/Logistic_Regression,pr,0.9982136136017562,0.9839942821251435
E1/A/Logistic_Regression,pr,0.9982183900359761,0.9839600743896985
E1/A/Logistic_Regression,pr,0.998222211183352,0.9839249277553938
E1/A/Logistic_Regression,pr,0.9982269876175719,0.9838916518683537
E1/A/Logistic_Regression,pr,0.9982308087649479,0.983856510686376
E1/A/Logistic_Regression,pr,0.9982384510596997,0.9838251382583496
E1/A/Logistic_Regression,pr,0.9982432274939196,0.9837909439419159
E1/A/Logistic_Regression,pr,0.9982460933544516,0.9837557956176893
E1/A/Logistic_Regression,pr,0.9982508697886714,0.983721606714696
E1/A/Logistic_Regression,pr,0.9982537356492034,0.9836855378237406
E1/A/Logistic_Regression,pr,0.9982604226571112,0.9836541629406504
E1/A/Logistic_Regression,pr,0.9982661543781751,0.9836209233503265
E1/A/Logistic_Regression,pr,0.9982699755255511,0.9835858039181729
E1/A/Logistic_Regression,pr,0.998275707246615,0.9835534953763618
E1/A/Logistic_Regression,pr,0.9982814389676788,0.9835202636757812
E1/A/Logistic_Regression,pr,0.9982843048282107,0.9834842112296823
E1/A/Logistic_Regression,pr,0.9982871706887427,0.9834481616335765
E1/A/Logistic_Regression,pr,0.9982909918361186,0.9834139813784887
E1/A/Logistic_Regression,pr,0.9982976788440265,0.9833817014277056
E1/A/Logistic_Regression,pr,0.9982995894177145,0.983344719146798
E1/A/Logistic_Regression,pr,0.9983043658519344,0.9833114878425845
E1/A/Logistic_Regression,pr,0.9983062764256223,0.9832745112245004
E1/A/Logistic_Regression,pr,0.9983081869993102,0.9832375375287787
E1/A/Logistic_Regression,pr,0.9983110528598422,0.9832024326083929
E1/A/Logistic_Regression,pr,0.9983139187203741,0.9831664054400368
E1/A/Logistic_Regression,pr,0.998318695154594,0.9831322626286952
E1/A/Logistic_Regression,pr,0.998321561015126,0.9830962410796431
E1/A/Logistic_Regression,pr,0.998323471588814,0.9830602064419754
E1/A/Logistic_Regression,pr,0.9983311138835658,0.9830288937739688
E1/A/Logistic_Regression,pr,0.9983387561783177,0.9829975835800076
E1/A/Logistic_Regression,pr,0.9983435326125376,0.9829643786964439
E1/A/Logistic_Regression,pr,0.9983454431862255,0.9829274302923368
E1/A/Logistic_Regression,pr,0.9983473537599135,0.982890484807217
E1/A/Logistic_Regression,pr,0.9983492643336015,0.9828535422407388
E1/A/Logistic_Regression,pr,0.9983549960546654,0.9828212885491244
E1/A/Logistic_Regression,pr,0.9983569066283533,0.9827843515990795
E1/A/Logistic_Regression,pr,0.9983578619151973,0.9827464772176955
E1/A/Logistic_Regression,pr,0.9983597724888852,0.9827104701939677
E1/A/Logistic_Regression,pr,0.9983626383494172,0.9826744822372541
E1/A/Logistic_Regression,pr,0.9983645489231051,0.9826375568844259
E1/A/Logistic_Regression,pr,0.9983664594967931,0.982601558291126
E1/A/Logistic_Regression,pr,0.998369325357325,0.982565578864337
E1/A/Logistic_Regression,pr,0.998374101791545,0.982531482534773
E1/A/Logistic_Regression,pr,0.9983769676520768,0.9824955087160522
E1/A/Logistic_Regression,pr,0.9983798335126088,0.9824604613035925
E1/A/Logistic_Regression,pr,0.9983874758073606,0.9824291931829932
E1/A/Logistic_Regression,pr,0.9983941628152685,0.9823969875509
E1/A/Logistic_Regression,pr,0.9983979839626445,0.9823628879971952
E1/A/Logistic_Regression,pr,0.9984037156837083,0.9823297475879635
E1/A/Logistic_Regression,pr,0.9984046709705523,0.9822919104454325
E1/A/Logistic_Regression,pr,0.9984084921179283,0.982257818946672
E1/A/Logistic_Regression,pr,0.9984132685521482,0.9822237467811965
E1/A/Logistic_Regression,pr,0.9984161344126801,0.9821877977863024
E1/A/Logistic_Regression,pr,0.998421866133744,0.9821546707964336
E1/A/Logistic_Regression,pr,0.9984256872811199,0.9821205899350207
E1/A/Logistic_Regression,pr,0.9984314190021838,0.9820874681811306
E1/A/Logistic_Regression,pr,0.9984371507232477,0.9820543490414547
E1/A/Logistic_Regression,pr,0.9984390612969356,0.9820183968956413
E1/A/Logistic_Regression,pr,0.9984419271574676,0.9819824644478519
E1/A/Logistic_Regression,pr,0.9984467035916875,0.9819484138392363
E1/A/Logistic_Regression,pr,0.9984505247390634,0.98191342645307
E1/A/Logistic_Regression,pr,0.9984543458864393,0.9818793642323883
E1/A/Logistic_Regression,pr,0.9984562564601273,0.9818425035156724
E1/A/Logistic_Regression,pr,0.9984572117469712,0.9818047063531352
E1/A/Logistic_Regression,pr,0.9984591223206593,0.9817687736825593
E1/A/Logistic_Regression,pr,0.9984619881811911,0.9817328609375529
E1/A/Logistic_Regression,pr,0.9984638987548792,0.9816960117818775
E1/A/Logistic_Regression,pr,0.9984658093285671,0.9816600875153912
E1/A/Logistic_Regression,pr,0.9984667646154111,0.9816223049318679
E1/A/Logistic_Regression,pr,0.998467719902255,0.9815845253289082
E1/A/Logistic_Regression,pr,0.998470585762787,0.9815486268996754
E1/A/Logistic_Regression,pr,0.9984753621970069,0.9815155311232855
E1/A/Logistic_Regression,pr,0.9984772727706949,0.9814786991894349
E1/A/Logistic_Regression,pr,0.9984820492049148,0.9814446871202973
E1/A/Logistic_Regression,pr,0.9984820492049148,0.9814069044777605
E1/A/Logistic_Regression,pr,0.9984839597786027,0.9813700811502816
E1/A/Logistic_Regression,pr,0.9984877809259787,0.9813351384795649
E1/A/Logistic_Regression,pr,0.9984935126470426,0.9813020762431406
E1/A/Logistic_Regression,pr,0.9984963785075744,0.9812671214229252
E1/A/Logistic_Regression,pr,0.9984982890812625,0.981230309379776
E1/A/Logistic_Regression,pr,0.9985030655154823,0.9811963164268214
E1/A/Logistic_Regression,pr,0.9985097525233902,0.9811651245504833
E1/A/Logistic_Regression,pr,0.9985126183839221,0.9811292595036575
E1/A/Logistic_Regression,pr,0.9985164395312981,0.9810943359035851
E1/A/Logistic_Regression,pr,0.9985173948181421,0.9810575201138313
E1/A/Logistic_Regression,pr,0.9985202606786739,0.981021663516281
E1/A/Logistic_Regression,pr,0.998521215965518,0.9809839327276823
E1/A/Logistic_Regression,pr,0.9985231265392059,0.9809471433853685
E1/A/Logistic_Regression,pr,0.9985269476865819,0.9809131543360895
E1/A/Logistic_Regression,pr,0.9985298135471138,0.9808773090475721
E1/A/Logistic_Regression,pr,0.9985307688339577,0.9808395898608128
E1/A/Logistic_Regression,pr,0.9985345899813337,0.9808056089358635
E1/A/Logistic_Regression,pr,0.9985403217023976,0.9807725869559099
E1/A/Logistic_Regression,pr,0.9985441428497736,0.9807376910749738
E1/A/Logistic_Regression,pr,0.9985479639971494,0.9807037180549287
E1/A/Logistic_Regression,pr,0.9985498745708374,0.9806669512475431
E1/A/Logistic_Regression,pr,0.9985527404313693,0.9806311254792731
E1/A/Logistic_Regression,pr,0.9985536957182133,0.9805934263245336
E1/A/Logistic_Regression,pr,0.9985575168655892,0.9805594641751562
E1/A/Logistic_Regression,pr,0.9985632485866531,0.9805264609375439
E1/A/Logistic_Regression,pr,0.998566114447185,0.9804906463159316
E1/A/Logistic_Regression,pr,0.998568025020873,0.9804548161835398
E1/A/Logistic_Regression,pr,0.998569935594561,0.9804180692505161
E1/A/Logistic_Regression,pr,0.9985718461682489,0.9803813252125012
E1/A/Logistic_Regression,pr,0.9985747120287809,0.9803455219170361
E1/A/Logistic_Regression,pr,0.9985756673156249,0.9803087651644171
E1/A/Logistic_Regression,pr,0.9985813990366887,0.9802757808382582
E1/A/Logistic_Regression,pr,0.9985842648972207,0.9802399858964213
E1/A/Logistic_Regression,pr,0.9985890413314406,0.980206988317172
E1/A/Logistic_Regression,pr,0.9985899966182846,0.9801693235403603
E1/A/Logistic_Regression,pr,0.9985957283393485,0.9801363498702792
E1/A/Logistic_Regression,pr,0.9986014600604124,0.9801042977342151
E1/A/Logistic_Regression,pr,0.9986052812077882,0.9800694540804272
E1/A/Logistic_Regression,pr,0.9986081470683202,0.9800336756524658
E1/A/Logistic_Regression,pr,0.9986100576420082,0.9799969625607488
E1/A/Logistic_Regression,pr,0.9986129235025402,0.9799621084642867
E1/A/Logistic_Regression,pr,0.998619610510448,0.9799300880882589
E1/A/Logistic_Regression,pr,0.9986262975183559,0.9798980702334898
E1/A/Logistic_Regression,pr,0.9986282080920438,0.9798622866859008
E1/A/Logistic_Regression,pr,0.9986301186657318,0.9798255874986878
E1/A/Logistic_Regression,pr,0.9986377609604836,0.9797945147703053
E1/A/Logistic_Regression,pr,0.9986425373947035,0.9797615510708271
E1/A/Logistic_Regression,pr,0.9986463585420794,0.9797267345253748
E1/A/Logistic_Regression,pr,0.9986540008368313,0.9796956693278653
E1/A/Logistic_Regression,pr,0.9986616431315831,0.9796646065757353
E1/A/Logistic_Regression,pr,0.998668330139491,0.9796335271837218
E1/A/Logistic_Regression,pr,0.9986750171473988,0.9796015322511122
E1/A/Logistic_Regression,pr,0.9986797935816187,0.9795676658264854
E1/A/Logistic_Regression,pr,0.9986845700158387,0.9795347198602792
E1/A/Logistic_Regression,pr,0.9986893464500586,0.9795008586984324
E1/A/Logistic_Regression,pr,0.9986960334579664,0.9794688739922519
E1/A/Logistic_Regression,pr,0.9986988993184983,0.9794331443689649
E1/A/Logistic_Regression,pr,0.9987008098921863,0.9793973982563858
E1/A/Logistic_Regression,pr,0.9987074969000942,0.9793654213662083
E1/A/Logistic_Regression,pr,0.9987132286211581,0.9793325102433487
E1/A/Logistic_Regression,pr,0.9987208709159099,0.9793023924583374
E1/A/Logistic_Regression,pr,0.9987237367764419,0.9792666763456522
E1/A/Logistic_Regression,pr,0.9987294684975058,0.9792337729605385
E1/A/Logistic_Regression,pr,0.9987371107922576,0.9792036624931628
E1/A/Logistic_Regression,pr,0.9987428425133215,0.9791707641444934
E1/A/Logistic_Regression,pr,0.9987485742343853,0.9791378683838872
E1/A/Logistic_Regression,pr,0.9987543059554492,0.9791049752110387
E1/A/Logistic_Regression,pr,0.9987590823896692,0.9790720650275553
E1/A/Logistic_Regression,pr,0.9987638588238891,0.9790382405793817
E1/A/Logistic_Regression,pr,0.9987724564054848,0.9790081643239923
E1/A/Logistic_Regression,pr,0.9987810539870807,0.9789790070975112
E1/A/Logistic_Regression,pr,0.9987858304213006,0.9789451902676162
E1/A/Logistic_Regression,pr,0.9987906068555205,0.9789113760973125
E1/A/Logistic_Regression,pr,0.9987934727160525,0.9788756921129551
E1/A/Logistic_Regression,pr,0.9987992044371163,0.9788437359277328
E1/A/Logistic_Regression,pr,0.9988058914450242,0.9788118020312885
E1/A/Logistic_Regression,pr,0.9988106678792441,0.9787779983917336
E1/A/Logistic_Regression,pr,0.9988144890266201,0.9787441775128431
E1/A/Logistic_Regression,pr,0.9988192654608399,0.9787103791581876
E1/A/Logistic_Regression,pr,0.9988230866082158,0.9786756474433616
E1/A/Logistic_Regression,pr,0.9988269077555918,0.9786418344491795
E1/A/Logistic_Regression,pr,0.9988335947634996,0.9786099159615103
E1/A/Logistic_Regression,pr,0.9988383711977196,0.9785761281669959
E1/A/Logistic_Regression,pr,0.9988431476319395,0.978542343028648
E1/A/Logistic_Regression,pr,0.9988507899266913,0.9785122837752348
E1/A/Logistic_Regression,pr,0.9988593875082871,0.9784822469647373
E1/A/Logistic_Regression,pr,0.9988622533688191,0.9784465979443184
E1/A/Logistic_Regression,pr,0.998867029803039,0.9784137387022791
E1/A/Logistic_Regression,pr,0.9988698956635709,0.9783780951427441
E1/A/Logistic_Regression,pr,0.9988737168109468,0.9783433900369863
E1/A/Logistic_Regression,pr,0.9988775379583228,0.9783096029804998
E1/A/Logistic_Regression,pr,0.9988851802530746,0.9782786455799471
E1/A/Logistic_Regression,pr,0.9988928225478264,0.9782476906122006
E1/A/Logistic_Regression,pr,0.9989004648425783,0.9782167380769734
E1/A/Logistic_Regression,pr,0.9989081071373301,0.9781867030377528
E1/A/Logistic_Regression,pr,0.998915749432082,0.9781557553018037
E1/A/Logistic_Regression,pr,0.9989214811531458,0.9781229392038837
E1/A/Logistic_Regression,pr,0.9989272128742097,0.9780910405516384
E1/A/Logistic_Regression,pr,0.9989338998821176,0.9780591648677265
E1/A/Logistic_Regression,pr,0.9989396316031814,0.9780263564006397
E1/A/Logistic_Regression,pr,0.9989463186110894,0.977994485761743
E1/A/Logistic_Regression,pr,0.9989549161926852,0.9779654026614345
E1/A/Logistic_Regression,pr,0.998964469061125,0.9779363424248234
E1/A/Logistic_Regression,pr,0.9989759325032528,0.9779091547537445
E1/A/Logistic_Regression,pr,0.9989864406585366,0.9778819485355312
E1/A/Logistic_Regression,pr,0.9989931276664444,0.9778500897666068
E1/A/Logistic_Regression,pr,0.9989998146743523,0.977818233499956
E1/A/Logistic_Regression,pr,0.9990074569691041,0.977788228958143
E1/A/Logistic_Regression,pr,0.999012233403324,0.9777545076736804
E1/A/Logistic_Regression,pr,0.9990198756980758,0.9777235938059493
E1/A/Logistic_Regression,pr,0.9990256074191397,0.9776908125936639
E1/A/Logistic_Regression,pr,0.9990303838533596,0.977658013069207
E1/A/Logistic_Regression,pr,0.9990342050007356,0.9776233673480834
E1/A/Logistic_Regression,pr,0.9990428025823314,0.977593398231776
E1/A/Logistic_Regression,pr,0.9990504448770833,0.9775634104962073
E1/A/Logistic_Regression,pr,0.9990552213113032,0.9775297072412481
E1/A/Logistic_Regression,pr,0.999061908319211,0.9774978759677315
E1/A/Logistic_Regression,pr,0.9990685953271189,0.977466960764155
E1/A/Logistic_Regression,pr,0.9990762376218707,0.9774360690179835
E1/A/Logistic_Regression,pr,0.9990819693429346,0.9774033105799496
E1/A/Logistic_Regression,pr,0.9990857904903105,0.9773686856698559
E1/A/Logistic_Regression,pr,0.9990905669245305,0.9773359112686862
E1/A/Logistic_Regression,pr,0.9990953433587504,0.9773022261386032
E1/A/Logistic_Regression,pr,0.9990991645061262,0.977267609239846
E1/A/Logistic_Regression,pr,0.9991039409403462,0.977234842538814
E1/A/Logistic_Regression,pr,0.99910967266141,0.9772020996492486
E1/A/Logistic_Regression,pr,0.9991182702430058,0.9771721622399366
E1/A/Logistic_Regression,pr,0.9991220913903818,0.9771375558458011
E1/A/Logistic_Regression,pr,0.9991268678246017,0.9771047992384149
E1/A/Logistic_Regression,pr,0.9991306889719777,0.9770701981706605
E1/A/Logistic_Regression,pr,0.9991364206930415,0.9770374681335434
E1/A/Logistic_Regression,pr,0.9991402418404174,0.9770037850622686
E1/A/Logistic_Regression,pr,0.9991450182746373,0.9769701260828384
E1/A/Logistic_Regression,pr,0.9991478841351693,0.9769346016469147
E1/A/Logistic_Regression,pr,0.9991564817167651,0.9769055965120221
E1/A/Logistic_Regression,pr,0.999160302864141,0.9768710113375381
E1/A/Logistic_Regression,pr,0.9991698557325808,0.9768420325141749
E1/A/Logistic_Regression,pr,0.9991774980273327,0.9768111881581097
E1/A/Logistic_Regression,pr,0.9991851403220845,0.9767812584048053
E1/A/Logistic_Regression,pr,0.9991975590510562,0.9767550879761836
E1/A/Logistic_Regression,pr,0.99921284364056,0.9767317209823513
E1/A/Logistic_Regression,pr,0.9992290835169076,0.9767102015890698
E1/A/Logistic_Regression,pr,0.9992434128195673,0.9766859044447951
E1/A/Logistic_Regression,pr,0.9992500998274751,0.9766541397259635
E1/A/Logistic_Regression,pr,0.999259652695915,0.9766251784435521
E1/A/Logistic_Regression,pr,0.9992711161380428,0.9765989984203274
E1/A/Logistic_Regression,pr,0.9992816242933266,0.976570975120198
E1/A/Logistic_Regression,pr,0.9992873560143904,0.9765382863202862
E1/A/Logistic_Regression,pr,0.9992911771617664,0.9765046446478031
E1/A/Logistic_Regression,pr,0.9993007300302061,0.9764756948495951
E1/A/Logistic_Regression,pr,0.9993121934723339,0.9764486141823568
E1/A/Logistic_Regression,pr,0.9993188804802418,0.9764177800511127
E1/A/Logistic_Regression,pr,0.9993236569144617,0.9763841702445398
E1/A/Logistic_Regression,pr,0.9993293886355256,0.9763514963945785
E1/A/Logistic_Regression,pr,0.9993370309302775,0.9763206916762173
E1/A/Logistic_Regression,pr,0.9993427626513414,0.9762889339959404
E1/A/Logistic_Regression,pr,0.9993532708066251,0.9762609337540257
E1/A/Logistic_Regression,pr,0.999360913101377,0.9762301361784009
E1/A/Logistic_Regression,pr,0.9993676001092848,0.9761993188074465
E1/A/Logistic_Regression,pr,0.9993752424040366,0.976168526031733
E1/A/Logistic_Regression,pr,0.9993800188382566,0.9761349364674443
E1/A/Logistic_Regression,pr,0.9993895717066964,0.9761069254274451
E1/A/Logistic_Regression,pr,0.9993953034277603,0.9760742738732452
E1/A/Logistic_Regression,pr,0.9993991245751361,0.9760397589608335
E1/A/Logistic_Regression,pr,0.9994029457225121,0.9760052467531983
E1/A/Logistic_Regression,pr,0.999407722156732,0.9759725806060403
E1/A/Logistic_Regression,pr,0.9994144091646399,0.9759408722518247
E1/A/Logistic_Regression,pr,0.9994220514593917,0.9759100991953553
E1/A/Logistic_Regression,pr,0.9994258726067676,0.9758765077182676
E1/A/Logistic_Regression,pr,0.9994316043278315,0.9758438740836985
E1/A/Logistic_Regression,pr,0.9994363807620514,0.9758103103014407
E1/A/Logistic_Regression,pr,0.9994430677699593,0.9757786144845191
E1/A/Logistic_Regression,pr,0.9994507100647111,0.9757487637959624
E1/A/Logistic_Regression,pr,0.9994612182199949,0.975720803226035
E1/A/Logistic_Regression,pr,0.9994726816621227,0.975693777405583
E1/A/Logistic_Regression,pr,0.9994736369489666,0.9756574057754912
E1/A/Logistic_Regression,pr,0.9994774580963426,0.9756229246336026
E1/A/Logistic_Regression,pr,0.9994793686700305,0.9755856716061632
E1/A/Logistic_Regression,pr,0.9994851003910944,0.9755530608324957
E1/A/Logistic_Regression,pr,0.9994917873990024,0.9755213849894828
E1/A/Logistic_Regression,pr,0.9994984744069102,0.975488802139905
E1/A/Logistic_Regression,pr,0.9995032508411301,0.975455266717819
E1/A/Logistic_Regression,pr,0.999509937849038,0.9754245078096012
E1/A/Logistic_Regression,pr,0.9995156695701019,0.9753910004409446
E1/A/Logistic_Regression,pr,0.9995223565780097,0.9753566095109542
E1/A/Logistic_Regression,pr,0.9995280882990736,0.9753203801683091
E1/A/Logistic_Regression,pr,0.9995328647332935,0.9752804946138136
E1/A/Logistic_Regression,pr,0.9995443281754213,0.975226230742775
E1/A/Logistic_Regression,pr,1.0,0.9717499754000509
E1/A/Majority_baseline,roc,0.0,0.0
E1/A/Majority_baseline,roc,1.0,1.0
E1/A/Majority_baseline,pr,0.0,1.0
E1/A/Majority_baseline,pr,1.0,0.9717499754000509
E1/A/Naive_Bayes,roc,0.0,0.0
E1/A/Naive_Bayes,roc,0.006999211356466877,0.9849628297889007
E1/A/Naive_Bayes,roc,0.006999211356466877,0.9850125047047877
E1/A/Naive_Bayes,roc,0.006999211356466877,0.9850688666285826
E1/A/Naive_Bayes,roc,0.006999211356466877,0.9850841512180862
E1/A/Naive_Bayes,roc,0.006999211356466877,0.9851051675286538
E1/A/Naive_Bayes,roc,0.006999211356466877,0.9851099439628738
E1/A/Naive_Bayes,roc,0.006999211356466877,0.9851290496997533
E1/A/Naive_Bayes,roc,0.006999211356466877,0.9851309602734413
E1/A/Naive_Bayes,roc,0.006999211356466877,0.985146244862945
E1/A/Naive_Bayes,roc,0.006999211356466877,0.985147200149789
E1/A/Naive_Bayes,roc,0.006999211356466877,0.9851577083050728
E1/A/Naive_Bayes,roc,0.006999211356466877,0.9851586635919167
E1/A/Naive_Bayes,roc,0.006999211356466877,0.9851682164603566
E1/A/Naive_Bayes,roc,0.006999211356466877,0.9851691717472005
E1/A/Naive_Bayes,roc,0.006999211356466877,0.9851720376077324
E1/A/Naive_Bayes,roc,0.006999211356466877,0.9851729928945765
E1/A/Naive_Bayes,roc,0.006999211356466877,0.9851806351893283
E1/A/Naive_Bayes,roc,0.006999211356466877,0.9851844563367043
E1/A/Naive_Bayes,roc,0.006999211356466877,0.9851854116235482
E1/A/Naive_Bayes,roc,0.006999211356466877,0.9851892327709241
E1/A/Naive_Bayes,roc,0.006999211356466877,0.985194964491988
E1/A/Naive_Bayes,roc,0.006999211356466877,0.985195919778832
E1/A/Naive_Bayes,roc,0.006999211356466877,0.98519783035252
E1/A/Naive_Bayes,roc,0.006999211356466877,0.9851987856393639
E1/A/Naive_Bayes,roc,0.006999211356466877,0.9852045173604278
E1/A/Naive_Bayes,roc,0.006999211356466877,0.9852054726472718
E1/A/Naive_Bayes,roc,0.006999211356466877,0.9852073832209598
E1/A/Naive_Bayes,roc,0.006999211356466877,0.9852102490814917
E1/A/Naive_Bayes,roc,0.006999211356466877,0.9852121596551796
E1/A/Naive_Bayes,roc,0.006999211356466877,0.9852131149420237
E1/A/Naive_Bayes,roc,0.006999211356466877,0.9852178913762435
E1/A/Naive_Bayes,roc,0.006999211356466877,0.9852188466630876
E1/A/Naive_Bayes,roc,0.006999211356466877,0.9852226678104634
E1/A/Naive_Bayes,roc,0.006999211356466877,0.9852255336709954
E1/A/Naive_Bayes,roc,0.006999211356466877,0.9852264889578394
E1/A/Naive_Bayes,roc,0.006999211356466877,0.9852293548183713
E1/A/Naive_Bayes,roc,0.006999211356466877,0.9852312653920593
E1/A/Naive_Bayes,roc,0.006999211356466877,0.9852322206789033
E1/A/Naive_Bayes,roc,0.006999211356466877,0.9852341312525912
E1/A/Naive_Bayes,roc,0.006999211356466877,0.9852398629736551
E1/A/Naive_Bayes,roc,0.006999211356466877,0.985240818260499
E1/A/Naive_Bayes,roc,0.006999211356466877,0.9852427288341871
E1/A/Naive_Bayes,roc,0.006999211356466877,0.985243684121031
E1/A/Naive_Bayes,roc,0.006999211356466877,0.985245594694719
E1/A/Naive_Bayes,roc,0.006999211356466877,0.9852465499815629
E1/A/Naive_Bayes,roc,0.006999211356466877,0.9852503711289389
E1/A/Naive_Bayes,roc,0.006999211356466877,0.9852541922763148
E1/A/Naive_Bayes,roc,0.006999211356466877,0.9852580134236907
E1/A/Naive_Bayes,roc,0.006999211356466877,0.9852685215789745
E1/A/Naive_Bayes,roc,0.006999211356466877,0.9852723427263504
E1/A/Naive_Bayes,roc,0.006999211356466877,0.9852742533000384
E1/A/Naive_Bayes,roc,0.006999211356466877,0.9852761638737264
E1/A/Naive_Bayes,roc,0.006999211356466877,0.9852771191605704
E1/A/Naive_Bayes,roc,0.006999211356466877,0.9852809403079462
E1/A/Naive_Bayes,roc,0.006999211356466877,0.9852885826026981
E1/A/Naive_Bayes,roc,0.006999211356466877,0.9852904931763861
E1/A/Naive_Bayes,roc,0.006999211356466877,0.9852933590369181
E1/A/Naive_Bayes,roc,0.006999211356466877,0.9852971801842939
E1/A/Naive_Bayes,roc,0.006999211356466877,0.9852981354711379
E1/A/Naive_Bayes,roc,0.006999211356466877,0.9853000460448259
E1/A/Naive_Bayes,roc,0.006999211356466877,0.9853086436264217
E1/A/Naive_Bayes,roc,0.006999211356466877,0.9853105542001097
E1/A/Naive_Bayes,roc,0.006999211356466877,0.9853134200606416
E1/A/Naive_Bayes,roc,0.006999211356466877,0.9853153306343295
E1/A/Naive_Bayes,roc,0.006999211356466877,0.9853287046501453
E1/A/Naive_Bayes,roc,0.006999211356466877,0.9853325257975212
E1/A/Naive_Bayes,roc,0.006999211356466877,0.9853373022317411
E1/A/Naive_Bayes,roc,0.006999211356466877,0.9853392128054291
E1/A/Naive_Bayes,roc,0.006999211356466877,0.9853716925581244
E1/A/Naive_Bayes,roc,0.006999211356466877,0.9853736031318124
E1/A/Naive_Bayes,roc,0.006999211356466877,0.9853812454265642
E1/A/Naive_Bayes,roc,0.006999211356466877,0.9853831560002522
E1/A/Naive_Bayes,roc,0.006999211356466877,0.9853879324344721
E1/A/Naive_Bayes,roc,0.006999211356466877,0.9853907982950041
E1/A/Naive_Bayes,roc,0.006999211356466877,0.9854070381713517
E1/A/Naive_Bayes,roc,0.006999211356466877,0.9854089487450397
E1/A/Naive_Bayes,roc,0.006999211356466877,0.9854146804661036
E1/A/Naive_Bayes,roc,0.006999211356466877,0.9854165910397915
E1/A/Naive_Bayes,roc,0.006999211356466877,0.9854509813661748
E1/A/Naive_Bayes,roc,0.006999211356466877,0.9854528919398627
E1/A/Naive_Bayes,roc,0.006999211356466877,0.9854710423898985
E1/A/Naive_Bayes,roc,0.006999211356466877,0.9854729529635864
E1/A/Naive_Bayes,roc,0.006999211356466877,0.9854796399714942
E1/A/Naive_Bayes,roc,0.006999211356466877,0.9854815505451822
E1/A/Naive_Bayes,roc,0.006999211356466877,0.9856535021770987
E1/A/Naive_Bayes,roc,0.006999211356466877,0.9856554127507867
E1/A/Naive_Bayes,roc,0.006999211356466877,0.989933187238132
E1/A/Naive_Bayes,roc,0.006999211356466877,0.98993509781182
E1/A/Naive_Bayes,roc,0.006999211356466877,0.9900669273962893
E1/A/Naive_Bayes,roc,0.007032071503680336,0.9900669273962893
E1/A/Naive_Bayes,roc,0.007032071503680336,0.9909352831374677
E1/A/Naive_Bayes,roc,0.007032071503680336,0.9909371937111556
E1/A/Naive_Bayes,roc,0.007032071503680336,0.9910040637902343
E1/A/Naive_Bayes,roc,0.007064931650893796,0.9910040637902343
E1/A/Naive_Bayes,roc,0.007064931650893796,0.9912419302143854
E1/A/Naive_Bayes,roc,0.007064931650893796,0.9912438407880735
E1/A/Naive_Bayes,roc,0.007064931650893796,0.9912581700907331
E1/A/Naive_Bayes,roc,0.007064931650893796,0.9912600806644211
E1/A/Naive_Bayes,roc,0.007064931650893796,0.9912629465249531
E1/A/Naive_Bayes,roc,0.007064931650893796,0.991266767672329
E1/A/Naive_Bayes,roc,0.007064931650893796,0.9912686782460169
E1/A/Naive_Bayes,roc,0.007064931650893796,0.9912715441065488
E1/A/Naive_Bayes,roc,0.007064931650893796,0.9912734546802369
E1/A/Naive_Bayes,roc,0.007064931650893796,0.9912791864013007
E1/A/Naive_Bayes,roc,0.007064931650893796,0.9912830075486766
E1/A/Naive_Bayes,roc,0.007064931650893796,0.9912839628355207
E1/A/Naive_Bayes,roc,0.007064931650893796,0.9912868286960526
E1/A/Naive_Bayes,roc,0.007064931650893796,0.9912906498434285
E1/A/Naive_Bayes,roc,0.007064931650893796,0.9912973368513364
E1/A/Naive_Bayes,roc,0.007064931650893796,0.9913021132855563
E1/A/Naive_Bayes,roc,0.007064931650893796,0.9913059344329321
E1/A/Naive_Bayes,roc,0.007064931650893796,0.9913088002934641
E1/A/Naive_Bayes,roc,0.007064931650893796,0.991318353161904
E1/A/Naive_Bayes,roc,0.007064931650893796,0.9913231295961238
E1/A/Naive_Bayes,roc,0.007064931650893796,0.9913317271777197
E1/A/Naive_Bayes,roc,0.007064931650893796,0.9913412800461595
E1/A/Naive_Bayes,roc,0.007064931650893796,0.9913565646356631
E1/A/Naive_Bayes,roc,0.007064931650893796,0.9913766256593868
E1/A/Naive_Bayes,roc,1.0,1.0
E1/A/Naive_Bayes,pr,0.0,1.0
E1/A/Naive_Bayes,pr,0.9851720376077324,0.9997935040043743
E1/A/Naive_Bayes,pr,0.9852121596551796,0.9997935124120367
E1/A/Naive_Bayes,pr,0.985243684121031,0.9997935190175771
E1/A/Naive_Bayes,pr,0.9852637451447546,0.9997935232208827
E1/A/Naive_Bayes,pr,0.9852847614553222,0.9997935276241621
E1/A/Naive_Bayes,pr,0.9853038671922018,0.9997935316269805
E1/A/Naive_Bayes,pr,0.9853210623553934,0.9997935352293843
E1/A/Naive_Bayes,pr,0.9853392128054291,0.9997935390317852
E1/A/Naive_Bayes,pr,0.9853535421080888,0.9997935420335818
E1/A/Naive_Bayes,pr,0.9853688266975925,0.9997935452354021
E1/A/Naive_Bayes,pr,0.9853860218607842,0.9997935488373311
E1/A/Naive_Bayes,pr,0.9854032170239758,0.9997935524391344
E1/A/Naive_Bayes,pr,0.9854204121871675,0.9997935560408119
E1/A/Naive_Bayes,pr,0.9854356967766711,0.9997935592421977
E1/A/Naive_Bayes,pr,0.9854509813661748,0.999793562443484
E1/A/Naive_Bayes,pr,0.9854672212425225,0.9997935658447421
E1/A/Naive_Bayes,pr,0.9854844164057142,0.999793569445952
E1/A/Naive_Bayes,pr,0.9854987457083738,0.9997935724468643
E1/A/Naive_Bayes,pr,0.9855140302978775,0.9997935756477412
E1/A/Naive_Bayes,pr,0.9855293148873813,0.9997935788485188
E1/A/Naive_Bayes,pr,0.9855445994768849,0.9997935820491972
E1/A/Naive_Bayes,pr,0.9855598840663886,0.9997935852497764
E1/A/Naive_Bayes,pr,0.9855751686558923,0.9997935884502562
E1/A/Naive_Bayes,pr,0.985590453245396,0.9997935916506369
E1/A/Naive_Bayes,pr,0.9856057378348997,0.9997935948509183
E1/A/Naive_Bayes,pr,0.9856210224244034,0.9997935980511005
E1/A/Naive_Bayes,pr,0.9856353517270631,0.9997936010511811
E1/A/Naive_Bayes,pr,0.9856506363165668,0.999793604251171
E1/A/Naive_Bayes,pr,0.9856668761929145,0.9997936076510516
E1/A/Naive_Bayes,pr,0.9856821607824181,0.9997936108508368
E1/A/Naive_Bayes,pr,0.9856974453719218,0.9997936140505229
E1/A/Naive_Bayes,pr,0.9857127299614256,0.9997936172501097
E1/A/Naive_Bayes,pr,0.9857280145509292,0.9997936204495974
E1/A/Naive_Bayes,pr,0.9857432991404329,0.9997936236489858
E1/A/Naive_Bayes,pr,0.9857576284430926,0.9997936266483224
E1/A/Naive_Bayes,pr,0.9857729130325963,0.9997936298475186
E1/A/Naive_Bayes,pr,0.9857881976221,0.9997936330466157
E1/A/Naive_Bayes,pr,0.9858034822116036,0.9997936362456136
E1/A/Naive_Bayes,pr,0.9858187668011074,0.9997936394445123
E1/A/Naive_Bayes,pr,0.9858340513906111,0.9997936426433118
E1/A/Naive_Bayes,pr,0.9858493359801147,0.9997936458420121
E1/A/Naive_Bayes,pr,0.9858646205696184,0.9997936490406134
E1/A/Naive_Bayes,pr,0.9858799051591222,0.9997936522391154
E1/A/Naive_Bayes,pr,0.9858942344617818,0.999793655237621
E1/A/Naive_Bayes,pr,0.9859095190512855,0.9997936584359309
E1/A/Naive_Bayes,pr,0.9859248036407893,0.9997936616341417
E1/A/Naive_Bayes,pr,0.9859400882302929,0.9997936648322534
E1/A/Naive_Bayes,pr,0.9859553728197966,0.9997936680302659
E1/A/Naive_Bayes,pr,0.9859706574093003,0.9997936712281793
E1/A/Naive_Bayes,pr,0.985985941998804,0.9997936744259935
E1/A/Naive_Bayes,pr,0.9860012265883077,0.9997936776237086
E1/A/Naive_Bayes,pr,0.9860165111778114,0.9997936808213247
E1/A/Naive_Bayes,pr,0.9860308404804711,0.9997936838189997
E1/A/Naive_Bayes,pr,0.9860461250699748,0.9997936870164237
E1/A/Naive_Bayes,pr,0.9860614096594784,0.9997936902137485
E1/A/Naive_Bayes,pr,0.9860766942489821,0.9997936934109743
E1/A/Naive_Bayes,pr,0.9860919788384859,0.999793696608101
E1/A/Naive_Bayes,pr,0.9861072634279895,0.9997936998051287
E1/A/Naive_Bayes,pr,0.9861225480174932,0.9997937030020572
E1/A/Naive_Bayes,pr,0.986137832606997,0.9997937061988866
E1/A/Naive_Bayes,pr,0.9861521619096566,0.9997937091958242
E1/A/Naive_Bayes,pr,0.9861674464991603,0.9997937123924617
E1/A/Naive_Bayes,pr,0.9861827310886639,0.9997937155890001
E1/A/Naive_Bayes,pr,0.9861980156781677,0.9997937187854394
E1/A/Naive_Bayes,pr,0.9862133002676714,0.9997937219817797
E1/A/Naive_Bayes,pr,0.986228584857175,0.999793725178021
E1/A/Naive_Bayes,pr,0.9862438694466787,0.9997937283741631
E1/A/Naive_Bayes,pr,0.9862591540361825,0.9997937315702063
E1/A/Naive_Bayes,pr,0.9862744386256861,0.9997937347661504
E1/A/Naive_Bayes,pr,0.9862887679283459,0.9997937377622581
E1/A/Naive_Bayes,pr,0.9863040525178496,0.9997937409580103
E1/A/Naive_Bayes,pr,0.9863193371073532,0.9997937441536635
E1/A/Naive_Bayes,pr,0.9863346216968569,0.9997937473492177
E1/A/Naive_Bayes,pr,0.9863499062863607,0.9997937505446729
E1/A/Naive_Bayes,pr,0.9863651908758643,0.999793753740029
E1/A/Naive_Bayes,pr,0.986380475465368,0.9997937569352862
E1/A/Naive_Bayes,pr,0.9863957600548717,0.9997937601304443
E1/A/Naive_Bayes,pr,0.9864110446443753,0.9997937633255034
E1/A/Naive_Bayes,pr,0.9864253739470351,0.9997937663207814
E1/A/Naive_Bayes,pr,0.9864406585365387,0.9997937695156488
E1/A/Naive_Bayes,pr,0.9864559431260425,0.9997937727104171
E1/A/Naive_Bayes,pr,0.9864712277155462,0.9997937759050866
E1/A/Naive_Bayes,pr,0.9864865123050498,0.9997937790996569
E1/A/Naive_Bayes,pr,0.9865017968945535,0.9997937822941284
E1/A/Naive_Bayes,pr,0.9865170814840573,0.9997937854885008
E1/A/Naive_Bayes,pr,0.9865323660735609,0.9997937886827744
E1/A/Naive_Bayes,pr,0.9865466953762206,0.999793791677316
E1/A/Naive_Bayes,pr,0.9865619799657243,0.9997937948713977
E1/A/Naive_Bayes,pr,0.986577264555228,0.9997937980653805
E1/A/Naive_Bayes,pr,0.9865925491447317,0.9997938012592644
E1/A/Naive_Bayes,pr,0.9866078337342353,0.9997938044530493
E1/A/Naive_Bayes,pr,0.9866231183237391,0.9997938076467354
E1/A/Naive_Bayes,pr,0.9866384029132428,0.9997938108403225
E1/A/Naive_Bayes,pr,0.9866536875027464,0.9997938140338106
E1/A/Naive_Bayes,pr,0.9866689720922501,0.9997938172271998
E1/A/Naive_Bayes,pr,0.9866833013949099,0.9997938202209125
E1/A/Naive_Bayes,pr,0.9866985859844135,0.99979382341411
E1/A/Naive_Bayes,pr,0.9867138705739172,0.9997938266072087
E1/A/Naive_Bayes,pr,0.986729155163421,0.9997938298002085
E1/A/Naive_Bayes,pr,0.9867444397529246,0.9997938329931094
E1/A/Naive_Bayes,pr,0.9867597243424283,0.9997938361859113
E1/A/Naive_Bayes,pr,0.986775008931932,0.9997938393786144
E1/A/Naive_Bayes,pr,0.9867902935214357,0.9997938425712187
E1/A/Naive_Bayes,pr,0.9868055781109394,0.999793845763724
E1/A/Naive_Bayes,pr,0.986819907413599,0.9997938487566079
E1/A/Naive_Bayes,pr,0.9868351920031028,0.9997938519489218
E1/A/Naive_Bayes,pr,0.9868504765926065,0.9997938551411366
E1/A/Naive_Bayes,pr,0.9868657611821101,0.9997938583332527
E1/A/Naive_Bayes,pr,0.9868810457716138,0.9997938615252698
E1/A/Naive_Bayes,pr,0.9868963303611176,0.9997938647171882
E1/A/Naive_Bayes,pr,0.9869116149506212,0.9997938679090077
E1/A/Naive_Bayes,pr,0.9869268995401249,0.9997938711007284
E1/A/Naive_Bayes,pr,0.9869412288427846,0.9997938740928767
E1/A/Naive_Bayes,pr,0.9869565134322883,0.9997938772844058
E1/A/Naive_Bayes,pr,0.986971798021792,0.9997938804758361
E1/A/Naive_Bayes,pr,0.9869870826112956,0.9997938836671676
E1/A/Naive_Bayes,pr,0.9870023672007994,0.9997938868584003
E1/A/Naive_Bayes,pr,0.9870176517903031,0.9997938900495341
E1/A/Naive_Bayes,pr,0.9870329363798067,0.9997938932405691
E1/A/Naive_Bayes,pr,0.9870482209693104,0.9997938964315054
E1/A/Naive_Bayes,pr,0.9870635055588142,0.9997938996223428
E1/A/Naive_Bayes,pr,0.9870778348614738,0.9997939026136632
E1/A/Naive_Bayes,pr,0.9870931194509776,0.9997939058043092
E1/A/Naive_Bayes,pr,0.9871084040404813,0.9997939089948564
E1/A/Naive_Bayes,pr,0.9871236886299849,0.9997939121853049
E1/A/Naive_Bayes,pr,0.9871389732194886,0.9997939153756545
E1/A/Naive_Bayes,pr,0.9871542578089924,0.9997939185659054
E1/A/Naive_Bayes,pr,0.987169542398496,0.9997939217560575
E1/A/Naive_Bayes,pr,0.9871848269879997,0.9997939249461109
E1/A/Naive_Bayes,pr,0.9872001115775034,0.9997939281360655
E1/A/Naive_Bayes,pr,0.9872144408801631,0.9997939311265582
E1/A/Naive_Bayes,pr,0.9872297254696668,0.9997939343163215
E1/A/Naive_Bayes,pr,0.9872450100591704,0.999793937505986
E1/A/Naive_Bayes,pr,0.9872602946486742,0.9997939406955517
E1/A/Naive_Bayes,pr,0.9872755792381779,0.9997939438850187
E1/A/Naive_Bayes,pr,0.9872908638276815,0.9997939470743871
E1/A/Naive_Bayes,pr,0.9873061484171852,0.9997939502636566
E1/A/Naive_Bayes,pr,0.987321433006689,0.9997939534528274
E1/A/Naive_Bayes,pr,0.9873357623093486,0.9997939564425854
E1/A/Naive_Bayes,pr,0.9873510468988523,0.999793959631565
E1/A/Naive_Bayes,pr,0.9873663314883561,0.9997939628204459
E1/A/Naive_Bayes,pr,0.9873816160778597,0.999793966009228
E1/A/Naive_Bayes,pr,0.9873969006673634,0.9997939691979114
E1/A/Naive_Bayes,pr,0.987412185256867,0.9997939723864961
E1/A/Naive_Bayes,pr,0.9874274698463708,0.9997939755749823
E1/A/Naive_Bayes,pr,0.9874427544358745,0.9997939787633696
E1/A/Naive_Bayes,pr,0.9874580390253781,0.9997939819516583
E1/A/Naive_Bayes,pr,0.9874723683280379,0.9997939849405894
E1/A/Naive_Bayes,pr,0.9874876529175416,0.9997939881286868
E1/A/Naive_Bayes,pr,0.9875029375070452,0.9997939913166857
E1/A/Naive_Bayes,pr,0.9875182220965489,0.9997939945045858
E1/A/Naive_Bayes,pr,0.9875335066860527,0.9997939976923873
E1/A/Naive_Bayes,pr,0.9875487912755563,0.9997940008800902
E1/A/Naive_Bayes,pr,0.98756407586506,0.9997940040676944
E1/A/Naive_Bayes,pr,0.9875793604545637,0.9997940072551998
E1/A/Naive_Bayes,pr,0.9875946450440674,0.9997940104426067
E1/A/Naive_Bayes,pr,0.9876089743467271,0.9997940134307112
E1/A/Naive_Bayes,pr,0.9876242589362307,0.9997940166179269
E1/A/Naive_Bayes,pr,0.9876395435257345,0.9997940198050441
E1/A/Naive_Bayes,pr,0.9876548281152382,0.9997940229920627
E1/A/Naive_Bayes,pr,0.9876701127047418,0.9997940261789825
E1/A/Naive_Bayes,pr,0.9876853972942455,0.9997940293658039
E1/A/Naive_Bayes,pr,0.9877006818837493,0.9997940325525265
E1/A/Naive_Bayes,pr,0.9877159664732529,0.9997940357391506
E1/A/Naive_Bayes,pr,0.9877302957759126,0.9997940387265212
E1/A/Naive_Bayes,pr,0.9877455803654164,0.9997940419129542
E1/A/Naive_Bayes,pr,0.98776086495492,0.9997940450992886
E1/A/Naive_Bayes,pr,0.9877761495444237,0.9997940482855245
E1/A/Naive_Bayes,pr,0.9877914341339274,0.9997940514716618
E1/A/Naive_Bayes,pr,0.9878067187234311,0.9997940546577004
E1/A/Naive_Bayes,pr,0.9878220033129348,0.9997940578436406
E1/A/Naive_Bayes,pr,0.9878372879024384,0.9997940610294821
E1/A/Naive_Bayes,pr,0.9878525724919421,0.9997940642152251
E1/A/Naive_Bayes,pr,0.9878669017946019,0.9997940672017697
E1/A/Naive_Bayes,pr,0.9878821863841055,0.9997940703873217
E1/A/Naive_Bayes,pr,0.9878974709736092,0.9997940735727752
E1/A/Naive_Bayes,pr,0.987912755563113,0.9997940767581301
E1/A/Naive_Bayes,pr,0.9879280401526166,0.9997940799433865
E1/A/Naive_Bayes,pr,0.9879433247421203,0.9997940831285443
E1/A/Naive_Bayes,pr,0.987958609331624,0.9997940863136037
E1/A/Naive_Bayes,pr,0.9879738939211277,0.9997940894985644
E1/A/Naive_Bayes,pr,0.9879891785106314,0.9997940926834267
E1/A/Naive_Bayes,pr,0.988003507813291,0.9997940956691456
E1/A/Naive_Bayes,pr,0.9880187924027948,0.999794098853817
E1/A/Naive_Bayes,pr,0.9880340769922985,0.9997941020383898
E1/A/Naive_Bayes,pr,0.9880493615818021,0.9997941052228642
E1/A/Naive_Bayes,pr,0.9880646461713058,0.99979410840724
E1/A/Naive_Bayes,pr,0.9880799307608096,0.9997941115915174
E1/A/Naive_Bayes,pr,0.9880952153503132,0.9997941147756962
E1/A/Naive_Bayes,pr,0.9881104999398169,0.9997941179597767
E1/A/Naive_Bayes,pr,0.9881248292424767,0.9997941209447625
E1/A/Naive_Bayes,pr,0.9881401138319803,0.9997941241286521
E1/A/Naive_Bayes,pr,0.988155398421484,0.9997941273124432
E1/A/Naive_Bayes,pr,0.9881706830109878,0.9997941304961359
E1/A/Naive_Bayes,pr,0.9881859676004914,0.99979413367973
E1/A/Naive_Bayes,pr,0.9882012521899951,0.9997941368632257
E1/A/Naive_Bayes,pr,0.9882165367794988,0.9997941400466229
E1/A/Naive_Bayes,pr,0.9882318213690024,0.9997941432299217
E1/A/Naive_Bayes,pr,0.9882471059585062,0.999794146413122
E1/A/Naive_Bayes,pr,0.9882614352611658,0.999794149397283
E1/A/Naive_Bayes,pr,0.9882767198506696,0.9997941525802926
E1/A/Naive_Bayes,pr,0.9882920044401733,0.9997941557632037
E1/A/Naive_Bayes,pr,0.9883072890296769,0.9997941589460165
E1/A/Naive_Bayes,pr,0.9883225736191806,0.9997941621287308
E1/A/Naive_Bayes,pr,0.9883378582086844,0.9997941653113467
E1/A/Naive_Bayes,pr,0.988353142798188,0.9997941684938642
E1/A/Naive_Bayes,pr,0.9883684273876917,0.9997941716762833
E1/A/Naive_Bayes,pr,0.9883837119771954,0.9997941748586039
E1/A/Naive_Bayes,pr,0.9883980412798551,0.9997941778419401
E1/A/Naive_Bayes,pr,0.9884133258693588,0.9997941810240701
E1/A/Naive_Bayes,pr,0.9884286104588624,0.9997941842061018
E1/A/Naive_Bayes,pr,0.9884438950483662,0.999794187388035
E1/A/Naive_Bayes,pr,0.9884591796378699,0.9997941905698698
E1/A/Naive_Bayes,pr,0.9884744642273735,0.9997941937516064
E1/A/Naive_Bayes,pr,0.9884897488168772,0.9997941969332445
E1/A/Naive_Bayes,pr,0.988505033406381,0.9997942001147841
E1/A/Naive_Bayes,pr,0.9885193627090406,0.9997942030973883
E1/A/Naive_Bayes,pr,0.9885346472985443,0.9997942062787375
E1/A/Naive_Bayes,pr,0.9885499318880481,0.9997942094599882
E1/A/Naive_Bayes,pr,0.9885652164775517,0.9997942126411407
E1/A/Naive_Bayes,pr,0.9885805010670554,0.9997942158221947
E1/A/Naive_Bayes,pr,0.9885957856565591,0.9997942190031505
E1/A/Naive_Bayes,pr,0.9886110702460628,0.9997942221840079
E1/A/Naive_Bayes,pr,0.9886263548355665,0.9997942253647669
E1/A/Naive_Bayes,pr,0.9886416394250702,0.9997942285454277
E1/A/Naive_Bayes,pr,0.9886559687277299,0.9997942315272078
E1/A/Naive_Bayes,pr,0.9886712533172336,0.999794234707678
E1/A/Naive_Bayes,pr,0.9886865379067372,0.99979423788805
E1/A/Naive_Bayes,pr,0.988701822496241,0.9997942410683236
E1/A/Naive_Bayes,pr,0.9887171070857447,0.9997942442484988
E1/A/Naive_Bayes,pr,0.9887323916752483,0.9997942474285758
E1/A/Naive_Bayes,pr,0.988747676264752,0.9997942506085545
E1/A/Naive_Bayes,pr,0.9887629608542557,0.9997942537884349
E1/A/Naive_Bayes,pr,0.9887782454437594,0.999794256968217
E1/A/Naive_Bayes,pr,0.9887925747464191,0.9997942599491735
E1/A/Naive_Bayes,pr,0.9888078593359227,0.9997942631287652
E1/A/Naive_Bayes,pr,0.9888231439254265,0.9997942663082586
E1/A/Naive_Bayes,pr,0.9888384285149302,0.9997942694876537
E1/A/Naive_Bayes,pr,0.9888537131044338,0.9997942726669506
E1/A/Naive_Bayes,pr,0.9888689976939375,0.9997942758461492
E1/A/Naive_Bayes,pr,0.9888842822834413,0.9997942790252496
E1/A/Naive_Bayes,pr,0.9888995668729449,0.9997942822042517
E1/A/Naive_Bayes,pr,0.9889138961756047,0.9997942851844769
E1/A/Naive_Bayes,pr,0.9889291807651084,0.9997942883632887
E1/A/Naive_Bayes,pr,0.988944465354612,0.9997942915420022
E1/A/Naive_Bayes,pr,0.9889597499441157,0.9997942947206174
E1/A/Naive_Bayes,pr,0.9889750345336195,0.9997942978991345
E1/A/Naive_Bayes,pr,0.9889903191231231,0.9997943010775533
E1/A/Naive_Bayes,pr,0.9890056037126268,0.9997943042558739
E1/A/Naive_Bayes,pr,0.9890208883021305,0.9997943074340963
E1/A/Naive_Bayes,pr,0.9890361728916341,0.9997943106122205
E1/A/Naive_Bayes,pr,0.9890505021942939,0.9997943135916226
E1/A/Naive_Bayes,pr,0.9890657867837975,0.9997943167695565
E1/A/Naive_Bayes,pr,0.9890810713733013,0.9997943199473922
E1/A/Naive_Bayes,pr,0.989096355962805,0.9997943231251297
E1/A/Naive_Bayes,pr,0.9891116405523086,0.9997943263027691
E1/A/Naive_Bayes,pr,0.9891269251418123,0.9997943294803102
E1/A/Naive_Bayes,pr,0.9891422097313161,0.9997943326577531
E1/A/Naive_Bayes,pr,0.9891574943208197,0.9997943358350979
E1/A/Naive_Bayes,pr,0.9891727789103234,0.9997943390123445
E1/A/Naive_Bayes,pr,0.9891871082129831,0.999794341990924
E1/A/Naive_Bayes,pr,0.9892023928024868,0.9997943451679804
E1/A/Naive_Bayes,pr,0.9892176773919905,0.9997943483449386
E1/A/Naive_Bayes,pr,0.9892329619814941,0.9997943515217987
E1/A/Naive_Bayes,pr,0.9892482465709979,0.9997943546985607
E1/A/Naive_Bayes,pr,0.9892635311605016,0.9997943578752244
E1/A/Naive_Bayes,pr,0.9892788157500052,0.9997943610517901
E1/A/Naive_Bayes,pr,0.9892941003395089,0.9997943642282576
E1/A/Naive_Bayes,pr,0.9893084296421687,0.9997943672061068
E1/A/Naive_Bayes,pr,0.9893237142316723,0.9997943703823842
E1/A/Naive_Bayes,pr,0.989338998821176,0.9997943735585635
E1/A/Naive_Bayes,pr,0.9893542834106798,0.9997943767346447
E1/A/Naive_Bayes,pr,0.9893695680001834,0.9997943799106277
E1/A/Naive_Bayes,pr,0.9893848525896871,0.9997943830865126
E1/A/Naive_Bayes,pr,0.9894001371791908,0.9997943862622994
E1/A/Naive_Bayes,pr,0.9894154217686945,0.9997943894379882
E1/A/Naive_Bayes,pr,0.9894307063581982,0.9997943926135788
E1/A/Naive_Bayes,pr,0.9894450356608578,0.9997943955906059
E1/A/Naive_Bayes,pr,0.9894603202503616,0.9997943987660065
E1/A/Naive_Bayes,pr,0.9894756048398653,0.999794401941309
E1/A/Naive_Bayes,pr,0.9894908894293689,0.9997944051165134
E1/A/Naive_Bayes,pr,0.9895061740188726,0.9997944082916198
E1/A/Naive_Bayes,pr,0.9895214586083764,0.9997944114666281
E1/A/Naive_Bayes,pr,0.98953674319788,0.9997944146415383
E1/A/Naive_Bayes,pr,0.9895520277873837,0.9997944178163505
E1/A/Naive_Bayes,pr,0.9895673123768874,0.9997944209910645
E1/A/Naive_Bayes,pr,0.9895816416795471,0.99979442396727
E1/A/Naive_Bayes,pr,0.9895969262690508,0.9997944271417941
E1/A/Naive_Bayes,pr,0.9896122108585546,0.9997944303162202
E1/A/Naive_Bayes,pr,0.9896274954480582,0.9997944334905483
E1/A/Naive_Bayes,pr,0.9896427800375619,0.9997944366647783
E1/A/Naive_Bayes,pr,0.9896580646270655,0.9997944398389104
E1/A/Naive_Bayes,pr,0.9896733492165692,0.9997944430129443
E1/A/Naive_Bayes,pr,0.989688633806073,0.9997944461868803
E1/A/Naive_Bayes,pr,0.9897029631087326,0.9997944491623562
E1/A/Naive_Bayes,pr,0.9897182476982364,0.9997944523361023
E1/A/Naive_Bayes,pr,0.9897335322877401,0.9997944555097503
E1/A/Naive_Bayes,pr,0.9897488168772437,0.9997944586833004
E1/A/Naive_Bayes,pr,0.9897641014667474,0.9997944618567525
E1/A/Naive_Bayes,pr,0.9897793860562512,0.9997944650301065
E1/A/Naive_Bayes,pr,0.9897946706457548,0.9997944682033626
E1/A/Naive_Bayes,pr,0.9898099552352585,0.9997944713765207
E1/A/Naive_Bayes,pr,0.9898252398247622,0.9997944745495808
E1/A/Naive_Bayes,pr,0.9898395691274219,0.9997944775242358
E1/A/Naive_Bayes,pr,0.9898548537169256,0.9997944806971061
E1/A/Naive_Bayes,pr,0.9898701383064292,0.9997944838698783
E1/A/Naive_Bayes,pr,0.989885422895933,0.9997944870425528
E1/A/Naive_Bayes,pr,0.9899007074854367,0.9997944902151292
E1/A/Naive_Bayes,pr,0.9899159920749403,0.9997944933876076
E1/A/Naive_Bayes,pr,0.989931276664444,0.9997944965599882
E1/A/Naive_Bayes,pr,0.9899475165407917,0.9997944999305352
E1/A/Naive_Bayes,pr,0.9899628011302954,0.9997945031027137
E1/A/Naive_Bayes,pr,0.9899771304329551,0.9997945060765422
E1/A/Naive_Bayes,pr,0.9899924150224588,0.999794509248531
E1/A/Naive_Bayes,pr,0.9900076996119624,0.9997945124204218
E1/A/Naive_Bayes,pr,0.9900229842014662,0.9997945155922148
E1/A/Naive_Bayes,pr,0.9900382687909699,0.9997945187639098
E1/A/Naive_Bayes,pr,0.9900535533804735,0.9997945219355069
E1/A/Naive_Bayes,pr,0.9900678826831333,0.999793560436147
E1/A/Naive_Bayes,pr,0.9900831672726369,0.9997935636224375
E1/A/Naive_Bayes,pr,0.9900974965752967,0.9997935666094956
E1/A/Naive_Bayes,pr,0.9901127811648004,0.9997935697955955
E1/A/Naive_Bayes,pr,0.990128065754304,0.9997935729815971
E1/A/Naive_Bayes,pr,0.9901433503438077,0.9997935761675004
E1/A/Naive_Bayes,pr,0.9901586349333115,0.9997935793533054
E1/A/Naive_Bayes,pr,0.9901739195228151,0.999793582539012
E1/A/Naive_Bayes,pr,0.9901892041123188,0.9997935857246202
E1/A/Naive_Bayes,pr,0.9902044887018225,0.9997935889101301
E1/A/Naive_Bayes,pr,0.9902197732913262,0.9997935920955417
E1/A/Naive_Bayes,pr,0.9902341025939859,0.9997935950817759
E1/A/Naive_Bayes,pr,0.9902493871834895,0.999793598266997
E1/A/Naive_Bayes,pr,0.9902646717729933,0.9997936014521199
E1/A/Naive_Bayes,pr,0.990279956362497,0.9997936046371444
E1/A/Naive_Bayes,pr,0.9902952409520006,0.9997936078220706
E1/A/Naive_Bayes,pr,0.9903105255415043,0.9997936110068986
E1/A/Naive_Bayes,pr,0.9903258101310081,0.9997936141916283
E1/A/Naive_Bayes,pr,0.9903410947205117,0.9997936173762596
E1/A/Naive_Bayes,pr,0.9903563793100154,0.9997936205607927
E1/A/Naive_Bayes,pr,0.9903707086126752,0.9997936235462033
E1/A/Naive_Bayes,pr,0.9903859932021788,0.999793626730546
E1/A/Naive_Bayes,pr,0.9904012777916825,0.9997936299147904
E1/A/Naive_Bayes,pr,0.9904165623811862,0.9997936330989365
E1/A/Naive_Bayes,pr,0.9904318469706899,0.9997936362829845
E1/A/Naive_Bayes,pr,0.9904471315601936,0.9997936394669341
E1/A/Naive_Bayes,pr,0.9904624161496973,0.9997936426507855
E1/A/Naive_Bayes,pr,0.9904777007392009,0.9997936458345387
E1/A/Naive_Bayes,pr,0.9904920300418607,0.9997936488192181
E1/A/Naive_Bayes,pr,0.9905073146313643,0.9997936520027809
E1/A/Naive_Bayes,pr,0.990522599220868,0.9997936551862455
E1/A/Naive_Bayes,pr,0.9905378838103718,0.9997936583696119
E1/A/Naive_Bayes,pr,0.9905531683998754,0.99979366155288
E1/A/Naive_Bayes,pr,0.9905684529893791,0.9997936647360499
E1/A/Naive_Bayes,pr,0.9905837375788829,0.9997936679191217
E1/A/Naive_Bayes,pr,0.9905990221683865,0.9997936711020952
E1/A/Naive_Bayes,pr,0.9906143067578902,0.9997936742849706
E1/A/Naive_Bayes,pr,0.9906286360605498,0.999793677268827
E1/A/Naive_Bayes,pr,0.9906439206500536,0.9997936804515121
E1/A/Naive_Bayes,pr,0.9906592052395573,0.9997936836340989
E1/A/Naive_Bayes,pr,0.9906744898290609,0.9997936868165875
E1/A/Naive_Bayes,pr,0.9906897744185647,0.9997936899989781
E1/A/Naive_Bayes,pr,0.9907050590080684,0.9997936931812704
E1/A/Naive_Bayes,pr,0.990720343597572,0.9997936963634646
E1/A/Naive_Bayes,pr,0.9907356281870757,0.9997936995455606
E1/A/Naive_Bayes,pr,0.9907509127765795,0.9997937027275584
E1/A/Naive_Bayes,pr,0.9907652420792391,0.9997937057105922
E1/A/Naive_Bayes,pr,0.9907805266687428,0.9997937088923999
E1/A/Naive_Bayes,pr,0.9907958112582466,0.9997937120741094
E1/A/Naive_Bayes,pr,0.9908110958477502,0.9997937152557208
E1/A/Naive_Bayes,pr,0.9908263804372539,0.999793718437234
E1/A/Naive_Bayes,pr,0.9908416650267576,0.9997937216186491
E1/A/Naive_Bayes,pr,0.9908569496162613,0.9997937247999661
E1/A/Naive_Bayes,pr,0.990872234205765,0.9997937279811849
E1/A/Naive_Bayes,pr,0.9908865635084246,0.9997937309634884
E1/A/Naive_Bayes,pr,0.9909018480979284,0.9997937341445172
E1/A/Naive_Bayes,pr,0.9909171326874321,0.9997937373254479
E1/A/Naive_Bayes,pr,0.9909324172769357,0.9997937405062803
E1/A/Naive_Bayes,pr,0.9909486571532834,0.9997937438858073
E1/A/Naive_Bayes,pr,0.9909639417427871,0.9997937470664375
E1/A/Naive_Bayes,pr,0.9909792263322909,0.9997937502469696
E1/A/Naive_Bayes,pr,0.9909945109217945,0.9997937534274036
E1/A/Naive_Bayes,pr,0.9910088402244542,0.99979279285357
E1/A/Naive_Bayes,pr,0.9910231695271139,0.9997927958489781
E1/A/Naive_Bayes,pr,0.9910384541166176,0.9997927990439844
E1/A/Naive_Bayes,pr,0.9910537387061212,0.9997928022388922
E1/A/Naive_Bayes,pr,0.991069023295625,0.9997928054337016
E1/A/Naive_Bayes,pr,0.9910843078851287,0.9997928086284124
E1/A/Naive_Bayes,pr,0.9910995924746323,0.9997928118230247
E1/A/Naive_Bayes,pr,0.991114877064136,0.9997928150175385
E1/A/Naive_Bayes,pr,0.9911301616536398,0.9997928182119538
E1/A/Naive_Bayes,pr,0.9911454462431434,0.9997928214062705
E1/A/Naive_Bayes,pr,0.9911597755458031,0.9997928244008529
E1/A/Naive_Bayes,pr,0.9911750601353069,0.9997928275949789
E1/A/Naive_Bayes,pr,0.9911903447248105,0.9997928307890064
E1/A/Naive_Bayes,pr,0.9912056293143142,0.9997928339829353
E1/A/Naive_Bayes,pr,0.991220913903818,0.9997928371767658
E1/A/Naive_Bayes,pr,0.9912361984933216,0.9997928403704978
E1/A/Naive_Bayes,pr,0.9912524383696693,0.9997928437637301
E1/A/Naive_Bayes,pr,0.9912734546802369,0.999792848154807
E1/A/Naive_Bayes,pr,1.0,0.9717499754000509
E1/A/XAI-SDN_Random_Forest,roc,0.0,0.0
E1/A/XAI-SDN_Random_Forest,roc,0.0,0.9944583810180683
E1/A/XAI-SDN_Random_Forest,roc,0.0,0.994720129613319
E1/A/XAI-SDN_Random_Forest,roc,0.0,0.9947602516607662
E1/A/XAI-SDN_Random_Forest,roc,0.0,0.9947850891187097
E1/A/XAI-SDN_Random_Forest,roc,0.0,0.9947965525608374
E1/A/XAI-SDN_Random_Forest,roc,0.0,0.9948099265766531
E1/A/XAI-SDN_Random_Forest,roc,0.0,0.9948500486241003
E1/A/XAI-SDN_Random_Forest,roc,0.0,0.9948767966557318
E1/A/XAI-SDN_Random_Forest,roc,0.0,0.9948844389504836
E1/A/XAI-SDN_Random_Forest,roc,0.0,0.9948873048110156
E1/A/XAI-SDN_Random_Forest,roc,0.0,0.9948949471057674
E1/A/XAI-SDN_Random_Forest,roc,0.0,0.9949035446873633
E1/A/XAI-SDN_Random_Forest,roc,0.0,0.9949102316952712
E1/A/XAI-SDN_Random_Forest,roc,0.0,0.9949188292768669
E1/A/XAI-SDN_Random_Forest,roc,0.0,0.9949302927189947
E1/A/XAI-SDN_Random_Forest,roc,0.0,0.9949350691532146
E1/A/XAI-SDN_Random_Forest,roc,0.0,0.9949427114479665
E1/A/XAI-SDN_Random_Forest,roc,0.0,0.9949589513243141
E1/A/XAI-SDN_Random_Forest,roc,0.0,0.9949694594795979
E1/A/XAI-SDN_Random_Forest,roc,0.0,0.9960154985737567
E1/A/XAI-SDN_Random_Forest,roc,0.0,0.9961616574608858
E1/A/XAI-SDN_Random_Forest,roc,0.0,0.9963899710165972
E1/A/XAI-SDN_Random_Forest,roc,0.0,0.9964081214666328
E1/A/XAI-SDN_Random_Forest,roc,0.0,0.9964119426140087
E1/A/XAI-SDN_Random_Forest,roc,0.0,0.9964205401956046
E1/A/XAI-SDN_Random_Forest,roc,0.0,0.9964253166298245
E1/A/XAI-SDN_Random_Forest,roc,0.0,0.9964940972825911
E1/A/XAI-SDN_Random_Forest,roc,0.0,0.9966994839540468
E1/A/XAI-SDN_Random_Forest,roc,0.0,0.9970949727074548
E1/A/XAI-SDN_Random_Forest,roc,0.0,0.9972927170841589
E1/A/XAI-SDN_Random_Forest,roc,0.0,0.9973471684342657
E1/A/XAI-SDN_Random_Forest,roc,0.0,0.9973538554421736
E1/A/XAI-SDN_Random_Forest,roc,0.0,0.9973624530237695
E1/A/XAI-SDN_Random_Forest,roc,0.0,0.9973643635974574
E1/A/XAI-SDN_Random_Forest,roc,0.0,0.9973691400316773
E1/A/XAI-SDN_Random_Forest,roc,0.0,0.9973700953185213
E1/A/XAI-SDN_Random_Forest,roc,0.0,0.9973739164658972
E1/A/XAI-SDN_Random_Forest,roc,0.0,0.9973806034738051
E1/A/XAI-SDN_Random_Forest,roc,0.0,0.997384424621181
E1/A/XAI-SDN_Random_Forest,roc,0.0,0.997385379908025
E1/A/XAI-SDN_Random_Forest,roc,0.0,0.9973911116290889
E1/A/XAI-SDN_Random_Forest,roc,0.0,0.9973939774896208
E1/A/XAI-SDN_Random_Forest,roc,3.2860147213459515e-05,0.9974044856449046
E1/A/XAI-SDN_Random_Forest,roc,3.2860147213459515e-05,0.9974159490870323
E1/A/XAI-SDN_Random_Forest,roc,3.2860147213459515e-05,0.9974446076923518
E1/A/XAI-SDN_Random_Forest,roc,0.0001643007360672976,0.9974551158476356
E1/A/XAI-SDN_Random_Forest,roc,0.0002628811777076761,0.9974627581423874
E1/A/XAI-SDN_Random_Forest,roc,0.0003943217665615142,0.9974656240029194
E1/A/XAI-SDN_Random_Forest,roc,0.0003943217665615142,0.9974675345766073
E1/A/XAI-SDN_Random_Forest,roc,0.0003943217665615142,0.9974713557239833
E1/A/XAI-SDN_Random_Forest,roc,0.0004271819137749737,0.9974713557239833
E1/A/XAI-SDN_Random_Forest,roc,0.0005586225026288118,0.9974723110108272
E1/A/XAI-SDN_Random_Forest,roc,0.0006900630914826499,0.9974770874450472
E1/A/XAI-SDN_Random_Forest,roc,0.000887223974763407,0.997484729739799
E1/A/XAI-SDN_Random_Forest,roc,0.000887223974763407,0.997487595600331
E1/A/XAI-SDN_Random_Forest,roc,0.000887223974763407,0.9974933273213948
E1/A/XAI-SDN_Random_Forest,roc,0.000887223974763407,0.9975133883451184
E1/A/XAI-SDN_Random_Forest,roc,0.000952944269190326,0.9975363152293739
E1/A/XAI-SDN_Random_Forest,roc,0.000952944269190326,0.9975582868267855
E1/A/XAI-SDN_Random_Forest,roc,0.000952944269190326,0.997585034858417
E1/A/XAI-SDN_Random_Forest,roc,0.0009858044164037854,0.9976022300216086
E1/A/XAI-SDN_Random_Forest,roc,0.0009858044164037854,0.9976146487505804
E1/A/XAI-SDN_Random_Forest,roc,0.0009858044164037854,0.997629933340084
E1/A/XAI-SDN_Random_Forest,roc,0.001018664563617245,0.9976394862085238
E1/A/XAI-SDN_Random_Forest,roc,0.001018664563617245,0.9976499943638076
E1/A/XAI-SDN_Random_Forest,roc,0.001084384858044164,0.9976547707980276
E1/A/XAI-SDN_Random_Forest,roc,0.0011172450052576235,0.9976633683796233
E1/A/XAI-SDN_Random_Forest,roc,0.0013472660357518402,0.9976719659612192
E1/A/XAI-SDN_Random_Forest,roc,0.0014129863301787593,0.997680563542815
E1/A/XAI-SDN_Random_Forest,roc,0.0014458464773922186,0.9976891611244109
E1/A/XAI-SDN_Random_Forest,roc,0.0015115667718191377,0.9977063562876025
E1/A/XAI-SDN_Random_Forest,roc,0.0015444269190325972,0.997731193745546
E1/A/XAI-SDN_Random_Forest,roc,0.0016430073606729758,0.9977502994824256
E1/A/XAI-SDN_Random_Forest,roc,0.001840168243953733,0.9977617629245533
E1/A/XAI-SDN_Random_Forest,roc,0.0019387486855941116,0.9977703605061492
E1/A/XAI-SDN_Random_Forest,roc,0.001971608832807571,0.9977713157929932
E1/A/XAI-SDN_Random_Forest,roc,0.0020701892744479497,0.997780868661433
E1/A/XAI-SDN_Random_Forest,roc,0.0021359095688748687,0.9977904215298727
E1/A/XAI-SDN_Random_Forest,roc,0.0022016298633017878,0.9978486940273555
E1/A/XAI-SDN_Random_Forest,roc,0.0022016298633017878,0.9978735314852991
E1/A/XAI-SDN_Random_Forest,roc,0.0023330704521556255,0.9979623731617893
E1/A/XAI-SDN_Random_Forest,roc,0.0024645110410094636,0.9980158692250523
E1/A/XAI-SDN_Random_Forest,roc,0.0024973711882229233,0.9980693652883151
E1/A/XAI-SDN_Random_Forest,roc,0.0025302313354363826,0.9980961133199466
E1/A/XAI-SDN_Random_Forest,roc,0.0026288117770767614,0.9981104426226063
E1/A/XAI-SDN_Random_Forest,roc,0.0030888538380651944,0.9981515199568974
E1/A/XAI-SDN_Random_Forest,roc,0.003614616193480547,0.9981839997095928
E1/A/XAI-SDN_Random_Forest,roc,0.004830441640378549,0.9982050160201603
E1/A/XAI-SDN_Random_Forest,roc,0.0065063091482649845,0.998223166470196
E1/A/XAI-SDN_Random_Forest,roc,0.007985015772870663,0.9982422722070756
E1/A/XAI-SDN_Random_Forest,roc,0.009628023133543639,0.9982613779439552
E1/A/XAI-SDN_Random_Forest,roc,0.011895373291272346,0.9982785731071468
E1/A/XAI-SDN_Random_Forest,roc,0.014064143007360672,0.9982909918361186
E1/A/XAI-SDN_Random_Forest,roc,0.01570715036803365,0.9983005447045584
E1/A/XAI-SDN_Random_Forest,roc,0.01689011566771819,0.9983120081466862
E1/A/XAI-SDN_Random_Forest,roc,0.01764589905362776,0.998323471588814
E1/A/XAI-SDN_Random_Forest,roc,0.018861724500525763,0.9983244268756579
E1/A/XAI-SDN_Random_Forest,roc,0.020077549947423765,0.9983282480230339
E1/A/XAI-SDN_Random_Forest,roc,0.021227655099894847,0.9983311138835658
E1/A/XAI-SDN_Random_Forest,roc,0.022706361724500527,0.9983358903177857
E1/A/XAI-SDN_Random_Forest,roc,0.024119348054679284,0.9983435326125376
E1/A/XAI-SDN_Random_Forest,roc,0.024907991587802315,0.9983483090467574
E1/A/XAI-SDN_Random_Forest,roc,0.025532334384858045,0.9983502196204455
E1/A/XAI-SDN_Random_Forest,roc,0.02664957939011567,0.9983540407678213
E1/A/XAI-SDN_Random_Forest,roc,0.02793112513144059,0.9983559513415093
E1/A/XAI-SDN_Random_Forest,roc,0.028982649842271294,0.9983588172020412
E1/A/XAI-SDN_Random_Forest,roc,0.030034174553102,0.9983655042099491
E1/A/XAI-SDN_Random_Forest,roc,0.03348449001051525,0.998373146504701
E1/A/XAI-SDN_Random_Forest,roc,0.03463459516298633,0.9983807887994528
E1/A/XAI-SDN_Random_Forest,roc,0.035718980021030494,0.9983912969547366
E1/A/XAI-SDN_Random_Forest,roc,0.03752628811777077,0.9983989392494884
E1/A/XAI-SDN_Random_Forest,roc,0.0393664563617245,0.9984046709705523
E1/A/XAI-SDN_Random_Forest,roc,0.04445977917981073,0.9984304637153398
E1/A/XAI-SDN_Random_Forest,roc,0.046595688748685596,0.9984543458864393
E1/A/XAI-SDN_Random_Forest,roc,0.04912592008412198,0.9985068866628583
E1/A/XAI-SDN_Random_Forest,roc,0.05152471083070452,0.9985594274392772
E1/A/XAI-SDN_Random_Forest,roc,0.05402208201892744,0.9986243869446679
E1/A/XAI-SDN_Random_Forest,roc,0.057308096740273394,0.9986616431315831
E1/A/XAI-SDN_Random_Forest,roc,0.06082413249211356,0.9987065416132502
E1/A/XAI-SDN_Random_Forest,roc,0.06397870662460568,0.9987543059554492
E1/A/XAI-SDN_Random_Forest,roc,0.0675276025236593,0.9987944280028964
E1/A/XAI-SDN_Random_Forest,roc,0.0718322818086225,0.9988555663609112
E1/A/XAI-SDN_Random_Forest,roc,0.07567691903259727,0.9989167047189259
E1/A/XAI-SDN_Random_Forest,roc,0.08017875920084122,0.9989797536506286
E1/A/XAI-SDN_Random_Forest,roc,0.08293901156677182,0.9990256074191397
E1/A/XAI-SDN_Random_Forest,roc,0.08661934805467929,0.9990533107376152
E1/A/XAI-SDN_Random_Forest,roc,0.09026682439537329,0.9990733717613388
E1/A/XAI-SDN_Random_Forest,roc,0.09414432176656151,0.9991039409403462
E1/A/XAI-SDN_Random_Forest,roc,0.09936908517350158,0.9991354654061975
E1/A/XAI-SDN_Random_Forest,roc,0.10387092534174554,0.999162213437829
E1/A/XAI-SDN_Random_Forest,roc,0.10925998948475289,0.9991832297483966
E1/A/XAI-SDN_Random_Forest,roc,0.1179350683491062,0.9992023354852761
E1/A/XAI-SDN_Random_Forest,roc,0.1273659305993691,0.9992243070826877
E1/A/XAI-SDN_Random_Forest,roc,0.13584384858044163,0.9992529656880071
E1/A/XAI-SDN_Random_Forest,roc,0.1461947949526814,0.9992978641696743
E1/A/XAI-SDN_Random_Forest,roc,0.15677576235541535,0.9993456285118733
E1/A/XAI-SDN_Random_Forest,roc,0.1701169821240799,0.9993981692882922
E1/A/XAI-SDN_Random_Forest,roc,0.18664563617245006,0.9994316043278315
E1/A/XAI-SDN_Random_Forest,roc,0.1996911146161935,0.9994946532595342
E1/A/XAI-SDN_Random_Forest,roc,0.21529968454258674,0.9995338200201375
E1/A/XAI-SDN_Random_Forest,roc,0.22942954784437433,0.9995758526412726
E1/A/XAI-SDN_Random_Forest,roc,0.2437565720294427,0.9996236169834716
E1/A/XAI-SDN_Random_Forest,roc,0.25946372239747634,0.9996732918993586
E1/A/XAI-SDN_Random_Forest,roc,0.2750065720294427,0.9997325196836854
E1/A/XAI-SDN_Random_Forest,roc,0.293835436382755,0.9997821945995724
E1/A/XAI-SDN_Random_Forest,roc,0.3134858044164038,0.9998079873443599
E1/A/XAI-SDN_Random_Forest,roc,0.33379337539432175,0.9998356906628353
E1/A/XAI-SDN_Random_Forest,roc,0.35262223974763407,0.9998672151286867
E1/A/XAI-SDN_Random_Forest,roc,0.4102260778128286,0.9998910972997862
E1/A/XAI-SDN_Random_Forest,roc,0.4353640904311251,0.9999188006182617
E1/A/XAI-SDN_Random_Forest,roc,0.46960436382754994,0.9999388616419852
E1/A/XAI-SDN_Random_Forest,roc,0.4974369085173502,0.9999579673788649
E1/A/XAI-SDN_Random_Forest,roc,0.5226406414300736,0.9999636990999288
E1/A/XAI-SDN_Random_Forest,roc,0.5749539957939012,0.9999761178289005
E1/A/XAI-SDN_Random_Forest,roc,0.6152405362776026,0.9999866259841843
E1/A/XAI-SDN_Random_Forest,roc,0.6582873291272345,0.9999875812710283
E1/A/XAI-SDN_Random_Forest,roc,0.6855612513144059,0.9999894918447162
E1/A/XAI-SDN_Random_Forest,roc,0.7255191903259727,0.9999923577052482
E1/A/XAI-SDN_Random_Forest,roc,0.7517415878023134,0.9999942682789361
E1/A/XAI-SDN_Random_Forest,roc,0.780034174553102,0.999996178852624
E1/A/XAI-SDN_Random_Forest,roc,0.8056650893796005,0.999996178852624
E1/A/XAI-SDN_Random_Forest,roc,0.8251182965299685,0.9999971341394681
E1/A/XAI-SDN_Random_Forest,roc,0.8437171398527865,0.9999971341394681
E1/A/XAI-SDN_Random_Forest,roc,0.8755586225026288,0.9999971341394681
E1/A/XAI-SDN_Random_Forest,roc,0.9104560988433228,0.9999971341394681
E1/A/XAI-SDN_Random_Forest,roc,0.9395373291272345,0.9999971341394681
E1/A/XAI-SDN_Random_Forest,roc,0.9588590956887487,0.9999980894263121
E1/A/XAI-SDN_Random_Forest,roc,0.9663840694006309,0.9999980894263121
E1/A/XAI-SDN_Random_Forest,roc,0.9708530494216614,0.9999980894263121
E1/A/XAI-SDN_Random_Forest,roc,0.975979232386961,0.9999980894263121
E1/A/XAI-SDN_Random_Forest,roc,0.9794952681388013,0.999999044713156
E1/A/XAI-SDN_Random_Forest,roc,0.9815983175604627,0.999999044713156
E1/A/XAI-SDN_Random_Forest,roc,0.9832741850683491,1.0
E1/A/XAI-SDN_Random_Forest,roc,0.9847857518401683,1.0
E1/A/XAI-SDN_Random_Forest,roc,0.9859687171398528,1.0
E1/A/XAI-SDN_Random_Forest,roc,0.9867902208201893,1.0
E1/A/XAI-SDN_Random_Forest,roc,0.9889589905362776,1.0
E1/A/XAI-SDN_Random_Forest,roc,0.9893861724500526,1.0
E1/A/XAI-SDN_Random_Forest,roc,0.9897804942166141,1.0
E1/A/XAI-SDN_Random_Forest,roc,0.9900762355415352,1.0
E1/A/XAI-SDN_Random_Forest,roc,0.9901419558359621,1.0
E1/A/XAI-SDN_Random_Forest,roc,0.9904376971608833,1.0
E1/A/XAI-SDN_Random_Forest,roc,0.9905691377497371,1.0
E1/A/XAI-SDN_Random_Forest,roc,0.9908320189274448,1.0
E1/A/XAI-SDN_Random_Forest,roc,0.9908977392218717,1.0
E1/A/XAI-SDN_Random_Forest,roc,0.9911277602523659,1.0
E1/A/XAI-SDN_Random_Forest,roc,0.9912263406940063,1.0
E1/A/XAI-SDN_Random_Forest,roc,0.991489221871714,1.0
E1/A/XAI-SDN_Random_Forest,roc,0.9918506834910621,1.0
E1/A/XAI-SDN_Random_Forest,roc,0.9920807045215563,1.0
E1/A/XAI-SDN_Random_Forest,roc,0.9924093059936908,1.0
E1/A/XAI-SDN_Random_Forest,roc,0.992770767613039,1.0
E1/A/XAI-SDN_Random_Forest,roc,0.9931650893796005,1.0
E1/A/XAI-SDN_Random_Forest,roc,0.9934279705573081,1.0
E1/A/XAI-SDN_Random_Forest,roc,0.9938222923238696,1.0
E1/A/XAI-SDN_Random_Forest,roc,0.9944466351209253,1.0
E1/A/XAI-SDN_Random_Forest,roc,1.0,1.0
E1/A/XAI-SDN_Random_Forest,pr,0.0,1.0
E1/A/XAI-SDN_Random_Forest,pr,0.9944583810180683,1.0
E1/A/XAI-SDN_Random_Forest,pr,0.994720129613319,1.0
E1/A/XAI-SDN_Random_Forest,pr,0.9947602516607662,1.0
E1/A/XAI-SDN_Random_Forest,pr,0.9947850891187097,1.0
E1/A/XAI-SDN_Random_Forest,pr,0.9947965525608374,1.0
E1/A/XAI-SDN_Random_Forest,pr,0.9948099265766531,1.0
E1/A/XAI-SDN_Random_Forest,pr,0.9948500486241003,1.0
E1/A/XAI-SDN_Random_Forest,pr,0.9948767966557318,1.0
E1/A/XAI-SDN_Random_Forest,pr,0.9948844389504836,1.0
E1/A/XAI-SDN_Random_Forest,pr,0.9948873048110156,1.0
E1/A/XAI-SDN_Random_Forest,pr,0.9948949471057674,1.0
E1/A/XAI-SDN_Random_Forest,pr,0.9949035446873633,1.0
E1/A/XAI-SDN_Random_Forest,pr,0.9949102316952712,1.0
E1/A/XAI-SDN_Random_Forest,pr,0.9949188292768669,1.0
E1/A/XAI-SDN_Random_Forest,pr,0.9949302927189947,1.0
E1/A/XAI-SDN_Random_Forest,pr,0.9949350691532146,1.0
E1/A/XAI-SDN_Random_Forest,pr,0.9949427114479665,1.0
E1/A/XAI-SDN_Random_Forest,pr,0.9949589513243141,1.0
E1/A/XAI-SDN_Random_Forest,pr,0.9949694594795979,1.0
E1/A/XAI-SDN_Random_Forest,pr,0.9960154985737567,1.0
E1/A/XAI-SDN_Random_Forest,pr,0.9961616574608858,1.0
E1/A/XAI-SDN_Random_Forest,pr,0.9963899710165972,1.0
E1/A/XAI-SDN_Random_Forest,pr,0.9964081214666328,1.0
E1/A/XAI-SDN_Random_Forest,pr,0.9964119426140087,1.0
E1/A/XAI-SDN_Random_Forest,pr,0.9964205401956046,1.0
E1/A/XAI-SDN_Random_Forest,pr,0.9964253166298245,1.0
E1/A/XAI-SDN_Random_Forest,pr,0.9964940972825911,1.0
E1/A/XAI-SDN_Random_Forest,pr,0.9966994839540468,1.0
E1/A/XAI-SDN_Random_Forest,pr,0.9970949727074548,1.0
E1/A/XAI-SDN_Random_Forest,pr,0.9972927170841589,1.0
E1/A/XAI-SDN_Random_Forest,pr,0.9973471684342657,1.0
E1/A/XAI-SDN_Random_Forest,pr,0.9973538554421736,1.0
E1/A/XAI-SDN_Random_Forest,pr,0.9973624530237695,1.0
E1/A/XAI-SDN_Random_Forest,pr,0.9973634083106134,1.0
E1/A/XAI-SDN_Random_Forest,pr,0.9973643635974574,1.0
E1/A/XAI-SDN_Random_Forest,pr,0.9973691400316773,1.0
E1/A/XAI-SDN_Random_Forest,pr,0.9973700953185213,1.0
E1/A/XAI-SDN_Random_Forest,pr,0.9973739164658972,1.0
E1/A/XAI-SDN_Random_Forest,pr,0.9973806034738051,1.0
E1/A/XAI-SDN_Random_Forest,pr,0.997384424621181,1.0
E1/A/XAI-SDN_Random_Forest,pr,0.997385379908025,1.0
E1/A/XAI-SDN_Random_Forest,pr,0.9973911116290889,1.0
E1/A/XAI-SDN_Random_Forest,pr,0.9973939774896208,1.0
E1/A/XAI-SDN_Random_Forest,pr,0.9974044856449046,0.9999990422281604
E1/A/XAI-SDN_Random_Forest,pr,0.9974159490870323,0.9999990422391682
E1/A/XAI-SDN_Random_Forest,pr,0.9974302783896921,0.9999990422529276
E1/A/XAI-SDN_Random_Forest,pr,0.9974446076923518,0.9999990422666866
E1/A/XAI-SDN_Random_Forest,pr,0.9974551158476356,0.9999952114022259
E1/A/XAI-SDN_Random_Forest,pr,0.9974627581423874,0.9999923383242766
E1/A/XAI-SDN_Random_Forest,pr,0.9974656240029194,0.9999885075634598
E1/A/XAI-SDN_Random_Forest,pr,0.9974675345766073,0.9999885075854724
E1/A/XAI-SDN_Random_Forest,pr,0.9974713557239833,0.9999885076294974
E1/A/XAI-SDN_Random_Forest,pr,0.9974713557239833,0.999987549943879
E1/A/XAI-SDN_Random_Forest,pr,0.9974723110108272,0.9999837192353404
E1/A/XAI-SDN_Random_Forest,pr,0.9974770874450472,0.9999798886405296
E1/A/XAI-SDN_Random_Forest,pr,0.997484729739799,0.9999741428845049
E1/A/XAI-SDN_Random_Forest,pr,0.997487595600331,0.9999741429587925
E1/A/XAI-SDN_Random_Forest,pr,0.9974933273213948,0.9999741431073664
E1/A/XAI-SDN_Random_Forest,pr,0.9975133883451184,0.9999741436273618
E1/A/XAI-SDN_Random_Forest,pr,0.9975363152293739,0.9999722290319615
E1/A/XAI-SDN_Random_Forest,pr,0.9975582868267855,0.9999722296436105
E1/A/XAI-SDN_Random_Forest,pr,0.997585034858417,0.9999722303881905
E1/A/XAI-SDN_Random_Forest,pr,0.9976022300216086,0.9999712733380189
E1/A/XAI-SDN_Random_Forest,pr,0.9976146487505804,0.9999712736956103
E1/A/XAI-SDN_Random_Forest,pr,0.997629933340084,0.9999712741357105
E1/A/XAI-SDN_Random_Forest,pr,0.9976394862085238,0.9999703169195474
E1/A/XAI-SDN_Random_Forest,pr,0.9976499943638076,0.9999703172321872
E1/A/XAI-SDN_Random_Forest,pr,0.9976547707980276,0.9999684024266936
E1/A/XAI-SDN_Random_Forest,pr,0.9976633683796233,0.9999674452361849
E1/A/XAI-SDN_Random_Forest,pr,0.9976719659612192,0.9999607433862181
E1/A/XAI-SDN_Random_Forest,pr,0.997680563542815,0.9999588288630734
E1/A/XAI-SDN_Random_Forest,pr,0.9976891611244109,0.999957871798137
E1/A/XAI-SDN_Random_Forest,pr,0.9977063562876025,0.9999559577232441
E1/A/XAI-SDN_Random_Forest,pr,0.997731193745546,0.9999550014456983
E1/A/XAI-SDN_Random_Forest,pr,0.9977502994824256,0.9999521302516704
E1/A/XAI-SDN_Random_Forest,pr,0.9977617629245533,0.999946386805793
E1/A/XAI-SDN_Random_Forest,pr,0.9977703605061492,0.9999435153193156
E1/A/XAI-SDN_Random_Forest,pr,0.9977713157929932,0.9999425580618324
E1/A/XAI-SDN_Random_Forest,pr,0.997780868661433,0.9999396867155683
E1/A/XAI-SDN_Random_Forest,pr,0.9977904215298727,0.9999377727230082
E1/A/XAI-SDN_Random_Forest,pr,0.9978486940273555,0.999935861905897
E1/A/XAI-SDN_Random_Forest,pr,0.9978735314852991,0.9999358635022165
E1/A/XAI-SDN_Random_Forest,pr,0.9979623731617893,0.9999320407678819
E1/A/XAI-SDN_Random_Forest,pr,0.9980158692250523,0.9999282162013162
E1/A/XAI-SDN_Random_Forest,pr,0.9980693652883151,0.9999272630522146
E1/A/XAI-SDN_Random_Forest,pr,0.9980961133199466,0.9999263080324244
E1/A/XAI-SDN_Random_Forest,pr,0.9981104426226063,0.9999234382357107
E1/A/XAI-SDN_Random_Forest,pr,0.9981515199568974,0.9999100448340376
E1/A/XAI-SDN_Random_Forest,pr,0.9981839997095928,0.999894738353038
E1/A/XAI-SDN_Random_Forest,pr,0.9982050160201603,0.9998593401041458
E1/A/XAI-SDN_Random_Forest,pr,0.998223166470196,0.9998105524214845
E1/A/XAI-SDN_Random_Forest,pr,0.9982422722070756,0.99976751061271
E1/A/XAI-SDN_Random_Forest,pr,0.9982613779439552,0.999719692063076
E1/A/XAI-SDN_Random_Forest,pr,0.9982785731071468,0.9996537098011605
E1/A/XAI-SDN_Random_Forest,pr,0.9982909918361186,0.9995906049576975
E1/A/XAI-SDN_Random_Forest,pr,0.9983005447045584,0.9995428046733397
E1/A/XAI-SDN_Random_Forest,pr,0.9983120081466862,0.9995083941225361
E1/A/XAI-SDN_Random_Forest,pr,0.998323471588814,0.9994864133865347
E1/A/XAI-SDN_Random_Forest,pr,0.9983244268756579,0.9994510465501049
E1/A/XAI-SDN_Random_Forest,pr,0.9983282480230339,0.9994156839605726
E1/A/XAI-SDN_Random_Forest,pr,0.9983311138835658,0.9993822349515399
E1/A/XAI-SDN_Random_Forest,pr,0.9983358903177857,0.9993392333768426
E1/A/XAI-SDN_Random_Forest,pr,0.9983435326125376,0.9992981489874795
E1/A/XAI-SDN_Random_Forest,pr,0.9983483090467574,0.9992752202785334
E1/A/XAI-SDN_Random_Forest,pr,0.9983502196204455,0.9992570678946241
E1/A/XAI-SDN_Random_Forest,pr,0.9983540407678213,0.9992245868128128
E1/A/XAI-SDN_Random_Forest,pr,0.9983559513415093,0.9991873299966059
E1/A/XAI-SDN_Random_Forest,pr,0.9983588172020412,0.9991567635783053
E1/A/XAI-SDN_Random_Forest,pr,0.9983655042099491,0.9991262025470145
E1/A/XAI-SDN_Random_Forest,pr,0.998373146504701,0.9990259262304014
E1/A/XAI-SDN_Random_Forest,pr,0.9983807887994528,0.9989925107416134
E1/A/XAI-SDN_Random_Forest,pr,0.9983912969547366,0.9989610106584822
E1/A/XAI-SDN_Random_Forest,pr,0.9983989392494884,0.9989085056275997
E1/A/XAI-SDN_Random_Forest,pr,0.9984046709705523,0.9988550501082828
E1/A/XAI-SDN_Random_Forest,pr,0.9984304637153398,0.9987071387346204
E1/A/XAI-SDN_Random_Forest,pr,0.9984543458864393,0.9986451444000894
E1/A/XAI-SDN_Random_Forest,pr,0.9985068866628583,0.9985717533900555
E1/A/XAI-SDN_Random_Forest,pr,0.9985594274392772,0.9985021960785813
E1/A/XAI-SDN_Random_Forest,pr,0.9986243869446679,0.998429814423931
E1/A/XAI-SDN_Random_Forest,pr,0.9986616431315831,0.9983345254591276
E1/A/XAI-SDN_Random_Forest,pr,0.9987065416132502,0.9982326031721479
E1/A/XAI-SDN_Random_Forest,pr,0.9987543059554492,0.9981411982826849
E1/A/XAI-SDN_Random_Forest,pr,0.9987944280028964,0.9980383715524738
E1/A/XAI-SDN_Random_Forest,pr,0.9988555663609112,0.9979137120464519
E1/A/XAI-SDN_Random_Forest,pr,0.9989167047189259,0.9978024284930461
E1/A/XAI-SDN_Random_Forest,pr,0.9989797536506286,0.9976721511041063
E1/A/XAI-SDN_Random_Forest,pr,0.9990256074191397,0.9975923152502599
E1/A/XAI-SDN_Random_Forest,pr,0.9990533107376152,0.9974858147877201
E1/A/XAI-SDN_Random_Forest,pr,0.9990733717613388,0.9973802741413889
E1/A/XAI-SDN_Random_Forest,pr,0.9991039409403462,0.9972681321175171
E1/A/XAI-SDN_Random_Forest,pr,0.9991354654061975,0.9971170484067021
E1/A/XAI-SDN_Random_Forest,pr,0.999162213437829,0.9969869124669952
E1/A/XAI-SDN_Random_Forest,pr,0.9991832297483966,0.9968311483346612
E1/A/XAI-SDN_Random_Forest,pr,0.9992023354852761,0.9965804718167613
E1/A/XAI-SDN_Random_Forest,pr,0.9992243070826877,0.9963081143379656
E1/A/XAI-SDN_Random_Forest,pr,0.9992529656880071,0.99606344949998
E1/A/XAI-SDN_Random_Forest,pr,0.9992978641696743,0.9957649544987245
E1/A/XAI-SDN_Random_Forest,pr,0.9993456285118733,0.9954600472741252
E1/A/XAI-SDN_Random_Forest,pr,0.9993981692882922,0.9950758689041644
E1/A/XAI-SDN_Random_Forest,pr,0.9994316043278315,0.9946002009713935
E1/A/XAI-SDN_Random_Forest,pr,0.9994946532595342,0.9942253272187876
E1/A/XAI-SDN_Random_Forest,pr,0.9995338200201375,0.9937770095073466
E1/A/XAI-SDN_Random_Forest,pr,0.9995758526412726,0.9933715861105205
E1/A/XAI-SDN_Random_Forest,pr,0.9996236169834716,0.9929609139994117
E1/A/XAI-SDN_Random_Forest,pr,0.9996732918993586,0.9925110967790888
E1/A/XAI-SDN_Random_Forest,pr,0.9997325196836854,0.9920665089890464
E1/A/XAI-SDN_Random_Forest,pr,0.9997821945995724,0.9915283462179779
E1/A/XAI-SDN_Random_Forest,pr,0.9998079873443599,0.9909671493970998
E1/A/XAI-SDN_Random_Forest,pr,0.9998356906628353,0.9903878909000068
E1/A/XAI-SDN_Random_Forest,pr,0.9998672151286867,0.9898515034074209
E1/A/XAI-SDN_Random_Forest,pr,0.9998910972997862,0.9882134791573827
E1/A/XAI-SDN_Random_Forest,pr,0.9999188006182617,0.9875005896393294
E1/A/XAI-SDN_Random_Forest,pr,0.9999388616419852,0.986531050400883
E1/A/XAI-SDN_Random_Forest,pr,0.9999579673788649,0.9857444203785667
E1/A/XAI-SDN_Random_Forest,pr,0.9999636990999288,0.9850330252109539
E1/A/XAI-SDN_Random_Forest,pr,0.9999761178289005,0.9835597466075593
E1/A/XAI-SDN_Random_Forest,pr,0.9999866259841843,0.9824282154638837
E1/A/XAI-SDN_Random_Forest,pr,0.9999875812710283,0.9812218674835447
E1/A/XAI-SDN_Random_Forest,pr,0.9999894918447162,0.9804590983254937
E1/A/XAI-SDN_Random_Forest,pr,0.9999923577052482,0.9793437411414035
E1/A/XAI-SDN_Random_Forest,pr,0.9999942682789361,0.9786131701438846
E1/A/XAI-SDN_Random_Forest,pr,0.999996178852624,0.9778261438152708
E1/A/XAI-SDN_Random_Forest,pr,0.999996178852624,0.9771142142403764
E1/A/XAI-SDN_Random_Forest,pr,0.9999971341394681,0.9765745914080713
E1/A/XAI-SDN_Random_Forest,pr,0.9999971341394681,0.9760592048888603
E1/A/XAI-SDN_Random_Forest,pr,0.9999971341394681,0.9751781176172484
E1/A/XAI-SDN_Random_Forest,pr,0.9999971341394681,0.9742142930265889
E1/A/XAI-SDN_Random_Forest,pr,0.9999971341394681,0.9734125600360798
E1/A/XAI-SDN_Random_Forest,pr,0.9999980894263121,0.9728806376302993
E1/A/XAI-SDN_Random_Forest,pr,0.9999980894263121,0.9726736250166091
E1/A/XAI-SDN_Random_Forest,pr,0.9999980894263121,0.9725507247184696
E1/A/XAI-SDN_Random_Forest,pr,0.9999980894263121,0.9724097890859773
E1/A/XAI-SDN_Random_Forest,pr,0.999999044713156,0.9723131710280296
E1/A/XAI-SDN_Random_Forest,pr,0.999999044713156,0.9722553746388193
E1/A/XAI-SDN_Random_Forest,pr,1.0,0.9722093488705144
E1/A/XAI-SDN_Random_Forest,pr,1.0,0.9721678159318334
E1/A/XAI-SDN_Random_Forest,pr,1.0,0.9721353143680739
E1/A/XAI-SDN_Random_Forest,pr,1.0,0.972112745116248
E1/A/XAI-SDN_Random_Forest,pr,1.0,0.9720829553083987
E1/A/XAI-SDN_Random_Forest,pr,1.0,0.9720531673262748
E1/A/XAI-SDN_Random_Forest,pr,1.0,0.9720414331678916
E1/A/XAI-SDN_Random_Forest,pr,1.0,0.9720306018885216
E1/A/XAI-SDN_Random_Forest,pr,1.0,0.9720224785873998
E1/A/XAI-SDN_Random_Forest,pr,1.0,0.9720206734278111
E1/A/XAI-SDN_Random_Forest,pr,1.0,0.9720125502926328
E1/A/XAI-SDN_Random_Forest,pr,1.0,0.9720089400539115
E1/A/XAI-SDN_Random_Forest,pr,1.0,0.9720017196569228
E1/A/XAI-SDN_Random_Forest,pr,1.0,0.9719999145744368
E1/A/XAI-SDN_Random_Forest,pr,1.0,0.9719935968385319
E1/A/XAI-SDN_Random_Forest,pr,1.0,0.9719908892625707
E1/A/XAI-SDN_Random_Forest,pr,1.0,0.9719836691337529
E1/A/XAI-SDN_Random_Forest,pr,1.0,0.97197374163177
E1/A/XAI-SDN_Random_Forest,pr,1.0,0.9719674242360935
E1/A/XAI-SDN_Random_Forest,pr,1.0,0.9719583995275797
E1/A/XAI-SDN_Random_Forest,pr,1.0,0.9719484725417774
E1/A/XAI-SDN_Random_Forest,pr,1.0,0.9719376433339832
E1/A/XAI-SDN_Random_Forest,pr,1.0,0.9719304239961821
E1/A/XAI-SDN_Random_Forest,pr,1.0,0.9719195951905668
E1/A/XAI-SDN_Random_Forest,pr,1.0,0.9719024500751576
E1/A/XAI-SDN_Random_Forest,pr,1.0,0.9717499754000509
E1/A/XGBoost,roc,0.0,0.0
E1/A/XGBoost,roc,0.030691377497371188,0.9954375500331485
E1/A/XGBoost,roc,0.030855678233438485,0.9954900908095674
E1/A/XGBoost,roc,0.030888538380651944,0.9955044201122271
E1/A/XGBoost,roc,0.030987118822292326,0.9955263917096386
E1/A/XGBoost,roc,0.03121713985278654,0.9955397657254543
E1/A/XGBoost,roc,0.03121713985278654,0.9955550503149581
E1/A/XGBoost,roc,0.03125,0.9955732007649937
E1/A/XGBoost,roc,0.03131572029442692,0.9955894406413414
E1/A/XGBoost,roc,0.03131572029442692,0.9956257415414126
E1/A/XGBoost,roc,0.03134858044164038,0.9956400708440724
E1/A/XGBoost,roc,0.031447160883280756,0.9956458025651362
E1/A/XGBoost,roc,0.031447160883280756,0.9956601318677959
E1/A/XGBoost,roc,0.031480021030494215,0.9956744611704557
E1/A/XGBoost,roc,0.03164432176656151,0.9956868798994274
E1/A/XGBoost,roc,0.03177576235541535,0.995704075062619
E1/A/XGBoost,roc,0.031808622502628815,0.9957155385047468
E1/A/XGBoost,roc,0.03190720294426919,0.9957231807994986
E1/A/XGBoost,roc,0.03194006309148265,0.9957394206758463
E1/A/XGBoost,roc,0.03194006309148265,0.9957633028469458
E1/A/XGBoost,roc,0.03207150368033649,0.9957728557153857
E1/A/XGBoost,roc,0.03217008412197687,0.9957843191575134
E1/A/XGBoost,roc,0.032235804416403786,0.9957986484601732
E1/A/XGBoost,roc,0.032268664563617246,0.9958167989102088
E1/A/XGBoost,roc,0.03253154574132492,0.9958234859181166
E1/A/XGBoost,roc,0.03259726603575184,0.9958416363681523
E1/A/XGBoost,roc,0.03269584647739222,0.9958750714076916
E1/A/XGBoost,roc,0.032761566771819135,0.9958970430051032
E1/A/XGBoost,roc,0.032827287066246054,0.9959065958735429
E1/A/XGBoost,roc,0.03289300736067297,0.9959171040288267
E1/A/XGBoost,roc,0.03292586750788644,0.9959696448052456
E1/A/XGBoost,roc,0.03299158780231336,0.9959925716895012
E1/A/XGBoost,roc,0.03302444794952682,0.9960346043106364
E1/A/XGBoost,roc,0.033057308096740276,0.996050844186984
E1/A/XGBoost,roc,0.033155888538380654,0.9960623076291117
E1/A/XGBoost,roc,0.03335304942166141,0.9960718604975516
E1/A/XGBoost,roc,0.03345162986330179,0.9960861898002114
E1/A/XGBoost,roc,0.033517350157728706,0.9961100719713109
E1/A/XGBoost,roc,0.033583070452155625,0.9961234459871265
E1/A/XGBoost,roc,0.033648790746582544,0.9961435070108502
E1/A/XGBoost,roc,0.03371451104100946,0.9961664338951057
E1/A/XGBoost,roc,0.03391167192429022,0.9962036900820209
E1/A/XGBoost,roc,0.03394453207150368,0.9962141982373047
E1/A/XGBoost,roc,0.03394453207150368,0.9962734260216315
E1/A/XGBoost,roc,0.034010252365930596,0.9962944423321991
E1/A/XGBoost,roc,0.03410883280757098,0.996301129340107
E1/A/XGBoost,roc,0.03420741324921136,0.9963059057743269
E1/A/XGBoost,roc,0.03427313354363828,0.9963326538059584
E1/A/XGBoost,roc,0.034338853838065196,0.996347938395462
E1/A/XGBoost,roc,0.034437434279705574,0.9963689547060296
E1/A/XGBoost,roc,0.03456887486855941,0.9963775522876254
E1/A/XGBoost,roc,0.03466745531019979,0.996394747450817
E1/A/XGBoost,roc,0.03473317560462671,0.9964081214666328
E1/A/XGBoost,roc,0.03496319663512092,0.9964606622430517
E1/A/XGBoost,roc,0.035258937960042064,0.9964730809720235
E1/A/XGBoost,roc,0.03548895899053628,0.9965103371589387
E1/A/XGBoost,roc,0.035686119873817035,0.9965208453142225
E1/A/XGBoost,roc,0.03585042060988433,0.9965332640431942
E1/A/XGBoost,roc,0.03604758149316509,0.9965370851905702
E1/A/XGBoost,roc,0.03624474237644584,0.9965409063379461
E1/A/XGBoost,roc,0.03640904311251315,0.9965495039195419
E1/A/XGBoost,roc,0.03657334384858044,0.9965676543695775
E1/A/XGBoost,roc,0.03667192429022082,0.9966087317038688
E1/A/XGBoost,roc,0.0367705047318612,0.9966173292854645
E1/A/XGBoost,roc,0.03723054679284963,0.9966307033012802
E1/A/XGBoost,roc,0.03762486855941115,0.9966326138749683
E1/A/XGBoost,roc,0.03801919032597266,0.9966698700618835
E1/A/XGBoost,roc,0.0392021556256572,0.9966899310856071
E1/A/XGBoost,roc,0.03939931650893796,0.996693752232983
E1/A/XGBoost,roc,0.03962933753943218,0.9967033051014228
E1/A/XGBoost,roc,0.03972791798107256,0.9967090368224867
E1/A/XGBoost,roc,0.039925078864353314,0.9967176344040826
E1/A/XGBoost,roc,0.04018796004206099,0.9967224108383024
E1/A/XGBoost,roc,0.04127234490010515,0.9967520247304659
E1/A/XGBoost,roc,0.041600946372239746,0.9967625328857496
E1/A/XGBoost,roc,0.041666666666666664,0.9967816386226293
E1/A/XGBoost,roc,0.041929547844374346,0.9969640984098295
E1/A/XGBoost,roc,0.04225814931650894,0.9969812935730211
E1/A/XGBoost,roc,0.04232386961093586,0.9970672693889794
E1/A/XGBoost,roc,0.042915352260778125,0.9970701352495114
E1/A/XGBoost,roc,0.04311251314405889,0.9970768222574192
E1/A/XGBoost,roc,0.043309674027339644,0.9970796881179512
E1/A/XGBoost,roc,0.043671135646687696,0.9970949727074548
E1/A/XGBoost,roc,0.043802576235541534,0.9971007044285187
E1/A/XGBoost,roc,0.04393401682439537,0.9971121678706465
E1/A/XGBoost,roc,0.04406545741324921,0.9971207654522424
E1/A/XGBoost,roc,0.04439405888538381,0.9971226760259303
E1/A/XGBoost,roc,0.04462407991587802,0.9971484687707178
E1/A/XGBoost,roc,0.045084121976866454,0.9971542004917817
E1/A/XGBoost,roc,0.04511698212407991,0.9971828590971011
E1/A/XGBoost,roc,0.04547844374342797,0.9971971883997608
E1/A/XGBoost,roc,0.04560988433228181,0.9972048306945126
E1/A/XGBoost,roc,0.045774185068349106,0.9972287128656122
E1/A/XGBoost,roc,0.04597134595162986,0.9972468633156478
E1/A/XGBoost,roc,0.0464313880126183,0.9972478186024918
E1/A/XGBoost,roc,0.04689143007360673,0.9972564161840876
E1/A/XGBoost,roc,0.04718717139852786,0.9972611926183075
E1/A/XGBoost,roc,0.04738433228180862,0.9972793430683431
E1/A/XGBoost,roc,0.047877234490010516,0.9973251968368542
E1/A/XGBoost,roc,0.04938880126182965,0.9973328391316061
E1/A/XGBoost,roc,0.04968454258675079,0.99733857085267
E1/A/XGBoost,roc,0.05017744479495268,0.9973452578605778
E1/A/XGBoost,roc,0.0504074658254469,0.9973481237211097
E1/A/XGBoost,roc,0.05159043112513144,0.9973481237211097
E1/A/XGBoost,roc,0.05244479495268139,0.9973481237211097
E1/A/XGBoost,roc,0.05287197686645636,0.9973500342947977
E1/A/XGBoost,roc,0.05313485804416404,0.9973519448684857
E1/A/XGBoost,roc,0.05379206098843323,0.9973529001553296
E1/A/XGBoost,roc,0.05428496319663512,0.9973614977369255
E1/A/XGBoost,roc,0.054679284963196635,0.9973643635974574
E1/A/XGBoost,roc,0.05507360672975815,0.9973681847448334
E1/A/XGBoost,roc,0.055533648790746584,0.9973691400316773
E1/A/XGBoost,roc,0.05612513144058885,0.9973710506053652
E1/A/XGBoost,roc,0.05668375394321767,0.9973748717527412
E1/A/XGBoost,roc,0.05707807570977918,0.9973806034738051
E1/A/XGBoost,roc,0.058096740273396424,0.9973806034738051
E1/A/XGBoost,roc,0.058556782334384855,0.997381558760649
E1/A/XGBoost,roc,0.05921398527865405,0.997381558760649
E1/A/XGBoost,roc,0.06036409043112513,0.997383469334337
E1/A/XGBoost,roc,0.06115273396424816,0.997385379908025
E1/A/XGBoost,roc,0.061481335436382754,0.9973882457685569
E1/A/XGBoost,roc,0.06203995793901157,0.9973911116290889
E1/A/XGBoost,roc,0.0625,0.9973920669159329
E1/A/XGBoost,roc,0.06348580441640378,0.9973939774896208
E1/A/XGBoost,roc,0.06417586750788644,0.9973977986369967
E1/A/XGBoost,roc,0.06480021030494217,0.9973997092106847
E1/A/XGBoost,roc,0.06549027339642481,0.9974006644975286
E1/A/XGBoost,roc,0.06568743427970557,0.9974035303580606
E1/A/XGBoost,roc,0.06601603575184017,0.9974063962185925
E1/A/XGBoost,roc,0.06660751840168244,0.9974083067922805
E1/A/XGBoost,roc,0.06716614090431125,0.9974121279396564
E1/A/XGBoost,roc,0.06762618296529968,0.9974226360949402
E1/A/XGBoost,roc,0.0678562039957939,0.9974312336765361
E1/A/XGBoost,roc,0.06811908517350158,0.9974350548239119
E1/A/XGBoost,roc,0.06861198738170347,0.9974436524055078
E1/A/XGBoost,roc,0.06894058885383807,0.9974484288397277
E1/A/XGBoost,roc,0.06969637223974763,0.9974560711344795
E1/A/XGBoost,roc,0.07084647739221872,0.9974560711344795
E1/A/XGBoost,roc,0.07114221871713985,0.9974598922818555
E1/A/XGBoost,roc,0.07160226077812828,0.9974627581423874
E1/A/XGBoost,roc,0.07212802313354363,0.9974637134292313
E1/A/XGBoost,roc,0.0728180862250263,0.9974646687160754
E1/A/XGBoost,roc,0.07327812828601472,0.9974656240029194
E1/A/XGBoost,roc,0.07360672975814932,0.9974665792897633
E1/A/XGBoost,roc,0.07393533123028391,0.9974713557239833
E1/A/XGBoost,roc,0.07446109358569926,0.9974761321582032
E1/A/XGBoost,roc,0.07485541535226078,0.997479953305579
E1/A/XGBoost,roc,0.07501971608832808,0.997484729739799
E1/A/XGBoost,roc,0.07544689800210305,0.9974856850266429
E1/A/XGBoost,roc,0.0758083596214511,0.997487595600331
E1/A/XGBoost,roc,0.07787854889589906,0.9974904614608628
E1/A/XGBoost,roc,0.07876577287066246,0.9974904614608628
E1/A/XGBoost,roc,0.07893007360672975,0.9974952378950828
E1/A/XGBoost,roc,0.07988301787592009,0.9974961931819267
E1/A/XGBoost,roc,0.08014589905362776,0.9975047907635226
E1/A/XGBoost,roc,0.08093454258675079,0.9975124330582744
E1/A/XGBoost,roc,0.08126314405888538,0.9975143436319623
E1/A/XGBoost,roc,0.08152602523659307,0.9975162542056504
E1/A/XGBoost,roc,0.08330047318611987,0.9975248517872461
E1/A/XGBoost,roc,0.08372765509989485,0.9975277176477781
E1/A/XGBoost,roc,0.08438485804416404,0.9975277176477781
E1/A/XGBoost,roc,0.08504206098843323,0.9975296282214661
E1/A/XGBoost,roc,0.08550210304942166,0.997533449368842
E1/A/XGBoost,roc,0.08671792849631967,0.9975363152293739
E1/A/XGBoost,roc,0.08704652996845426,0.9975382258030618
E1/A/XGBoost,roc,0.08786803364879074,0.9975410916635938
E1/A/XGBoost,roc,0.08852523659305994,0.9975410916635938
E1/A/XGBoost,roc,0.088886698212408,0.9975487339583456
E1/A/XGBoost,roc,0.08947818086225026,0.9975515998188776
E1/A/XGBoost,roc,0.08967534174553102,0.9975582868267855
E1/A/XGBoost,roc,0.08997108307045215,0.9975735714162892
E1/A/XGBoost,roc,0.09069400630914827,0.9975745267031332
E1/A/XGBoost,roc,0.09181125131440589,0.997585990145261
E1/A/XGBoost,roc,0.09210699263932702,0.9975888560057928
E1/A/XGBoost,roc,0.09253417455310199,0.9975955430137007
E1/A/XGBoost,roc,0.09309279705573081,0.9975964983005448
E1/A/XGBoost,roc,0.09394716088328076,0.9975974535873887
E1/A/XGBoost,roc,0.0948015247108307,0.9976012747347646
E1/A/XGBoost,roc,0.0956230283911672,0.9976050958821405
E1/A/XGBoost,roc,0.09624737118822292,0.9976060511689845
E1/A/XGBoost,roc,0.09683885383806519,0.9976079617426725
E1/A/XGBoost,roc,0.09775893796004206,0.9976098723163604
E1/A/XGBoost,roc,0.09858044164037855,0.9976108276032044
E1/A/XGBoost,roc,0.09923764458464773,0.9976108276032044
E1/A/XGBoost,roc,0.09956624605678234,0.9976146487505804
E1/A/XGBoost,roc,0.10019058885383807,0.9976156040374243
E1/A/XGBoost,roc,0.10074921135646688,0.9976165593242683
E1/A/XGBoost,roc,0.10166929547844375,0.9976175146111123
E1/A/XGBoost,roc,0.10620399579390116,0.9976175146111123
E1/A/XGBoost,roc,0.10656545741324921,0.9976194251848003
E1/A/XGBoost,roc,0.10699263932702419,0.9976203804716443
E1/A/XGBoost,roc,0.10748554153522608,0.9976232463321761
E1/A/XGBoost,roc,0.10797844374342797,0.9976251569058642
E1/A/XGBoost,roc,0.10833990536277603,0.9976375756348359
E1/A/XGBoost,roc,0.10879994742376446,0.9976404414953678
E1/A/XGBoost,roc,0.10958859095688749,0.9976433073558998
E1/A/XGBoost,roc,0.1116916403785489,0.9976442626427438
E1/A/XGBoost,roc,0.11228312302839116,0.9976442626427438
E1/A/XGBoost,roc,0.1130717665615142,0.9976480837901197
E1/A/XGBoost,roc,0.11343322818086225,0.9976499943638076
E1/A/XGBoost,roc,0.11451761303890641,0.9976509496506516
E1/A/XGBoost,roc,0.11507623554153523,0.9976538155111836
E1/A/XGBoost,roc,0.11563485804416404,0.9976557260848715
E1/A/XGBoost,roc,0.1173764458464774,0.9976605025190914
E1/A/XGBoost,roc,0.11800078864353312,0.9976624130927794
E1/A/XGBoost,roc,0.11836225026288118,0.9976633683796233
E1/A/XGBoost,roc,0.12184542586750789,0.9976633683796233
E1/A/XGBoost,roc,0.12283123028391167,0.9976643236664673
E1/A/XGBoost,roc,0.12335699263932702,0.9976643236664673
E1/A/XGBoost,roc,0.12470425867507887,0.9976662342401553
E1/A/XGBoost,roc,0.12513144058885384,0.9976681448138432
E1/A/XGBoost,roc,0.1254929022082019,0.9976700553875312
E1/A/XGBoost,roc,0.12592008412197686,0.9976710106743752
E1/A/XGBoost,roc,0.12624868559411145,0.9976776976822831
E1/A/XGBoost,roc,0.12713590956887486,0.9976776976822831
E1/A/XGBoost,roc,0.1287460567823344,0.997679608255971
E1/A/XGBoost,roc,0.1293046792849632,0.997679608255971
E1/A/XGBoost,roc,0.13012618296529968,0.9976843846901909
E1/A/XGBoost,roc,0.1309148264984227,0.9976843846901909
E1/A/XGBoost,roc,0.13153916929547843,0.9976853399770349
E1/A/XGBoost,roc,0.13193349106203997,0.9976891611244109
E1/A/XGBoost,roc,0.13216351209253419,0.9976920269849427
E1/A/XGBoost,roc,0.1328864353312303,0.9976939375586308
E1/A/XGBoost,roc,0.13318217665615142,0.9977006245665386
E1/A/XGBoost,roc,0.13410226077812828,0.9977006245665386
E1/A/XGBoost,roc,0.1352195057833859,0.9977006245665386
E1/A/XGBoost,roc,0.13607386961093584,0.9977101774349784
E1/A/XGBoost,roc,0.13732255520504733,0.9977111327218224
E1/A/XGBoost,roc,0.13929416403785488,0.9977120880086664
E1/A/XGBoost,roc,0.140017087276551,0.9977120880086664
E1/A/XGBoost,roc,0.14050998948475288,0.9977139985823543
E1/A/XGBoost,roc,0.14064143007360674,0.9977245067376381
E1/A/XGBoost,roc,0.14241587802313355,0.9977417019008298
E1/A/XGBoost,roc,0.14300736067297581,0.9977464783350497
E1/A/XGBoost,roc,0.14363170347003154,0.9977502994824256
E1/A/XGBoost,roc,0.1451432702418507,0.9977512547692695
E1/A/XGBoost,roc,0.1456361724500526,0.9977588970640214
E1/A/XGBoost,roc,0.1461947949526814,0.9977627182113973
E1/A/XGBoost,roc,0.14711487907465826,0.9977627182113973
E1/A/XGBoost,roc,0.14737776025236593,0.9977646287850853
E1/A/XGBoost,roc,0.14826498422712933,0.9977655840719293
E1/A/XGBoost,roc,0.14875788643533122,0.9977655840719293
E1/A/XGBoost,roc,0.14931650893796003,0.9977684499324612
E1/A/XGBoost,roc,0.14987513144058887,0.9977694052193052
E1/A/XGBoost,roc,0.15020373291272346,0.9977703605061492
E1/A/XGBoost,roc,0.15099237644584648,0.9977713157929932
E1/A/XGBoost,roc,0.15141955835962145,0.997777047514057
E1/A/XGBoost,roc,0.15256966351209253,0.9977799133745889
E1/A/XGBoost,roc,0.15319400630914826,0.9977827792351209
E1/A/XGBoost,roc,0.15342402733964247,0.9977913768167167
E1/A/XGBoost,roc,0.1537197686645636,0.9977951979640927
E1/A/XGBoost,roc,0.15421267087276552,0.9977961532509366
E1/A/XGBoost,roc,0.15460699263932703,0.9977971085377806
E1/A/XGBoost,roc,0.15549421661409044,0.9977999743983126
E1/A/XGBoost,roc,0.15588853838065195,0.9978028402588445
E1/A/XGBoost,roc,0.15677576235541535,0.9978066614062204
E1/A/XGBoost,roc,0.15726866456361724,0.9978085719799084
E1/A/XGBoost,roc,0.15782728706624605,0.9978085719799084
E1/A/XGBoost,roc,0.15864879074658256,0.9978104825535964
E1/A/XGBoost,roc,0.15940457413249212,0.997824811856256
E1/A/XGBoost,roc,0.15979889589905363,0.997824811856256
E1/A/XGBoost,roc,0.16035751840168244,0.9978257671431
E1/A/XGBoost,roc,0.16134332281808622,0.997828633003632
E1/A/XGBoost,roc,0.1617705047318612,0.997832454151008
E1/A/XGBoost,roc,0.16219768664563616,0.9978420070194477
E1/A/XGBoost,roc,0.1624934279705573,0.9978658891905472
E1/A/XGBoost,roc,0.1628877497371188,0.997879263206363
E1/A/XGBoost,roc,0.16407071503680337,0.997879263206363
E1/A/XGBoost,roc,0.16446503680336488,0.9979050559511504
E1/A/XGBoost,roc,0.16522082018927445,0.9979088770985264
E1/A/XGBoost,roc,0.16577944269190326,0.9979126982459023
E1/A/XGBoost,roc,0.1667981072555205,0.9979136535327463
E1/A/XGBoost,roc,0.1681782334384858,0.9979136535327463
E1/A/XGBoost,roc,0.1693283385909569,0.9979174746801222
E1/A/XGBoost,roc,0.17100420609884331,0.9979184299669662
E1/A/XGBoost,roc,0.1718257097791798,0.9979193852538102
E1/A/XGBoost,roc,0.17284437434279706,0.9979318039827819
E1/A/XGBoost,roc,0.1741916403785489,0.9979365804170018
E1/A/XGBoost,roc,0.17576892744479494,0.9979423121380657
E1/A/XGBoost,roc,0.17698475289169296,0.9979480438591296
E1/A/XGBoost,roc,0.17780625657202945,0.9979575967275693
E1/A/XGBoost,roc,0.1783320189274448,0.9979585520144134
E1/A/XGBoost,roc,0.17882492113564669,0.9979614178749453
E1/A/XGBoost,roc,0.17898922187171398,0.9979652390223213
E1/A/XGBoost,roc,0.17941640378548895,0.9979661943091652
E1/A/XGBoost,roc,0.17987644584647738,0.9979671495960092
E1/A/XGBoost,roc,0.1801064668769716,0.9979700154565412
E1/A/XGBoost,roc,0.18063222923238695,0.997973836603917
E1/A/XGBoost,roc,0.1818151945320715,0.997974791890761
E1/A/XGBoost,roc,0.18211093585699265,0.997978613038137
E1/A/XGBoost,roc,0.18237381703470032,0.997981478898669
E1/A/XGBoost,roc,0.18273527865404837,0.9979824341855129
E1/A/XGBoost,roc,0.18322818086225026,0.9979900764802647
E1/A/XGBoost,roc,0.18487118822292323,0.9979900764802647
E1/A/XGBoost,roc,0.18549553101997898,0.9979967634881726
E1/A/XGBoost,roc,0.18569269190325974,0.9980053610697684
E1/A/XGBoost,roc,0.1859555730809674,0.9980110927908323
E1/A/XGBoost,roc,0.186284174553102,0.9980168245118962
E1/A/XGBoost,roc,0.18671135646687698,0.9980187350855841
E1/A/XGBoost,roc,0.1878286014721346,0.9980225562329601
E1/A/XGBoost,roc,0.1881572029442692,0.99802733266718
E1/A/XGBoost,roc,0.18858438485804416,0.9980321091013998
E1/A/XGBoost,roc,0.18957018927444794,0.9980426172566836
E1/A/XGBoost,roc,0.19022739221871715,0.9980445278303717
E1/A/XGBoost,roc,0.19262618296529968,0.9980473936909036
E1/A/XGBoost,roc,0.19354626708727654,0.9980502595514356
E1/A/XGBoost,roc,0.1937434279705573,0.9980531254119674
E1/A/XGBoost,roc,0.19410488958990535,0.9980579018461874
E1/A/XGBoost,roc,0.19656940063091483,0.9980731864356911
E1/A/XGBoost,roc,0.19689800210304942,0.9980989791804785
E1/A/XGBoost,roc,0.1982124079915878,0.9980999344673225
E1/A/XGBoost,roc,0.19854100946372238,0.9981028003278545
E1/A/XGBoost,roc,0.20061119873817035,0.9981085320489184
E1/A/XGBoost,roc,0.2027471083070452,0.9981400565147697
E1/A/XGBoost,roc,0.20297712933753942,0.9981505646700535
E1/A/XGBoost,roc,0.20330573080967404,0.9981553411042734
E1/A/XGBoost,roc,0.20379863301787593,0.9981830444227489
E1/A/XGBoost,roc,0.20465299684542587,0.9981992842990964
E1/A/XGBoost,roc,0.2048830178759201,0.9982059713070044
E1/A/XGBoost,roc,0.20508017875920084,0.9982365404860117
E1/A/XGBoost,roc,0.2056059411146162,0.9982394063465436
E1/A/XGBoost,roc,0.20623028391167192,0.9982413169202317
E1/A/XGBoost,roc,0.2070517875920084,0.9982441827807635
E1/A/XGBoost,roc,0.2075446898002103,0.9982489592149835
E1/A/XGBoost,roc,0.20784043112513145,0.9982527803623594
E1/A/XGBoost,roc,0.2086947949526814,0.9982556462228913
E1/A/XGBoost,roc,0.2095820189274448,0.9982585120834233
E1/A/XGBoost,roc,0.2103049421661409,0.9982604226571112
E1/A/XGBoost,roc,0.21056782334384858,0.9982661543781751
E1/A/XGBoost,roc,0.21125788643533122,0.9982671096650191
E1/A/XGBoost,roc,0.21204652996845424,0.9982690202387071
E1/A/XGBoost,roc,0.2137223974763407,0.9982690202387071
E1/A/XGBoost,roc,0.2140509989484753,0.998274751959771
E1/A/XGBoost,roc,0.21457676130389064,0.9982766625334589
E1/A/XGBoost,roc,0.217534174553102,0.9982804836808349
E1/A/XGBoost,roc,0.21848711882229233,0.9982919471229627
E1/A/XGBoost,roc,0.21878286014721346,0.9982948129834945
E1/A/XGBoost,roc,0.21904574132492113,0.9982995894177145
E1/A/XGBoost,roc,0.21976866456361724,0.9983053211387783
E1/A/XGBoost,roc,0.22482912723449,0.9983062764256223
E1/A/XGBoost,roc,0.2280822818086225,0.9983062764256223
E1/A/XGBoost,roc,0.22867376445846477,0.9983072317124663
E1/A/XGBoost,roc,0.23048107255520506,0.9983072317124663
E1/A/XGBoost,roc,0.231335436382755,0.9983072317124663
E1/A/XGBoost,roc,0.23228838065194532,0.9983072317124663
E1/A/XGBoost,roc,0.2327155625657203,0.9983100975729983
E1/A/XGBoost,roc,0.2351472134595163,0.9983120081466862
E1/A/XGBoost,roc,0.236198738170347,0.9983148740072182
E1/A/XGBoost,roc,0.23662592008412198,0.9983148740072182
E1/A/XGBoost,roc,0.23721740273396424,0.9983177398677501
E1/A/XGBoost,roc,0.23764458464773922,0.998318695154594
E1/A/XGBoost,roc,0.23843322818086224,0.998319650441438
E1/A/XGBoost,roc,0.23958333333333334,0.9983206057282821
E1/A/XGBoost,roc,0.24053627760252366,0.9983206057282821
E1/A/XGBoost,roc,0.24152208201892744,0.998321561015126
E1/A/XGBoost,roc,0.24217928496319663,0.99832251630197
E1/A/XGBoost,roc,0.24313222923238695,0.9983492643336015
E1/A/XGBoost,roc,0.24500525762355416,0.9983549960546654
E1/A/XGBoost,roc,0.24651682439537329,0.9983588172020412
E1/A/XGBoost,roc,0.24868559411146163,0.9983607277757293
E1/A/XGBoost,roc,0.25,0.9983616830625732
E1/A/XGBoost,roc,0.25029574132492116,0.9983655042099491
E1/A/XGBoost,roc,0.2504929022082019,0.998373146504701
E1/A/XGBoost,roc,0.2509858044164038,0.9983779229389209
E1/A/XGBoost,roc,0.25157728706624605,0.9983798335126088
E1/A/XGBoost,roc,0.2521359095688749,0.9983807887994528
E1/A/XGBoost,roc,0.252431650893796,0.9983836546599848
E1/A/XGBoost,roc,0.2528259726603575,0.9983884310942046
E1/A/XGBoost,roc,0.25371319663512093,0.9983884310942046
E1/A/XGBoost,roc,0.25456756046267087,0.9983932075284245
E1/A/XGBoost,roc,0.25489616193480547,0.9984008498231765
E1/A/XGBoost,roc,0.25525762355415355,0.9984018051100204
E1/A/XGBoost,roc,0.25604626708727657,0.9984027603968644
E1/A/XGBoost,roc,0.2564405888538381,0.9984065815442403
E1/A/XGBoost,roc,0.2578864353312303,0.9984104026916162
E1/A/XGBoost,roc,0.2582150368033649,0.998417089699524
E1/A/XGBoost,roc,0.25874079915878023,0.9984209108469
E1/A/XGBoost,roc,0.2594308622502629,0.998421866133744
E1/A/XGBoost,roc,0.25985804416403785,0.9984266425679639
E1/A/XGBoost,roc,0.26261829652996843,0.998468675189099
E1/A/XGBoost,roc,0.26531282860147215,0.998470585762787
E1/A/XGBoost,roc,0.2655757097791798,0.9984973337944184
E1/A/XGBoost,roc,0.26600289169295477,0.9985001996549504
E1/A/XGBoost,roc,0.2668572555205047,0.9985011549417944
E1/A/XGBoost,roc,0.2676130389064143,0.9985040208023264
E1/A/XGBoost,roc,0.26817166140904314,0.9985049760891703
E1/A/XGBoost,roc,0.26863170347003157,0.9985097525233902
E1/A/XGBoost,roc,0.26922318611987384,0.9985145289576101
E1/A/XGBoost,roc,0.26984752891692954,0.9985173948181421
E1/A/XGBoost,roc,0.2714248159831756,0.99851930539183
E1/A/XGBoost,roc,0.2718191377497371,0.9985279029734259
E1/A/XGBoost,roc,0.2724106203995794,0.9985279029734259
E1/A/XGBoost,roc,0.2726735015772871,0.9985307688339577
E1/A/XGBoost,roc,0.2730678233438486,0.9985365005550216
E1/A/XGBoost,roc,0.2736264458464774,0.9985403217023976
E1/A/XGBoost,roc,0.2740864879074658,0.9985412769892416
E1/A/XGBoost,roc,0.2755651945320715,0.9985431875629295
E1/A/XGBoost,roc,0.27664957939011564,0.9985431875629295
E1/A/XGBoost,roc,0.27756966351209256,0.9985431875629295
E1/A/XGBoost,roc,1.0,1.0
E1/A/XGBoost,pr,0.0,1.0
E1/A/XGBoost,pr,0.9954776720805957,0.9991006797633771
E1/A/XGBoost,pr,0.9954996436780071,0.999098783837551
E1/A/XGBoost,pr,0.9955149282675109,0.999097839800892
E1/A/XGBoost,pr,0.9955292575701706,0.9990892322323589
E1/A/XGBoost,pr,0.9955426315859863,0.9990892444563748
E1/A/XGBoost,pr,0.9955550503149581,0.999089255806953
E1/A/XGBoost,pr,0.9955703349044618,0.9990883119871156
E1/A/XGBoost,pr,0.9955894406413414,0.9990864139302224
E1/A/XGBoost,pr,0.995602814657157,0.9990864261912887
E1/A/XGBoost,pr,0.9956200098203487,0.9990864419550334
E1/A/XGBoost,pr,0.9956314732624765,0.9990864524638943
E1/A/XGBoost,pr,0.9956419814177603,0.9990855043817185
E1/A/XGBoost,pr,0.9956505789993562,0.9990826391618178
E1/A/XGBoost,pr,0.9956629977283279,0.9990826505934014
E1/A/XGBoost,pr,0.9956763717441436,0.9990817052292957
E1/A/XGBoost,pr,0.9956849693257395,0.999077882503827
E1/A/XGBoost,pr,0.9957002539152431,0.9990769390032092
E1/A/XGBoost,pr,0.995707896209995,0.9990721579325225
E1/A/XGBoost,pr,0.9957193596521228,0.9990702533799165
E1/A/XGBoost,pr,0.9957375101021584,0.9990693127195526
E1/A/XGBoost,pr,0.9957613922732579,0.9990683774528174
E1/A/XGBoost,pr,0.9957719004285417,0.9990664721657271
E1/A/XGBoost,pr,0.9957776321496056,0.9990636049006913
E1/A/XGBoost,pr,0.9957938720259533,0.9990607475874151
E1/A/XGBoost,pr,0.9958129777628328,0.9990598080896758
E1/A/XGBoost,pr,0.9958215753444287,0.9990511988438043
E1/A/XGBoost,pr,0.9958301729260245,0.9990502495610639
E1/A/XGBoost,pr,0.9958435469418402,0.9990493048520912
E1/A/XGBoost,pr,0.9958913112840393,0.9990464781983709
E1/A/XGBoost,pr,0.9958999088656351,0.9990436142564724
E1/A/XGBoost,pr,0.995908506447231,0.9990426651282867
E1/A/XGBoost,pr,0.9959276121841105,0.9990407687649011
E1/A/XGBoost,pr,0.9959887505421253,0.9990379557133836
E1/A/XGBoost,pr,0.9960221855816646,0.9990370307201573
E1/A/XGBoost,pr,0.9960451124659201,0.9990360956315777
E1/A/XGBoost,pr,0.9960603970554238,0.9990332387651134
E1/A/XGBoost,pr,0.9960680393501756,0.9990275029821645
E1/A/XGBoost,pr,0.9960861898002114,0.9990246491659217
E1/A/XGBoost,pr,0.9961100719713109,0.9990227582361361
E1/A/XGBoost,pr,0.9961310882818784,0.9990199074708344
E1/A/XGBoost,pr,0.996151149305602,0.999017055900395
E1/A/XGBoost,pr,0.9961712103293255,0.9990170756755928
E1/A/XGBoost,pr,0.9962065559425529,0.9990104112780543
E1/A/XGBoost,pr,0.9962352145478723,0.9990104397172904
E1/A/XGBoost,pr,0.9962896658979792,0.9990085798553006
E1/A/XGBoost,pr,0.996300174053263,0.9990057195075343
E1/A/XGBoost,pr,0.9963269220848945,0.9990028754734186
E1/A/XGBoost,pr,0.9963383855270223,0.9990000162832597
E1/A/XGBoost,pr,0.996350804255994,0.9989962012731386
E1/A/XGBoost,pr,0.9963775522876254,0.9989924008635469
E1/A/XGBoost,pr,0.9964004791718809,0.9989895536125614
E1/A/XGBoost,pr,0.9964128979008526,0.9989847822693181
E1/A/XGBoost,pr,0.9964721256851795,0.9989771888207121
E1/A/XGBoost,pr,0.9965093818720947,0.9989695736946338
E1/A/XGBoost,pr,0.9965198900273785,0.9989619314204398
E1/A/XGBoost,pr,0.9965284876089744,0.9989562006469641
E1/A/XGBoost,pr,0.9965361299037262,0.9989495124377918
E1/A/XGBoost,pr,0.9965409063379461,0.9989447345413665
E1/A/XGBoost,pr,0.9965504592063859,0.9989390052503919
E1/A/XGBoost,pr,0.9965886706801451,0.9989333067777151
E1/A/XGBoost,pr,0.9966144634249327,0.998928551936506
E1/A/XGBoost,pr,0.9966278374407483,0.9989180452812412
E1/A/XGBoost,pr,0.9966316585881243,0.9989084850922043
E1/A/XGBoost,pr,0.9966698700618835,0.9988951376482325
E1/A/XGBoost,pr,0.9966899310856071,0.9988616889893062
E1/A/XGBoost,pr,0.996693752232983,0.9988492619288553
E1/A/XGBoost,pr,0.9967052156751107,0.9988435377405905
E1/A/XGBoost,pr,0.9967176344040826,0.9988378148621844
E1/A/XGBoost,pr,0.9967214555514584,0.998831125938761
E1/A/XGBoost,pr,0.9967520247304659,0.9987976972456163
E1/A/XGBoost,pr,0.9967644434594376,0.9987881514523517
E1/A/XGBoost,pr,0.99694021623873,0.9987807177304123
E1/A/XGBoost,pr,0.9969812935730211,0.9987721653815714
E1/A/XGBoost,pr,0.9970672693889794,0.9987674924212266
E1/A/XGBoost,pr,0.9970730011100433,0.9987502966370922
E1/A/XGBoost,pr,0.9970768222574192,0.9987397888931098
E1/A/XGBoost,pr,0.9970863751258591,0.9987369339646112
E1/A/XGBoost,pr,0.9970987938548308,0.9987254820347508
E1/A/XGBoost,pr,0.9971121678706465,0.9987216766703122
E1/A/XGBoost,pr,0.9971207654522424,0.9987140429570889
E1/A/XGBoost,pr,0.9971236313127743,0.99870257981861
E1/A/XGBoost,pr,0.9971532452049376,0.9986930630927141
E1/A/XGBoost,pr,0.9971828590971011,0.9986873689880399
E1/A/XGBoost,pr,0.9971971883997608,0.9986797442147922
E1/A/XGBoost,pr,0.9972038754076686,0.9986721096140986
E1/A/XGBoost,pr,0.9972287128656122,0.9986673656698856
E1/A/XGBoost,pr,0.9972468633156478,0.9986616576885805
E1/A/XGBoost,pr,0.9972478186024918,0.9986501947699113
E1/A/XGBoost,pr,0.9972545056103996,0.9986387399495865
E1/A/XGBoost,pr,0.9972583267577756,0.9986291921799862
E1/A/XGBoost,pr,0.9972783877814991,0.9986206223652404
E1/A/XGBoost,pr,0.997283164215719,0.998606300440302
E1/A/XGBoost,pr,0.99733379441845,0.9985624350800273
E1/A/XGBoost,pr,0.997334749705294,0.998553840738842
E1/A/XGBoost,pr,0.9973452578605778,0.9985471705692528
E1/A/XGBoost,pr,0.9973471684342657,0.9985376229726136
E1/A/XGBoost,pr,0.9973481237211097,0.9985280741873563
E1/A/XGBoost,pr,0.9973481237211097,0.9984841456941609
E1/A/XGBoost,pr,0.9973500342947977,0.9984698249479741
E1/A/XGBoost,pr,0.9973519448684857,0.9984574144046701
E1/A/XGBoost,pr,0.9973529001553296,0.9984459575770327
E1/A/XGBoost,pr,0.9973529001553296,0.9984373640224583
E1/A/XGBoost,pr,0.9973614977369255,0.9984201909541588
E1/A/XGBoost,pr,0.9973614977369255,0.9984087336044096
E1/A/XGBoost,pr,0.9973681847448334,0.9983972872460977
E1/A/XGBoost,pr,0.9973691400316773,0.998383922611887
E1/A/XGBoost,pr,0.9973710506053652,0.9983715146061657
E1/A/XGBoost,pr,0.9973739164658972,0.9983581538649842
E1/A/XGBoost,pr,0.9973758270395852,0.9983428827147273
E1/A/XGBoost,pr,0.9973806034738051,0.998330480680047
E1/A/XGBoost,pr,0.9973806034738051,0.9983113890402838
E1/A/XGBoost,pr,0.997381558760649,0.9982980269542809
E1/A/XGBoost,pr,0.997381558760649,0.998276073079968
E1/A/XGBoost,pr,0.997383469334337,0.9982417157947272
E1/A/XGBoost,pr,0.997385379908025,0.998225494179793
E1/A/XGBoost,pr,0.997385379908025,0.9982149959462147
E1/A/XGBoost,pr,0.9973882457685569,0.9982083205060299
E1/A/XGBoost,pr,0.9973901563422449,0.9981987804481633
E1/A/XGBoost,pr,0.9973920669159329,0.9981882862909202
E1/A/XGBoost,pr,0.9973920669159329,0.9981787432085286
E1/A/XGBoost,pr,0.9973939774896208,0.9981711123709477
E1/A/XGBoost,pr,0.9973939774896208,0.9981520270819332
E1/A/XGBoost,pr,0.9973939774896208,0.9981396220354408
E1/A/XGBoost,pr,0.9973997092106847,0.9981272280393827
E1/A/XGBoost,pr,0.9973997092106847,0.998105282075892
E1/A/XGBoost,pr,0.9974025750712167,0.9980919296078801
E1/A/XGBoost,pr,0.9974063962185925,0.9980804876020338
E1/A/XGBoost,pr,0.9974073515054366,0.9980623619301437
E1/A/XGBoost,pr,0.9974121279396564,0.99804615247849
E1/A/XGBoost,pr,0.9974207255212523,0.9980375831972004
E1/A/XGBoost,pr,0.9974235913817842,0.9980261409669902
E1/A/XGBoost,pr,0.9974350548239119,0.9980204398427822
E1/A/XGBoost,pr,0.9974426971186638,0.99800900773457
E1/A/XGBoost,pr,0.9974484288397277,0.9979956644415388
E1/A/XGBoost,pr,0.9974560711344795,0.9979689716210378
E1/A/XGBoost,pr,0.9974560711344795,0.9979394035548156
E1/A/XGBoost,pr,0.9974598922818555,0.997928919999159
E1/A/XGBoost,pr,0.9974598922818555,0.997918428786467
E1/A/XGBoost,pr,0.9974627581423874,0.9979050826593981
E1/A/XGBoost,pr,0.9974637134292313,0.9978888718987728
E1/A/XGBoost,pr,0.9974646687160754,0.9978774299413307
E1/A/XGBoost,pr,0.9974656240029194,0.9978640810101034
E1/A/XGBoost,pr,0.9974684898634513,0.997855504587156
E1/A/XGBoost,pr,0.9974713557239833,0.9978488355424738
E1/A/XGBoost,pr,0.9974723110108272,0.9978412089230031
E1/A/XGBoost,pr,0.9974770874450472,0.9978345442747778
E1/A/XGBoost,pr,0.997480908592423,0.9978202494146877
E1/A/XGBoost,pr,0.9974856850266429,0.9978145387166841
E1/A/XGBoost,pr,0.9974856850266429,0.9977992827362665
E1/A/XGBoost,pr,0.9974904614608628,0.99779452587562
E1/A/XGBoost,pr,0.9974904614608628,0.9977296940915671
E1/A/XGBoost,pr,0.9974933273213948,0.9977077741713255
E1/A/XGBoost,pr,0.9974961931819267,0.9976868085984602
E1/A/XGBoost,pr,0.9974961931819267,0.9976772760974416
E1/A/XGBoost,pr,0.9975047907635226,0.9976639509897873
E1/A/XGBoost,pr,0.9975143436319623,0.9976449097088
E1/A/XGBoost,pr,0.9975152989188063,0.997634427299244
E1/A/XGBoost,pr,0.9975229412135582,0.9975820257866298
E1/A/XGBoost,pr,0.9975248517872461,0.9975658291322869
E1/A/XGBoost,pr,0.9975277176477781,0.9975505883746568
E1/A/XGBoost,pr,0.9975296282214661,0.9975334399437525
E1/A/XGBoost,pr,0.997533449368842,0.9975172498120504
E1/A/XGBoost,pr,0.997533449368842,0.9974800881109449
E1/A/XGBoost,pr,0.9975372705162179,0.9974734280089371
E1/A/XGBoost,pr,0.9975410916635938,0.9974591457380513
E1/A/XGBoost,pr,0.9975410916635938,0.9974305631174051
E1/A/XGBoost,pr,0.9975487339583456,0.9974220083500567
E1/A/XGBoost,pr,0.9975515998188776,0.9974029620941353
E1/A/XGBoost,pr,0.9975582868267855,0.9973934529727913
E1/A/XGBoost,pr,0.9975735714162892,0.9973849192553228
E1/A/XGBoost,pr,0.9975745267031332,0.9973649173946014
E1/A/XGBoost,pr,0.9975879007189489,0.9973316142587685
E1/A/XGBoost,pr,0.9975888560057928,0.997317329630376
E1/A/XGBoost,pr,0.9975964983005448,0.9973106829681044
E1/A/XGBoost,pr,0.9975964983005448,0.997294491669078
E1/A/XGBoost,pr,0.9975974535873887,0.9972678274023256
E1/A/XGBoost,pr,0.9976041405952966,0.9972449896531934
E1/A/XGBoost,pr,0.9976041405952966,0.9972326097502282
E1/A/XGBoost,pr,0.9976050958821405,0.9972173760256987
E1/A/XGBoost,pr,0.9976060511689845,0.9971983338967222
E1/A/XGBoost,pr,0.9976089170295165,0.9971640632385252
E1/A/XGBoost,pr,0.9976108276032044,0.9971545472340385
E1/A/XGBoost,pr,0.9976108276032044,0.9971440738816916
E1/A/XGBoost,pr,0.9976108276032044,0.9971269361433152
E1/A/XGBoost,pr,0.9976108276032044,0.9971097989940153
E1/A/XGBoost,pr,0.9976156040374243,0.9970945803372884
E1/A/XGBoost,pr,0.9976165593242683,0.997085063072628
E1/A/XGBoost,pr,0.9976175146111123,0.9970660263417941
E1/A/XGBoost,pr,0.9976175146111123,0.9969289633031639
E1/A/XGBoost,pr,0.9976194251848003,0.9969108873084817
E1/A/XGBoost,pr,0.9976203804716443,0.9968994704853074
E1/A/XGBoost,pr,0.9976232463321761,0.996889963114848
E1/A/XGBoost,pr,0.9976232463321761,0.9968709311604855
E1/A/XGBoost,pr,0.9976270674795521,0.9968604758827465
E1/A/XGBoost,pr,0.9976385309216799,0.996850996484456
E1/A/XGBoost,pr,0.9976404414953678,0.9968395843256364
E1/A/XGBoost,pr,0.9976413967822118,0.996831975381232
E1/A/XGBoost,pr,0.9976433073558998,0.9968043890971254
E1/A/XGBoost,pr,0.9976442626427438,0.996745406824147
E1/A/XGBoost,pr,0.9976480837901197,0.9967168805784399
E1/A/XGBoost,pr,0.9976499943638076,0.9966940571286779
E1/A/XGBoost,pr,0.9976528602243395,0.9966712379883512
E1/A/XGBoost,pr,0.9976528602243395,0.9966579217846813
E1/A/XGBoost,pr,0.9976557260848715,0.9966493711487093
E1/A/XGBoost,pr,0.9976595472322475,0.996617997900563
E1/A/XGBoost,pr,0.9976605025190914,0.9965856660957025
E1/A/XGBoost,pr,0.9976633683796233,0.9965714111224454
E1/A/XGBoost,pr,0.9976633683796233,0.996485831211124
E1/A/XGBoost,pr,0.9976643236664673,0.996462064997629
E1/A/XGBoost,pr,0.9976643236664673,0.9964325923098941
E1/A/XGBoost,pr,0.9976643236664673,0.9964192826352859
E1/A/XGBoost,pr,0.9976652789533114,0.9963803098012128
E1/A/XGBoost,pr,0.9976681448138432,0.9963717648315918
E1/A/XGBoost,pr,0.9976691001006872,0.9963575097501965
E1/A/XGBoost,pr,0.9976710106743752,0.9963499123253902
E1/A/XGBoost,pr,0.9976719659612192,0.9963375589577641
E1/A/XGBoost,pr,0.9976776976822831,0.9963252234487378
E1/A/XGBoost,pr,0.9976776976822831,0.9962719990689537
E1/A/XGBoost,pr,0.997679608255971,0.9962548995853299
E1/A/XGBoost,pr,0.997679608255971,0.99624349551423
E1/A/XGBoost,pr,0.9976843846901909,0.9962226067447455
E1/A/XGBoost,pr,0.9976853399770349,0.996197903600736
E1/A/XGBoost,pr,0.9976853399770349,0.9961817498516767
E1/A/XGBoost,pr,0.9976891611244109,0.996169411953228
E1/A/XGBoost,pr,0.9976929822717867,0.9961627753921638
E1/A/XGBoost,pr,0.9977006245665386,0.9961419017133962
E1/A/XGBoost,pr,0.9977006245665386,0.996116249281096
E1/A/XGBoost,pr,0.9977006245665386,0.9960839480975293
E1/A/XGBoost,pr,0.9977101774349784,0.9960735356109434
E1/A/XGBoost,pr,0.9977111327218224,0.9960231932708997
E1/A/XGBoost,pr,0.9977120880086664,0.9959776050443007
E1/A/XGBoost,pr,0.9977120880086664,0.9959415143224685
E1/A/XGBoost,pr,0.9977139985823543,0.9959329746595237
E1/A/XGBoost,pr,0.9977245067376381,0.9959216211293782
E1/A/XGBoost,pr,0.9977283278850141,0.9959149890532386
E1/A/XGBoost,pr,0.9977369254666099,0.9959074269901947
E1/A/XGBoost,pr,0.9977464783350497,0.9958514413643047
E1/A/XGBoost,pr,0.9977502994824256,0.9958144275443084
E1/A/XGBoost,pr,0.9977502994824256,0.9957897426461124
E1/A/XGBoost,pr,0.9977588970640214,0.9957736394465403
E1/A/XGBoost,pr,0.9977627182113973,0.9957527702329732
E1/A/XGBoost,pr,0.9977627182113973,0.9957318857781324
E1/A/XGBoost,pr,0.9977655840719293,0.995709116007352
E1/A/XGBoost,pr,0.9977655840719293,0.9956929794039
E1/A/XGBoost,pr,0.9977665393587732,0.9956683050336889
E1/A/XGBoost,pr,0.9977694052193052,0.9956578769258341
E1/A/XGBoost,pr,0.9977703605061492,0.9956388989244523
E1/A/XGBoost,pr,0.9977713157929932,0.9956265650901139
E1/A/XGBoost,pr,0.997777047514057,0.9956123544203408
E1/A/XGBoost,pr,0.9977799133745889,0.995573458288137
E1/A/XGBoost,pr,0.9977827792351209,0.9955563900959541
E1/A/XGBoost,pr,0.9977923321035608,0.9955497901186087
E1/A/XGBoost,pr,0.9977951979640927,0.9955365184844178
E1/A/XGBoost,pr,0.9977971085377806,0.9955270383999894
E1/A/XGBoost,pr,0.9977990191114686,0.9955147120494697
E1/A/XGBoost,pr,0.9978009296851565,0.9954862567191491
E1/A/XGBoost,pr,0.9978066614062204,0.9954540256175664
E1/A/XGBoost,pr,0.9978076166930644,0.9954407483119618
E1/A/XGBoost,pr,0.9978085719799084,0.995428420036424
E1/A/XGBoost,pr,0.9978104825535964,0.9954075588969374
E1/A/XGBoost,pr,0.997824811856256,0.9953772703882292
E1/A/XGBoost,pr,0.997824811856256,0.9953611454959372
E1/A/XGBoost,pr,0.9978267224299441,0.995332699973033
E1/A/XGBoost,pr,0.997828633003632,0.9953222760285942
E1/A/XGBoost,pr,0.997829588290476,0.9953108994668661
E1/A/XGBoost,pr,0.9978420070194477,0.9952995769333384
E1/A/XGBoost,pr,0.9978658891905472,0.9952883088125299
E1/A/XGBoost,pr,0.997879263206363,0.9952769919860358
E1/A/XGBoost,pr,0.997879263206363,0.9952438027473899
E1/A/XGBoost,pr,0.9979050559511504,0.995233494916236
E1/A/XGBoost,pr,0.9979088770985264,0.9952117053131398
E1/A/XGBoost,pr,0.9979126982459023,0.9951880206388282
E1/A/XGBoost,pr,0.9979136535327463,0.9951633754057115
E1/A/XGBoost,pr,0.9979136535327463,0.9951254549940509
E1/A/XGBoost,pr,0.9979174746801222,0.9950894519904627
E1/A/XGBoost,pr,0.9979174746801222,0.9950771294177715
E1/A/XGBoost,pr,0.9979184299669662,0.9950316380639772
E1/A/XGBoost,pr,0.9979193852538102,0.995006053124622
E1/A/XGBoost,pr,0.9979318039827819,0.9949900038194077
E1/A/XGBoost,pr,0.9979375357038458,0.9949483356842367
E1/A/XGBoost,pr,0.9979470885722856,0.9949029008322786
E1/A/XGBoost,pr,0.9979480438591296,0.994870691132943
E1/A/XGBoost,pr,0.9979575967275693,0.9948394752053877
E1/A/XGBoost,pr,0.9979585520144134,0.9948271642442013
E1/A/XGBoost,pr,0.9979623731617893,0.9948167631004575
E1/A/XGBoost,pr,0.9979661943091652,0.9948082568903439
E1/A/XGBoost,pr,0.9979661943091652,0.9947912054217172
E1/A/XGBoost,pr,0.9979700154565412,0.9947817525122339
E1/A/XGBoost,pr,0.9979728813170731,0.9947685059104266
E1/A/XGBoost,pr,0.997974791890761,0.9947618852642434
E1/A/XGBoost,pr,0.997977657751293,0.9947249599849176
E1/A/XGBoost,pr,0.9979805236118249,0.9947183450624096
E1/A/XGBoost,pr,0.9979824341855129,0.9947050954292053
E1/A/XGBoost,pr,0.9979900764802647,0.9946947177593657
E1/A/XGBoost,pr,0.9979900764802647,0.9946435780061086
E1/A/XGBoost,pr,0.9979977187750165,0.9946246796324294
E1/A/XGBoost,pr,0.9980063163566124,0.9946199910507726
E1/A/XGBoost,pr,0.9980110927908323,0.9946124413666253
E1/A/XGBoost,pr,0.9980168245118962,0.9946058438912563
E1/A/XGBoost,pr,0.9980187350855841,0.9945907042366153
E1/A/XGBoost,pr,0.9980225562329601,0.9945575861080886
E1/A/XGBoost,pr,0.9980311538145559,0.9945472182531108
E1/A/XGBoost,pr,0.9980416619698397,0.994513193466093
E1/A/XGBoost,pr,0.9980435725435276,0.9944942705765214
E1/A/XGBoost,pr,0.9980454831172156,0.9944318062839683
E1/A/XGBoost,pr,0.9980502595514356,0.9944053308307389
E1/A/XGBoost,pr,0.9980531254119674,0.99438831063023
E1/A/XGBoost,pr,0.9980588571330313,0.9943779320269426
E1/A/XGBoost,pr,0.9980989791804785,0.9943052912066996
E1/A/XGBoost,pr,0.9980999344673225,0.9942873184750957
E1/A/XGBoost,pr,0.9981028003278545,0.9942589496342495
E1/A/XGBoost,pr,0.9981037556146984,0.9941984055844509
E1/A/XGBoost,pr,0.9981391012279257,0.994130502831992
E1/A/XGBoost,pr,0.9981505646700535,0.9941220572228862
E1/A/XGBoost,pr,0.9981553411042734,0.994113572748325
E1/A/XGBoost,pr,0.9981830444227489,0.9940995484756057
E1/A/XGBoost,pr,0.9982031054464724,0.9940741318588904
E1/A/XGBoost,pr,0.9982088371675363,0.9940684915608001
E1/A/XGBoost,pr,0.9982365404860117,0.9940582530921627
E1/A/XGBoost,pr,0.9982413169202317,0.99403653230394
E1/A/XGBoost,pr,0.9982413169202317,0.9940242397837996
E1/A/XGBoost,pr,0.9982451380676075,0.9940006240035918
E1/A/XGBoost,pr,0.9982460933544516,0.9939930656292062
E1/A/XGBoost,pr,0.9982527803623594,0.9939864871934626
E1/A/XGBoost,pr,0.9982556462228913,0.9939590861488913
E1/A/XGBoost,pr,0.9982575567965793,0.9939411348435158
E1/A/XGBoost,pr,0.9982594673702673,0.9939288564316742
E1/A/XGBoost,pr,0.9982661543781751,0.9939099899752138
E1/A/XGBoost,pr,0.9982671096650191,0.9938910896268363
E1/A/XGBoost,pr,0.9982690202387071,0.9938721958614734
E1/A/XGBoost,pr,0.9982690202387071,0.9938419487402862
E1/A/XGBoost,pr,0.998274751959771,0.9938041777815818
E1/A/XGBoost,pr,0.9982804836808349,0.9937900366701663
E1/A/XGBoost,pr,0.9982804836808349,0.9937021516143051
E1/A/XGBoost,pr,0.9982919471229627,0.9936776565205526
E1/A/XGBoost,pr,0.9982938576966506,0.9936691648964797
E1/A/XGBoost,pr,0.9983005447045584,0.9936607035886864
E1/A/XGBoost,pr,0.9983053211387783,0.9936408930133496
E1/A/XGBoost,pr,0.9983062764256223,0.9934869244137187
E1/A/XGBoost,pr,0.9983062764256223,0.9933905964528045
E1/A/XGBoost,pr,0.9983072317124663,0.9933821041144643
E1/A/XGBoost,pr,0.9983072317124663,0.9933197853358452
E1/A/XGBoost,pr,0.9983072317124663,0.9932999582732541
E1/A/XGBoost,pr,0.9983091422861543,0.993272592133552
E1/A/XGBoost,pr,0.9983100975729983,0.9932603257398339
E1/A/XGBoost,pr,0.9983120081466862,0.9931772693491273
E1/A/XGBoost,pr,0.9983148740072182,0.9931650184274601
E1/A/XGBoost,pr,0.9983148740072182,0.993152748356612
E1/A/XGBoost,pr,0.9983177398677501,0.993138610521114
E1/A/XGBoost,pr,0.998318695154594,0.9931216287618172
E1/A/XGBoost,pr,0.998319650441438,0.9931121976251907
E1/A/XGBoost,pr,0.998319650441438,0.9930961539923521
E1/A/XGBoost,pr,0.9983206057282821,0.9930659622082112
E1/A/XGBoost,pr,0.9983206057282821,0.9930357656999346
E1/A/XGBoost,pr,0.998321561015126,0.9930065212289139
E1/A/XGBoost,pr,0.9983473537599135,0.9929802824609678
E1/A/XGBoost,pr,0.9983502196204455,0.9929604898108102
E1/A/XGBoost,pr,0.9983578619151973,0.9928756415152776
E1/A/XGBoost,pr,0.9983597724888852,0.9928134030745145
E1/A/XGBoost,pr,0.9983616830625732,0.9927728628981314
E1/A/XGBoost,pr,0.9983635936362611,0.9927662751684228
E1/A/XGBoost,pr,0.998370280644169,0.9927587789000525
E1/A/XGBoost,pr,0.9983779229389209,0.9927352586924225
E1/A/XGBoost,pr,0.9983798335126088,0.9927258427307821
E1/A/XGBoost,pr,0.9983807887994528,0.9927088765343797
E1/A/XGBoost,pr,0.9983836546599848,0.9927004109996305
E1/A/XGBoost,pr,0.9983884310942046,0.992688187975688
E1/A/XGBoost,pr,0.9983884310942046,0.9926683877291663
E1/A/XGBoost,pr,0.9983932075284245,0.9926420235717386
E1/A/XGBoost,pr,0.9984008498231765,0.9926317089154613
E1/A/XGBoost,pr,0.9984018051100204,0.9926222883253032
E1/A/XGBoost,pr,0.9984037156837083,0.992594020702172
E1/A/XGBoost,pr,0.9984065815442403,0.9925799016288507
E1/A/XGBoost,pr,0.9984104026916162,0.9925422247968889
E1/A/XGBoost,pr,0.9984209108469,0.9925375898257474
E1/A/XGBoost,pr,0.9984209108469,0.9925140261111681
E1/A/XGBoost,pr,0.9984256872811199,0.9924961540652955
E1/A/XGBoost,pr,0.9984285531416518,0.992420782362889
E1/A/XGBoost,pr,0.998468675189099,0.9924135462351155
E1/A/XGBoost,pr,0.998470585762787,0.9923334725808902
E1/A/XGBoost,pr,0.9984973337944184,0.9923233132602753
E1/A/XGBoost,pr,0.9985001996549504,0.9923101460502631
E1/A/XGBoost,pr,0.9985011549417944,0.992294138532725
E1/A/XGBoost,pr,0.9985011549417944,0.9922696462814938
E1/A/XGBoost,pr,0.9985049760891703,0.9922574300097684
E1/A/XGBoost,pr,0.9985097525233902,0.9922433376336247
E1/A/XGBoost,pr,0.9985116630970782,0.9922358170048803
E1/A/XGBoost,pr,0.9985164395312981,0.9922198416819419
E1/A/XGBoost,pr,0.998518350104986,0.9922038448249021
E1/A/XGBoost,pr,0.9985202606786739,0.9921530026843243
E1/A/XGBoost,pr,0.9985279029734259,0.9921342278311844
E1/A/XGBoost,pr,0.9985307688339577,0.9921229499405353
E1/A/XGBoost,pr,0.9985365005550216,0.992112636486507
E1/A/XGBoost,pr,0.9985403217023976,0.9920938337598044
E1/A/XGBoost,pr,0.9985412769892416,0.9920844252049366
E1/A/XGBoost,pr,0.9985431875629295,0.9920420702575579
E1/A/XGBoost,pr,0.9985431875629295,0.9920110012441883
E1/A/XGBoost,pr,0.9985431875629295,0.9919836997783109
E1/A/XGBoost,pr,1.0,0.9717499754000509
E1/B/Decision_Tree,roc,0.0,0.0
E1/B/Decision_Tree,roc,0.6575809199318569,0.9988409828465461
E1/B/Decision_Tree,roc,1.0,1.0
E1/B/Decision_Tree,pr,0.0,1.0
E1/B/Decision_Tree,pr,0.9988409828465461,0.9804818850656082
E1/B/Decision_Tree,pr,1.0,0.97065
E1/B/LightGBM,roc,0.0,0.0
E1/B/LightGBM,roc,0.030664395229982964,0.9752227888528305
E1/B/LightGBM,roc,0.030664395229982964,0.9890279709473033
E1/B/LightGBM,roc,0.030664395229982964,0.990109720290527
E1/B/LightGBM,roc,0.030664395229982964,0.9901612321640139
E1/B/LightGBM,roc,0.030664395229982964,0.9904445474681914
E1/B/LightGBM,roc,0.030664395229982964,0.9911399577602638
E1/B/LightGBM,roc,0.030664395229982964,0.9914232730644413
E1/B/LightGBM,roc,0.030664395229982964,0.9917323443053624
E1/B/LightGBM,roc,0.030664395229982964,0.9922989749137177
E1/B/LightGBM,roc,0.030664395229982964,0.9925050224076649
E1/B/LightGBM,roc,0.030664395229982964,0.9928913614588163
E1/B/LightGBM,roc,0.030664395229982964,0.9930716530160202
E1/B/LightGBM,roc,0.030664395229982964,0.993123164889507
E1/B/LightGBM,roc,0.030664395229982964,0.9932004326997372
E1/B/LightGBM,roc,0.030664395229982964,0.9936897954978623
E1/B/LightGBM,roc,0.030664395229982964,0.9938185751815793
E1/B/LightGBM,roc,0.030664395229982964,0.9941276464225004
E1/B/LightGBM,roc,0.030664395229982964,0.9942821820429609
E1/B/LightGBM,roc,0.030664395229982964,0.9943079379797043
E1/B/LightGBM,roc,0.030664395229982964,0.9943852057899346
E1/B/LightGBM,roc,0.030664395229982964,0.9944882295369083
E1/B/LightGBM,roc,0.030664395229982964,0.9945397414103951
E1/B/LightGBM,roc,0.030664395229982964,0.9946427651573688
E1/B/LightGBM,roc,0.030664395229982964,0.9946942770308557
E1/B/LightGBM,roc,0.030664395229982964,0.9948488126513161
E1/B/LightGBM,roc,0.030664395229982964,0.9963426569824344
E1/B/LightGBM,roc,0.030664395229982964,0.9964971926028949
E1/B/LightGBM,roc,0.030664395229982964,0.9971410910214804
E1/B/LightGBM,roc,0.03151618398637138,0.9971410910214804
E1/B/LightGBM,roc,0.03151618398637138,0.9972956266419409
E1/B/LightGBM,roc,0.03236797274275979,0.9972956266419409
E1/B/LightGBM,roc,0.036626916524701875,0.9972956266419409
E1/B/LightGBM,roc,0.039182282793867124,0.9972956266419409
E1/B/LightGBM,roc,0.041737649063032366,0.9973213825786844
E1/B/LightGBM,roc,0.04258943781942078,0.9973213825786844
E1/B/LightGBM,roc,0.04599659284497445,0.9973213825786844
E1/B/LightGBM,roc,0.046848381601362864,0.9973213825786844
E1/B/LightGBM,roc,0.049403747870528106,0.9973213825786844
E1/B/LightGBM,roc,0.05025553662691652,0.9973213825786844
E1/B/LightGBM,roc,0.051959114139693355,0.9973213825786844
E1/B/LightGBM,roc,0.05366269165247019,0.9973213825786844
E1/B/LightGBM,roc,0.05366269165247019,0.9973471385154278
E1/B/LightGBM,roc,0.05536626916524702,0.9973471385154278
E1/B/LightGBM,roc,0.05536626916524702,0.9973728944521713
E1/B/LightGBM,roc,0.05792163543441227,0.9973728944521713
E1/B/LightGBM,roc,0.06132879045996593,0.9973728944521713
E1/B/LightGBM,roc,0.06303236797274275,0.9973728944521713
E1/B/LightGBM,roc,0.06899488926746167,0.9973728944521713
E1/B/LightGBM,roc,0.07921635434412266,0.9973728944521713
E1/B/LightGBM,roc,0.0817717206132879,0.9973728944521713
E1/B/LightGBM,roc,0.08347529812606473,0.9973728944521713
E1/B/LightGBM,roc,0.08432708688245315,0.9973728944521713
E1/B/LightGBM,roc,0.11669505962521294,0.9973728944521713
E1/B/LightGBM,roc,0.11839863713798977,0.9973728944521713
E1/B/LightGBM,roc,0.12180579216354344,0.9973728944521713
E1/B/LightGBM,roc,0.12691652470187392,0.9973728944521713
E1/B/LightGBM,roc,0.12947189097103917,0.9973728944521713
E1/B/LightGBM,roc,0.13458262350936967,0.9973728944521713
E1/B/LightGBM,roc,0.1362862010221465,0.9973728944521713
E1/B/LightGBM,roc,0.13713798977853492,0.9973728944521713
E1/B/LightGBM,roc,0.13969335604770017,0.9973728944521713
E1/B/LightGBM,roc,0.14310051107325383,0.9973728944521713
E1/B/LightGBM,roc,0.14480408858603067,0.9973728944521713
E1/B/LightGBM,roc,0.1746166950596252,0.9973728944521713
E1/B/LightGBM,roc,0.17546848381601363,0.9973728944521713
E1/B/LightGBM,roc,0.1788756388415673,0.9973728944521713
E1/B/LightGBM,roc,0.1797274275979557,0.9973728944521713
E1/B/LightGBM,roc,0.21294718909710392,0.9973728944521713
E1/B/LightGBM,roc,0.21465076660988075,0.9973728944521713
E1/B/LightGBM,roc,0.217206132879046,0.9973728944521713
E1/B/LightGBM,roc,0.2282793867120954,0.9973728944521713
E1/B/LightGBM,roc,0.2282793867120954,0.9973986503889146
E1/B/LightGBM,roc,0.23253833049403747,0.9973986503889146
E1/B/LightGBM,roc,0.23850085178875638,0.9973986503889146
E1/B/LightGBM,roc,0.2632027257240204,0.9973986503889146
E1/B/LightGBM,roc,0.26405451448040884,0.9973986503889146
E1/B/LightGBM,roc,0.2785349233390119,0.9973986503889146
E1/B/LightGBM,roc,0.27938671209540034,0.9973986503889146
E1/B/LightGBM,roc,0.28960817717206133,0.9973986503889146
E1/B/LightGBM,roc,0.29045996592844975,0.9973986503889146
E1/B/LightGBM,roc,0.29045996592844975,0.9974244063256581
E1/B/LightGBM,roc,0.293015332197615,0.9974244063256581
E1/B/LightGBM,roc,0.30068143100511074,0.9974244063256581
E1/B/LightGBM,roc,0.30153321976149916,0.9974244063256581
E1/B/LightGBM,roc,0.303236797274276,0.9974244063256581
E1/B/LightGBM,roc,0.30579216354344124,0.9974244063256581
E1/B/LightGBM,roc,0.3091993185689949,0.9974244063256581
E1/B/LightGBM,roc,0.31601362862010224,0.9974244063256581
E1/B/LightGBM,roc,0.31771720613287907,0.9974244063256581
E1/B/LightGBM,roc,0.32367972742759793,0.9974244063256581
E1/B/LightGBM,roc,0.32453151618398635,0.9974244063256581
E1/B/LightGBM,roc,0.3339011925042589,0.9974244063256581
E1/B/LightGBM,roc,0.33560477001703576,0.9974244063256581
E1/B/LightGBM,roc,0.33560477001703576,0.9974501622624015
E1/B/LightGBM,roc,0.3373083475298126,0.9974501622624015
E1/B/LightGBM,roc,0.3373083475298126,0.9974759181991449
E1/B/LightGBM,roc,0.338160136286201,0.9974759181991449
E1/B/LightGBM,roc,0.33986371379897784,0.9974759181991449
E1/B/LightGBM,roc,0.3415672913117547,0.9974759181991449
E1/B/LightGBM,roc,0.3432708688245315,0.9974759181991449
E1/B/LightGBM,roc,0.3441226575809199,0.9974759181991449
E1/B/LightGBM,roc,0.3492333901192504,0.9974759181991449
E1/B/LightGBM,roc,0.3543441226575809,0.9974759181991449
E1/B/LightGBM,roc,0.3679727427597956,0.9974759181991449
E1/B/LightGBM,roc,0.37137989778534924,0.9974759181991449
E1/B/LightGBM,roc,0.3730834752981261,0.9974759181991449
E1/B/LightGBM,roc,0.3807495741056218,0.9978107453768094
E1/B/LightGBM,roc,0.39437819420783643,0.9978107453768094
E1/B/LightGBM,roc,0.39522998296422485,0.9978107453768094
E1/B/LightGBM,roc,0.40545144804088584,0.9978622572502962
E1/B/LightGBM,roc,0.41567291311754684,0.9978622572502962
E1/B/LightGBM,roc,0.4250425894378194,0.9978622572502962
E1/B/LightGBM,roc,0.4889267461669506,0.9979395250605264
E1/B/LightGBM,roc,0.49148211243611584,0.9979395250605264
E1/B/LightGBM,roc,0.49148211243611584,0.9979652809972699
E1/B/LightGBM,roc,0.49233390119250425,0.9980683047442436
E1/B/LightGBM,roc,0.4940374787052811,0.9980683047442436
E1/B/LightGBM,roc,0.49829642248722317,0.9980683047442436
E1/B/LightGBM,roc,0.4991482112436116,0.9980683047442436
E1/B/LightGBM,roc,0.4991482112436116,0.9980940606809869
E1/B/LightGBM,roc,0.4991482112436116,0.9981455725544738
E1/B/LightGBM,roc,0.5017035775127768,0.9981455725544738
E1/B/LightGBM,roc,0.5025553662691652,0.9984546437953948
E1/B/LightGBM,roc,0.5085178875638842,0.9984546437953948
E1/B/LightGBM,roc,0.510221465076661,0.9984546437953948
E1/B/LightGBM,roc,0.510221465076661,0.9984803997321383
E1/B/LightGBM,roc,0.5110732538330494,0.9984803997321383
E1/B/LightGBM,roc,0.5127768313458262,0.9984803997321383
E1/B/LightGBM,roc,0.5136286201022147,0.9984803997321383
E1/B/LightGBM,roc,0.5153321976149915,0.9984803997321383
E1/B/LightGBM,roc,0.5323679727427598,0.9984803997321383
E1/B/LightGBM,roc,0.5357751277683135,0.9985061556688817
E1/B/LightGBM,roc,0.5383304940374787,0.9985061556688817
E1/B/LightGBM,roc,0.5391822827938672,0.9987379590995724
E1/B/LightGBM,roc,0.5425894378194208,0.9987379590995724
E1/B/LightGBM,roc,0.5434412265758092,0.9987379590995724
E1/B/LightGBM,roc,0.5434412265758092,0.9987894709730593
E1/B/LightGBM,roc,0.5672913117546848,0.9987894709730593
E1/B/LightGBM,roc,0.5766609880749574,0.9987894709730593
E1/B/LightGBM,roc,0.5783645655877342,0.9987894709730593
E1/B/LightGBM,roc,0.5817717206132879,0.9987894709730593
E1/B/LightGBM,roc,0.590289608177172,0.9987894709730593
E1/B/LightGBM,roc,0.5928449744463373,0.9987894709730593
E1/B/LightGBM,roc,0.5945485519591142,0.9987894709730593
E1/B/LightGBM,roc,0.5988074957410562,0.9987894709730593
E1/B/LightGBM,roc,0.600511073253833,0.9987894709730593
E1/B/LightGBM,roc,0.6013628620102215,0.9987894709730593
E1/B/LightGBM,roc,0.6090289608177172,0.9987894709730593
E1/B/LightGBM,roc,0.6192504258943782,0.9987894709730593
E1/B/LightGBM,roc,0.6201022146507666,0.9987894709730593
E1/B/LightGBM,roc,0.6243611584327087,0.9990212744037501
E1/B/LightGBM,roc,0.661839863713799,0.9990212744037501
E1/B/LightGBM,roc,0.661839863713799,0.999072786277237
E1/B/LightGBM,roc,0.6626916524701874,0.999072786277237
E1/B/LightGBM,roc,0.666098807495741,0.999072786277237
E1/B/LightGBM,roc,0.6695059625212947,0.9996394168855921
E1/B/LightGBM,roc,0.7487223168654173,0.9996394168855921
E1/B/LightGBM,roc,0.7495741056218058,0.9996394168855921
E1/B/LightGBM,roc,0.7529812606473595,0.9996394168855921
E1/B/LightGBM,roc,0.7555366269165247,0.9996394168855921
E1/B/LightGBM,roc,0.7555366269165247,0.999690928759079
E1/B/LightGBM,roc,0.7572402044293015,0.999690928759079
E1/B/LightGBM,roc,0.7572402044293015,0.9997681965693093
E1/B/LightGBM,roc,0.7589437819420783,0.9997681965693093
E1/B/LightGBM,roc,0.7597955706984668,0.9997681965693093
E1/B/LightGBM,roc,0.7759795570698467,0.9997681965693093
E1/B/LightGBM,roc,0.7776831345826235,0.9997681965693093
E1/B/LightGBM,roc,0.7887563884156729,0.9997681965693093
E1/B/LightGBM,roc,0.7904599659284497,0.9997681965693093
E1/B/LightGBM,roc,0.7913117546848382,0.9997681965693093
E1/B/LightGBM,roc,0.793015332197615,1.0
E1/B/LightGBM,roc,0.7947189097103918,1.0
E1/B/LightGBM,roc,0.7964224872231687,1.0
E1/B/LightGBM,roc,0.9744463373083475,1.0
E1/B/LightGBM,roc,0.975298126064736,1.0
E1/B/LightGBM,roc,0.9991482112436116,1.0
E1/B/LightGBM,roc,1.0,1.0
E1/B/LightGBM,pr,0.0,1.0
E1/B/LightGBM,pr,0.9752227888528305,0.9990501319261214
E1/B/LightGBM,pr,0.9890279709473033,0.9990633780830471
E1/B/LightGBM,pr,0.990109720290527,0.9990644004366132
E1/B/LightGBM,pr,0.9901354762272704,0.999064424751163
E1/B/LightGBM,pr,0.9901612321640139,0.999064449064449
E1/B/LightGBM,pr,0.9904445474681914,0.9990647164272167
E1/B/LightGBM,pr,0.9911399577602638,0.9990653720338543
E1/B/LightGBM,pr,0.9914232730644413,0.999065638869423
E1/B/LightGBM,pr,0.9917323443053624,0.9990659297890558
E1/B/LightGBM,pr,0.9922989749137177,0.9990664626714727
E1/B/LightGBM,pr,0.9925050224076649,0.9990666562961811
E1/B/LightGBM,pr,0.9928913614588163,0.999067019126108
E1/B/LightGBM,pr,0.9930716530160202,0.9990671883502189
E1/B/LightGBM,pr,0.993123164889507,0.9990672366886902
E1/B/LightGBM,pr,0.9932004326997372,0.9990673091870045
E1/B/LightGBM,pr,0.9936897954978623,0.999067768081415
E1/B/LightGBM,pr,0.9938185751815793,0.9990678887680596
E1/B/LightGBM,pr,0.9939731108020399,0.9990680335507922
E1/B/LightGBM,pr,0.9941276464225004,0.9990681782885541
E1/B/LightGBM,pr,0.9942049142327306,0.9990682506405777
E1/B/LightGBM,pr,0.9942821820429609,0.9990683229813665
E1/B/LightGBM,pr,0.9943079379797043,0.9990683470924665
E1/B/LightGBM,pr,0.9943852057899346,0.9990684194182797
E1/B/LightGBM,pr,0.9944882295369083,0.9990685158352308
E1/B/LightGBM,pr,0.9945397414103951,0.9990685640362225
E1/B/LightGBM,pr,0.9946427651573688,0.999068660423242
E1/B/LightGBM,pr,0.9946942770308557,0.9990687086092715
E1/B/LightGBM,pr,0.994720032967599,0.9990687327004165
E1/B/LightGBM,pr,0.9947457889043424,0.999068756790315
E1/B/LightGBM,pr,0.9947715448410859,0.9990687808789673
E1/B/LightGBM,pr,0.9947973007778292,0.9990688049663735
E1/B/LightGBM,pr,0.9948230567145727,0.9990688290525336
E1/B/LightGBM,pr,0.9948488126513161,0.9990688531374476
E1/B/LightGBM,pr,0.9963426569824344,0.9990702479338843
E1/B/LightGBM,pr,0.9964971926028949,0.9990703919847131
E1/B/LightGBM,pr,0.9971410910214804,0.9990709917163428
E1/B/LightGBM,pr,0.9971410910214804,0.999045210569777
E1/B/LightGBM,pr,0.9971668469582239,0.9990452352075968
E1/B/LightGBM,pr,0.9971926028949673,0.9990452598441452
E1/B/LightGBM,pr,0.9972183588317107,0.999045284479422
E1/B/LightGBM,pr,0.9972441147684541,0.9990453091134276
E1/B/LightGBM,pr,0.9972698707051976,0.999045333746162
E1/B/LightGBM,pr,0.9972956266419409,0.9990453583776253
E1/B/LightGBM,pr,0.9972956266419409,0.9990195825485694
E1/B/LightGBM,pr,0.9972956266419409,0.9988907233515633
E1/B/LightGBM,pr,0.9972956266419409,0.9988134237882735
E1/B/LightGBM,pr,0.9973213825786844,0.9987361687859483
E1/B/LightGBM,pr,0.9973213825786844,0.9987104095739193
E1/B/LightGBM,pr,0.9973213825786844,0.9986588951359158
E1/B/LightGBM,pr,0.9973213825786844,0.9986073860119662
E1/B/LightGBM,pr,0.9973213825786844,0.9985816334425046
E1/B/LightGBM,pr,0.9973213825786844,0.9985043837029397
E1/B/LightGBM,pr,0.9973213825786844,0.9984786364456821
E1/B/LightGBM,pr,0.9973213825786844,0.998427145914447
E1/B/LightGBM,pr,0.9973213825786844,0.998401402640264
E1/B/LightGBM,pr,0.9973213825786844,0.9983756606935671
E1/B/LightGBM,pr,0.9973471385154278,0.9983757025730934
E1/B/LightGBM,pr,0.9973471385154278,0.9983499626163406
E1/B/LightGBM,pr,0.9973471385154278,0.9983242239868001
E1/B/LightGBM,pr,0.9973728944521713,0.9983242671891516
E1/B/LightGBM,pr,0.9973728944521713,0.9982985305491106
E1/B/LightGBM,pr,0.9973728944521713,0.9982727952360083
E1/B/LightGBM,pr,0.9973728944521713,0.9982470612497422
E1/B/LightGBM,pr,0.9973728944521713,0.9981441385709867
E1/B/LightGBM,pr,0.9973728944521713,0.9981184112173622
E1/B/LightGBM,pr,0.9973728944521713,0.9980926851899582
E1/B/LightGBM,pr,0.9973728944521713,0.9979126401236954
E1/B/LightGBM,pr,0.9973728944521713,0.9976041425148775
E1/B/LightGBM,pr,0.9973728944521713,0.9975784429903652
E1/B/LightGBM,pr,0.9973728944521713,0.9975527447899225
E1/B/LightGBM,pr,0.9973728944521713,0.9975270479134467
E1/B/LightGBM,pr,0.9973728944521713,0.997475658131987
E1/B/LightGBM,pr,0.9973728944521713,0.9974499652267985
E1/B/LightGBM,pr,0.9973728944521713,0.996474614652222
E1/B/LightGBM,pr,0.9973728944521713,0.9964233332475619
E1/B/LightGBM,pr,0.9973728944521713,0.9963207862711297
E1/B/LightGBM,pr,0.9973728944521713,0.9961670053764824
E1/B/LightGBM,pr,0.9973728944521713,0.9960901327297047
E1/B/LightGBM,pr,0.9973728944521713,0.995936423023507
E1/B/LightGBM,pr,0.9973728944521713,0.9958851969961938
E1/B/LightGBM,pr,0.9973728944521713,0.9958595859585958
E1/B/LightGBM,pr,0.9973728944521713,0.9957827607488171
E1/B/LightGBM,pr,0.9973728944521713,0.9956803455723542
E1/B/LightGBM,pr,0.9973728944521713,0.9956291458836839
E1/B/LightGBM,pr,0.9973728944521713,0.9947340029284081
E1/B/LightGBM,pr,0.9973728944521713,0.9947084510660159
E1/B/LightGBM,pr,0.9973728944521713,0.9946062567421791
E1/B/LightGBM,pr,0.9973728944521713,0.9945807114421472
E1/B/LightGBM,pr,0.9973728944521713,0.9935854672345666
E1/B/LightGBM,pr,0.9973728944521713,0.9935599743425273
E1/B/LightGBM,pr,0.9973728944521713,0.9935344827586207
E1/B/LightGBM,pr,0.9973728944521713,0.993458015854691
E1/B/LightGBM,pr,0.9973728944521713,0.9931267952400492
E1/B/LightGBM,pr,0.9973986503889146,0.9931269715077065
E1/B/LightGBM,pr,0.9973986503889146,0.9929996410072311
E1/B/LightGBM,pr,0.9973986503889146,0.9928214331495963
E1/B/LightGBM,pr,0.9973986503889146,0.9920838243582518
E1/B/LightGBM,pr,0.9973986503889146,0.9920584091200205
E1/B/LightGBM,pr,0.9973986503889146,0.9916265492164293
E1/B/LightGBM,pr,0.9973986503889146,0.99160115740148
E1/B/LightGBM,pr,0.9973986503889146,0.9912965570203507
E1/B/LightGBM,pr,0.9973986503889146,0.9912711821020836
E1/B/LightGBM,pr,0.9974244063256581,0.9912714055340824
E1/B/LightGBM,pr,0.9974244063256581,0.9912460325586158
E1/B/LightGBM,pr,0.9974244063256581,0.9912206608820292
E1/B/LightGBM,pr,0.9974244063256581,0.9911952905042232
E1/B/LightGBM,pr,0.9974244063256581,0.9911191871624907
E1/B/LightGBM,pr,0.9974244063256581,0.9910430955061931
E1/B/LightGBM,pr,0.9974244063256581,0.990967015532639
E1/B/LightGBM,pr,0.9974244063256581,0.9909416581371545
E1/B/LightGBM,pr,0.9974244063256581,0.9908909472391382
E1/B/LightGBM,pr,0.9974244063256581,0.9908655937364071
E1/B/LightGBM,pr,0.9974244063256581,0.9908402415310613
E1/B/LightGBM,pr,0.9974244063256581,0.9908148906230011
E1/B/LightGBM,pr,0.9974244063256581,0.990713499961626
E1/B/LightGBM,pr,0.9974244063256581,0.9905107808783282
E1/B/LightGBM,pr,0.9974244063256581,0.9904854468259247
E1/B/LightGBM,pr,0.9974244063256581,0.9904601140694136
E1/B/LightGBM,pr,0.9974244063256581,0.9902828210504782
E1/B/LightGBM,pr,0.9974244063256581,0.9902574986575293
E1/B/LightGBM,pr,0.9974244063256581,0.9899790377831178
E1/B/LightGBM,pr,0.9974244063256581,0.9899537309235921
E1/B/LightGBM,pr,0.9974244063256581,0.9899284253578732
E1/B/LightGBM,pr,0.9974501622624015,0.9899286828046318
E1/B/LightGBM,pr,0.9974501622624015,0.9898780768345986
E1/B/LightGBM,pr,0.9974759181991449,0.9898783355485125
E1/B/LightGBM,pr,0.9974759181991449,0.98985303514377
E1/B/LightGBM,pr,0.9974759181991449,0.989802438214021
E1/B/LightGBM,pr,0.9974759181991449,0.9897771416888161
E1/B/LightGBM,pr,0.9974759181991449,0.9897518464565923
E1/B/LightGBM,pr,0.9974759181991449,0.9897012598706908
E1/B/LightGBM,pr,0.9974759181991449,0.9896759685168148
E1/B/LightGBM,pr,0.9974759181991449,0.9896253896867174
E1/B/LightGBM,pr,0.9974759181991449,0.9895748160261651
E1/B/LightGBM,pr,0.9974759181991449,0.9895242475343656
E1/B/LightGBM,pr,0.9974759181991449,0.9893725730635602
E1/B/LightGBM,pr,0.9974759181991449,0.9889683350357508
E1/B/LightGBM,pr,0.9974759181991449,0.9889178285072264
E1/B/LightGBM,pr,0.9974759181991449,0.9888673271371667
E1/B/LightGBM,pr,0.9974759181991449,0.9888420783863143
E1/B/LightGBM,pr,0.9974759181991449,0.9888168309247817
E1/B/LightGBM,pr,0.9978107453768094,0.9885934469735633
E1/B/LightGBM,pr,0.9978107453768094,0.988189980614223
E1/B/LightGBM,pr,0.9978107453768094,0.9881647749011606
E1/B/LightGBM,pr,0.9978622572502962,0.9878630255743389
E1/B/LightGBM,pr,0.9978622572502962,0.9875608574851521
E1/B/LightGBM,pr,0.9978622572502962,0.98728403241425
E1/B/LightGBM,pr,0.9979395250605264,0.9854018311291963
E1/B/LightGBM,pr,0.9979395250605264,0.9853767706823326
E1/B/LightGBM,pr,0.9979395250605264,0.9853517115100962
E1/B/LightGBM,pr,0.9979395250605264,0.9853266536123897
E1/B/LightGBM,pr,0.9979652809972699,0.9853270267521107
E1/B/LightGBM,pr,0.9980683047442436,0.9853034656360447
E1/B/LightGBM,pr,0.9980683047442436,0.9852784134248666
E1/B/LightGBM,pr,0.9980683047442436,0.9852533624876052
E1/B/LightGBM,pr,0.9980683047442436,0.9851281269066504
E1/B/LightGBM,pr,0.9980683047442436,0.9851030836108499
E1/B/LightGBM,pr,0.9980940606809869,0.9851034623010829
E1/B/LightGBM,pr,0.9981455725544738,0.9851042196237926
E1/B/LightGBM,pr,0.9981455725544738,0.9850291030170552
E1/B/LightGBM,pr,0.9984546437953948,0.9850086390893383
E1/B/LightGBM,pr,0.9984546437953948,0.9848334730584559
E1/B/LightGBM,pr,0.9984546437953948,0.9847834370633812
E1/B/LightGBM,pr,0.9984803997321383,0.9847838236041254
E1/B/LightGBM,pr,0.9984803997321383,0.9847588081387965
E1/B/LightGBM,pr,0.9984803997321383,0.9847087810206
E1/B/LightGBM,pr,0.9984803997321383,0.9846837693675388
E1/B/LightGBM,pr,0.9984803997321383,0.9846337498730062
E1/B/LightGBM,pr,0.9984803997321383,0.9841338342810723
E1/B/LightGBM,pr,0.9985061556688817,0.9840343173338072
E1/B/LightGBM,pr,0.9985061556688817,0.9839593908629441
E1/B/LightGBM,pr,0.9987379590995724,0.983938086780005
E1/B/LightGBM,pr,0.9987379590995724,0.9838382300705333
E1/B/LightGBM,pr,0.9987379590995724,0.9838132690600025
E1/B/LightGBM,pr,0.9987894709730593,0.9838140903671004
E1/B/LightGBM,pr,0.9987894709730593,0.9831157307643554
E1/B/LightGBM,pr,0.9987894709730593,0.9828416463909164
E1/B/LightGBM,pr,0.9987894709730593,0.9827918292868366
E1/B/LightGBM,pr,0.9987894709730593,0.9827669226285511
E1/B/LightGBM,pr,0.9987894709730593,0.9827420172326407
E1/B/LightGBM,pr,0.9987894709730593,0.9827171130990091
E1/B/LightGBM,pr,0.9987894709730593,0.9826922102275607
E1/B/LightGBM,pr,0.9987894709730593,0.9824432509120389
E1/B/LightGBM,pr,0.9987894709730593,0.9823685877137429
E1/B/LightGBM,pr,0.9987894709730593,0.982318818552575
E1/B/LightGBM,pr,0.9987894709730593,0.9822939358630123
E1/B/LightGBM,pr,0.9987894709730593,0.9822690544340029
E1/B/LightGBM,pr,0.9987894709730593,0.9822441742654509
E1/B/LightGBM,pr,0.9987894709730593,0.9822192953572605
E1/B/LightGBM,pr,0.9987894709730593,0.9821944177093359
E1/B/LightGBM,pr,0.9987894709730593,0.9821446661939013
E1/B/LightGBM,pr,0.9987894709730593,0.9821197923261998
E1/B/LightGBM,pr,0.9987894709730593,0.9818959842001317
E1/B/LightGBM,pr,0.9987894709730593,0.9815977319900775
E1/B/LightGBM,pr,0.9987894709730593,0.9815728858177032
E1/B/LightGBM,pr,0.9990212744037501,0.981452898459047
E1/B/LightGBM,pr,0.9990212744037501,0.9803614305573107
E1/B/LightGBM,pr,0.999072786277237,0.9803624232314808
E1/B/LightGBM,pr,0.999072786277237,0.9803376465830974
E1/B/LightGBM,pr,0.999072786277237,0.9802385525118771
E1/B/LightGBM,pr,0.9996394168855921,0.9801505126521541
E1/B/LightGBM,pr,0.9996394168855921,0.9778539215439268
E1/B/LightGBM,pr,0.9996394168855921,0.9778292854983371
E1/B/LightGBM,pr,0.9996394168855921,0.9777800171310526
E1/B/LightGBM,pr,0.9996394168855921,0.9777307537283354
E1/B/LightGBM,pr,0.9996394168855921,0.9776568679311821
E1/B/LightGBM,pr,0.9996651728223356,0.9776574307304786
E1/B/LightGBM,pr,0.999690928759079,0.9776579935014231
E1/B/LightGBM,pr,0.999690928759079,0.9776333685960406
E1/B/LightGBM,pr,0.999690928759079,0.9776087449311135
E1/B/LightGBM,pr,0.9997681965693093,0.9776104367098172
E1/B/LightGBM,pr,0.9997681965693093,0.977561196736174
E1/B/LightGBM,pr,0.9997681965693093,0.9775365786093833
E1/B/LightGBM,pr,0.9997681965693093,0.9770690696737817
E1/B/LightGBM,pr,0.9997681965693093,0.9770444763271162
E1/B/LightGBM,pr,0.9997681965693093,0.9770198842184747
E1/B/LightGBM,pr,0.9997681965693093,0.9767002994237979
E1/B/LightGBM,pr,0.9997681965693093,0.9766511510881872
E1/B/LightGBM,pr,0.9997681965693093,0.9766265787752226
E1/B/LightGBM,pr,1.0,0.9765827401463893
E1/B/LightGBM,pr,1.0,0.9765581769706726
E1/B/LightGBM,pr,1.0,0.9765336150305591
E1/B/LightGBM,pr,1.0,0.9764844948567692
E1/B/LightGBM,pr,1.0,0.9713785339004253
E1/B/LightGBM,pr,1.0,0.9713542318180681
E1/B/LightGBM,pr,1.0,0.9706742668566715
E1/B/LightGBM,pr,1.0,0.97065
E1/B/Linear_SVM,roc,0.0,0.0
E1/B/Linear_SVM,roc,0.019591141396933562,0.0013908205841446453
E1/B/Linear_SVM,roc,0.03492333901192504,0.0029361767887498068
E1/B/Linear_SVM,roc,0.14054514480408858,0.01522175861536084
E1/B/Linear_SVM,roc,0.14054514480408858,0.03167980219440581
E1/B/Linear_SVM,roc,0.14054514480408858,0.040642868181115746
E1/B/Linear_SVM,roc,0.14054514480408858,0.045227424921444395
E1/B/Linear_SVM,roc,0.14054514480408858,0.05071343944779272
E1/B/Linear_SVM,roc,0.14054514480408858,0.05576160304950291
E1/B/Linear_SVM,roc,0.14054514480408858,0.06099005820841704
E1/B/Linear_SVM,roc,0.14054514480408858,0.06454437747900892
E1/B/Linear_SVM,roc,0.14054514480408858,0.06840776799052181
E1/B/Linear_SVM,roc,0.14054514480408858,0.07453768093545562
E1/B/Linear_SVM,roc,0.14054514480408858,0.07775717302838304
E1/B/Linear_SVM,roc,0.14054514480408858,0.0801009632720342
E1/B/Linear_SVM,roc,0.14054514480408858,0.08375830628959975
E1/B/Linear_SVM,roc,0.14054514480408858,0.0868747746355535
E1/B/Linear_SVM,roc,0.14054514480408858,0.08999124298150724
E1/B/Linear_SVM,roc,0.14054514480408858,0.09287590789677021
E1/B/Linear_SVM,roc,0.14054514480408858,0.09614691186318447
E1/B/Linear_SVM,roc,0.14054514480408858,0.09959820738680265
E1/B/Linear_SVM,roc,0.14054514480408858,0.10237984855509195
E1/B/Linear_SVM,roc,0.14054514480408858,0.10477515067222995
E1/B/Linear_SVM,roc,0.14054514480408858,0.10742801215680214
E1/B/Linear_SVM,roc,0.14054514480408858,0.11038994488229537
E1/B/Linear_SVM,roc,0.14054514480408858,0.11422757945706485
E1/B/Linear_SVM,roc,0.14054514480408858,0.11837428527275537
E1/B/Linear_SVM,roc,0.14054514480408858,0.1214649976819657
E1/B/Linear_SVM,roc,0.14054514480408858,0.12447844228094576
E1/B/Linear_SVM,roc,0.14054514480408858,0.12774944624736
E1/B/Linear_SVM,roc,0.14054514480408858,0.13047957554216247
E1/B/Linear_SVM,roc,0.14054514480408858,0.13393087106578067
E1/B/Linear_SVM,roc,0.14054514480408858,0.13588832225828054
E1/B/Linear_SVM,roc,0.14054514480408858,0.1395714212125895
E1/B/Linear_SVM,roc,0.14054514480408858,0.1419409673929841
E1/B/Linear_SVM,roc,0.14054514480408858,0.14454231700406944
E1/B/Linear_SVM,roc,0.14054514480408858,0.14750424972956266
E1/B/Linear_SVM,roc,0.14054514480408858,0.15028589089785196
E1/B/Linear_SVM,roc,0.14054514480408858,0.15350538299077937
E1/B/Linear_SVM,roc,0.14054514480408858,0.15633853603255551
E1/B/Linear_SVM,roc,0.14054514480408858,0.1597898315561737
E1/B/Linear_SVM,roc,0.14054514480408858,0.16197908617936435
E1/B/Linear_SVM,roc,0.14054514480408858,0.16401380518209446
E1/B/Linear_SVM,roc,0.14054514480408858,0.16666666666666666
E1/B/Linear_SVM,roc,0.14054514480408858,0.16893318910008756
E1/B/Linear_SVM,roc,0.14054514480408858,0.1708391284191006
E1/B/Linear_SVM,roc,0.14054514480408858,0.17338896615669913
E1/B/Linear_SVM,roc,0.14054514480408858,0.1752176376654819
E1/B/Linear_SVM,roc,0.14054514480408858,0.1781538144542317
E1/B/Linear_SVM,roc,0.14054514480408858,0.1804203368876526
E1/B/Linear_SVM,roc,0.14054514480408858,0.18304744243548138
E1/B/Linear_SVM,roc,0.14054514480408858,0.18603513109771802
E1/B/Linear_SVM,roc,0.14054514480408858,0.18825014165765208
E1/B/Linear_SVM,roc,0.14054514480408858,0.1909287590789677
E1/B/Linear_SVM,roc,0.14054514480408858,0.19273167465100705
E1/B/Linear_SVM,roc,0.14054514480408858,0.1942770308556122
E1/B/Linear_SVM,roc,0.14054514480408858,0.19548755988255292
E1/B/Linear_SVM,roc,0.14054514480408858,0.19765105856900014
E1/B/Linear_SVM,roc,0.14054514480408858,0.19994333693916447
E1/B/Linear_SVM,roc,0.14054514480408858,0.20290526966465772
E1/B/Linear_SVM,roc,0.14054514480408858,0.20512028022459178
E1/B/Linear_SVM,roc,0.14054514480408858,0.20774738577242055
E1/B/Linear_SVM,roc,0.14054514480408858,0.21019419976304538
E1/B/Linear_SVM,roc,0.14054514480408858,0.21253799000669654
E1/B/Linear_SVM,roc,0.14054514480408858,0.21464997681965692
E1/B/Linear_SVM,roc,0.14054514480408858,0.216864987379591
E1/B/Linear_SVM,roc,0.14054514480408858,0.2191057538762685
E1/B/Linear_SVM,roc,0.14054514480408858,0.22162983567712358
E1/B/Linear_SVM,roc,0.14054514480408858,0.22381909030031422
E1/B/Linear_SVM,roc,0.14054514480408858,0.22557049399886675
E1/B/Linear_SVM,roc,0.14054514480408858,0.22812033173646526
E1/B/Linear_SVM,roc,0.14054514480408858,0.23079894915778087
E1/B/Linear_SVM,roc,0.14054514480408858,0.23360634626281357
E1/B/Linear_SVM,roc,0.14054514480408858,0.23546077370833976
E1/B/Linear_SVM,roc,0.14054514480408858,0.23716066553340545
E1/B/Linear_SVM,roc,0.14054514480408858,0.2408437644877144
E1/B/Linear_SVM,roc,0.14054514480408858,0.2434966259722866
E1/B/Linear_SVM,roc,0.14054514480408858,0.24635553495080617
E1/B/Linear_SVM,roc,0.14054514480408858,0.24890537268840468
E1/B/Linear_SVM,roc,0.14054514480408858,0.2510688713748519
E1/B/Linear_SVM,roc,0.14054514480408858,0.25408231597383196
E1/B/Linear_SVM,roc,0.14054514480408858,0.2568382012053778
E1/B/Linear_SVM,roc,0.14054514480408858,0.25871838458764745
E1/B/Linear_SVM,roc,0.14054514480408858,0.2606500798434039
E1/B/Linear_SVM,roc,0.14054514480408858,0.2626075310359038
E1/B/Linear_SVM,roc,0.14054514480408858,0.26492556534281153
E1/B/Linear_SVM,roc,0.14054514480408858,0.2666512131046206
E1/B/Linear_SVM,roc,0.14054514480408858,0.26899500334827176
E1/B/Linear_SVM,roc,0.14054514480408858,0.2717766445165611
E1/B/Linear_SVM,roc,0.14054514480408858,0.27453252974810693
E1/B/Linear_SVM,roc,0.14054514480408858,0.2768505640550147
E1/B/Linear_SVM,roc,0.14054514480408858,0.27976098490702106
E1/B/Linear_SVM,roc,0.14054514480408858,0.281538144542317
E1/B/Linear_SVM,roc,0.14054514480408858,0.2835728635450471
E1/B/Linear_SVM,roc,0.14054514480408858,0.28532426724359966
E1/B/Linear_SVM,roc,0.14054514480408858,0.28733323030958635
E1/B/Linear_SVM,roc,0.14054514480408858,0.2891103899448823
E1/B/Linear_SVM,roc,0.14054514480408858,0.2917890073661979
E1/B/Linear_SVM,roc,0.14054514480408858,0.29369494668521096
E1/B/Linear_SVM,roc,0.14054514480408858,0.2957811775614279
E1/B/Linear_SVM,roc,0.14054514480408858,0.2980476999948488
E1/B/Linear_SVM,roc,0.14054514480408858,0.30057178179570393
E1/B/Linear_SVM,roc,0.14054514480408858,0.30247772111471694
E1/B/Linear_SVM,roc,0.14054514480408858,0.3052078504095194
E1/B/Linear_SVM,roc,0.14054514480408858,0.3069592541080719
E1/B/Linear_SVM,roc,0.14054514480408858,0.30927728841497965
E1/B/Linear_SVM,roc,0.14054514480408858,0.3114922989749137
E1/B/Linear_SVM,roc,0.14054514480408858,0.3130891670530057
E1/B/Linear_SVM,roc,0.14054514480408858,0.3147890588780714
E1/B/Linear_SVM,roc,0.14054514480408858,0.3173131406789265
E1/B/Linear_SVM,roc,0.14054514480408858,0.31927059187142637
E1/B/Linear_SVM,roc,0.14054514480408858,0.3214340905578736
E1/B/Linear_SVM,roc,0.14054514480408858,0.3237263689280379
E1/B/Linear_SVM,roc,0.14054514480408858,0.3257095760572812
E1/B/Linear_SVM,roc,0.14054514480408858,0.32818214598464945
E1/B/Linear_SVM,roc,0.14054514480408858,0.3304744243548138
E1/B/Linear_SVM,roc,0.14054514480408858,0.3326121671045176
E1/B/Linear_SVM,roc,0.14054514480408858,0.33441508267655695
E1/B/Linear_SVM,roc,0.14054514480408858,0.3363467779323134
E1/B/Linear_SVM,roc,0.14054514480408858,0.3388966156699119
E1/B/Linear_SVM,roc,0.14054514480408858,0.3414979652809973
E1/B/Linear_SVM,roc,0.14054514480408858,0.3442280945757997
E1/B/Linear_SVM,roc,0.14054514480408858,0.34628856951527326
E1/B/Linear_SVM,roc,0.14054514480408858,0.3485035800752073
E1/B/Linear_SVM,roc,0.14054514480408858,0.35118219749652296
E1/B/Linear_SVM,roc,0.14054514480408858,0.3540668624117859
E1/B/Linear_SVM,roc,0.14054514480408858,0.35599855766754235
E1/B/Linear_SVM,roc,0.14054514480408858,0.3583165919744501
E1/B/Linear_SVM,roc,0.14054514480408858,0.3606088703446144
E1/B/Linear_SVM,roc,0.14054514480408858,0.362669345284088
E1/B/Linear_SVM,roc,0.14054514480408858,0.36472982022356154
E1/B/Linear_SVM,roc,0.14054514480408858,0.3668160510997785
E1/B/Linear_SVM,roc,0.14054514480408858,0.36959769226806777
E1/B/Linear_SVM,roc,0.14054514480408858,0.37140060784010714
E1/B/Linear_SVM,roc,0.14054514480408858,0.37446556431257405
E1/B/Linear_SVM,roc,0.14054514480408858,0.3776077885952712
E1/B/Linear_SVM,roc,0.14054514480408858,0.3804924535105342
E1/B/Linear_SVM,roc,0.14054514480408858,0.3831968268685932
E1/B/Linear_SVM,roc,0.14054514480408858,0.38484520682017204
E1/B/Linear_SVM,roc,0.14054514480408858,0.3871632411270798
E1/B/Linear_SVM,roc,0.14054514480408858,0.3891206923195797
E1/B/Linear_SVM,roc,0.14054514480408858,0.39074331633441506
E1/B/Linear_SVM,roc,0.14054514480408858,0.3927780353371452
E1/B/Linear_SVM,roc,0.14054514480408858,0.3945551949724411
E1/B/Linear_SVM,roc,0.14054514480408858,0.3967959614691186
E1/B/Linear_SVM,roc,0.14054514480408858,0.3986246329779014
E1/B/Linear_SVM,roc,0.14054514480408858,0.40050481636017105
E1/B/Linear_SVM,roc,0.14054514480408858,0.40266831504661826
E1/B/Linear_SVM,roc,0.14054514480408858,0.40457425436563127
E1/B/Linear_SVM,roc,0.14054514480408858,0.40640292587441407
E1/B/Linear_SVM,roc,0.14054514480408858,0.40877247205480866
E1/B/Linear_SVM,roc,0.14054514480408858,0.41088445886776903
E1/B/Linear_SVM,roc,0.14054514480408858,0.41302220161747283
E1/B/Linear_SVM,roc,0.14054514480408858,0.41508267655694636
E1/B/Linear_SVM,roc,0.14054514480408858,0.4166280327615515
E1/B/Linear_SVM,roc,0.14054514480408858,0.41892031113171585
E1/B/Linear_SVM,roc,0.14054514480408858,0.4213671251223407
E1/B/Linear_SVM,roc,0.14054514480408858,0.42311852882089324
E1/B/Linear_SVM,roc,0.14054514480408858,0.4260031937361562
E1/B/Linear_SVM,roc,0.14054514480408858,0.4277030855612219
E1/B/Linear_SVM,roc,0.14054514480408858,0.4298665842476691
E1/B/Linear_SVM,roc,0.14054514480408858,0.43192705918714264
E1/B/Linear_SVM,roc,0.14054514480408858,0.4341678256838201
E1/B/Linear_SVM,roc,0.14054514480408858,0.43589347344562923
E1/B/Linear_SVM,roc,0.14054514480408858,0.4378766805748725
E1/B/Linear_SVM,roc,0.14054514480408858,0.44032349456549735
E1/B/Linear_SVM,roc,0.14054514480408858,0.4426672848091485
E1/B/Linear_SVM,roc,0.14054514480408858,0.44470200381187863
E1/B/Linear_SVM,roc,0.14054514480408858,0.4467882346880956
E1/B/Linear_SVM,roc,0.14054514480408858,0.4490547571215165
E1/B/Linear_SVM,roc,0.14054514480408858,0.45096069644052955
E1/B/Linear_SVM,roc,0.14054514480408858,0.45255756451862156
E1/B/Linear_SVM,roc,0.14054514480408858,0.4551846700664503
E1/B/Linear_SVM,roc,0.14054514480408858,0.4570390975119765
E1/B/Linear_SVM,roc,0.14054514480408858,0.45899654870447637
E1/B/Linear_SVM,roc,0.14054514480408858,0.46103126770720654
E1/B/Linear_SVM,roc,0.14054514480408858,0.46337505795085765
E1/B/Linear_SVM,roc,0.14054514480408858,0.46561582444753513
E1/B/Linear_SVM,roc,0.14054514480408858,0.46757327564003504
E1/B/Linear_SVM,roc,0.14054514480408858,0.4694019471488178
E1/B/Linear_SVM,roc,0.14054514480408858,0.4714881780250348
E1/B/Linear_SVM,roc,0.14054514480408858,0.4734198732807912
E1/B/Linear_SVM,roc,0.14054514480408858,0.4756606397774687
E1/B/Linear_SVM,roc,0.14054514480408858,0.4781589656415804
E1/B/Linear_SVM,roc,0.14054514480408858,0.48034822026477103
E1/B/Linear_SVM,roc,0.14054514480408858,0.48274352238190904
E1/B/Linear_SVM,roc,0.14054514480408858,0.48488126513161284
E1/B/Linear_SVM,roc,0.14054514480408858,0.4868387163241127
E1/B/Linear_SVM,roc,0.14054514480408858,0.4892340184412507
E1/B/Linear_SVM,roc,0.14054514480408858,0.4916293205583887
E1/B/Linear_SVM,roc,0.14054514480408858,0.4932261886364807
E1/B/Linear_SVM,roc,0.14054514480408858,0.49508061608200693
E1/B/Linear_SVM,roc,0.14054514480408858,0.4971668469582239
E1/B/Linear_SVM,roc,0.14054514480408858,0.4990985422139803
E1/B/Linear_SVM,roc,0.14054514480408858,0.5012105290269407
E1/B/Linear_SVM,roc,0.14054514480408858,0.503193736156184
E1/B/Linear_SVM,roc,0.14054514480408858,0.5053057229691443
E1/B/Linear_SVM,roc,0.14054514480408858,0.5069283469839798
E1/B/Linear_SVM,roc,0.14054514480408858,0.5088342863029929
E1/B/Linear_SVM,roc,0.14054514480408858,0.5111265646731572
E1/B/Linear_SVM,roc,0.14054514480408858,0.5134961108535517
E1/B/Linear_SVM,roc,0.14054514480408858,0.515350538299078
E1/B/Linear_SVM,roc,0.14054514480408858,0.5174367691752949
E1/B/Linear_SVM,roc,0.14054514480408858,0.518853345696183
E1/B/Linear_SVM,roc,0.14054514480408858,0.5214804512440118
E1/B/Linear_SVM,roc,0.14054514480408858,0.5233091227527945
E1/B/Linear_SVM,roc,0.14054514480408858,0.5251893061350641
E1/B/Linear_SVM,roc,0.14054514480408858,0.5268376860866429
E1/B/Linear_SVM,roc,0.14054514480408858,0.5291814763302941
E1/B/Linear_SVM,roc,0.14054514480408858,0.5313449750167414
E1/B/Linear_SVM,roc,0.14054514480408858,0.5330963787152939
E1/B/Linear_SVM,roc,0.14054514480408858,0.5349250502240767
E1/B/Linear_SVM,roc,0.14054514480408858,0.5370627929737805
E1/B/Linear_SVM,roc,0.14054514480408858,0.5389687322927935
E1/B/Linear_SVM,roc,0.14054514480408858,0.5412867665997012
E1/B/Linear_SVM,roc,0.14054514480408858,0.5433729974759182
E1/B/Linear_SVM,roc,0.14054514480408858,0.5454077164786483
E1/B/Linear_SVM,roc,0.14054514480408858,0.5469273167465101
E1/B/Linear_SVM,roc,0.14054514480408858,0.5488590120022665
E1/B/Linear_SVM,roc,0.14054514480408858,0.5509967547519703
E1/B/Linear_SVM,roc,0.14054514480408858,0.5526193787668058
E1/B/Linear_SVM,roc,0.14054514480408858,0.5552464843146345
E1/B/Linear_SVM,roc,0.14054514480408858,0.5567403286457528
E1/B/Linear_SVM,roc,0.14054514480408858,0.5583629526605882
E1/B/Linear_SVM,roc,0.14054514480408858,0.5603976716633184
E1/B/Linear_SVM,roc,0.14054514480408858,0.5626899500334828
E1/B/Linear_SVM,roc,0.14054514480408858,0.5646216452892392
E1/B/Linear_SVM,roc,0.14054514480408858,0.5666563642919693
E1/B/Linear_SVM,roc,0.14054514480408858,0.5682017204965745
E1/B/Linear_SVM,roc,0.14054514480408858,0.570751558234173
E1/B/Linear_SVM,roc,0.14054514480408858,0.5731211044145675
E1/B/Linear_SVM,roc,0.14054514480408858,0.5759542574563437
E1/B/Linear_SVM,roc,0.14054514480408858,0.5779117086488436
E1/B/Linear_SVM,roc,0.14054514480408858,0.5803585226394684
E1/B/Linear_SVM,roc,0.14054514480408858,0.5827023128831196
E1/B/Linear_SVM,roc,0.14054514480408858,0.5846082522021326
E1/B/Linear_SVM,roc,0.14054514480408858,0.5865657033946324
E1/B/Linear_SVM,roc,0.14054514480408858,0.5887292020810797
E1/B/Linear_SVM,roc,0.14054514480408858,0.5911502601349611
E1/B/Linear_SVM,roc,0.14054514480408858,0.5928243960232834
E1/B/Linear_SVM,roc,0.14054514480408858,0.5944470200381188
E1/B/Linear_SVM,roc,0.14054514480408858,0.596430227167362
E1/B/Linear_SVM,roc,0.14054514480408858,0.598027095245454
E1/B/Linear_SVM,roc,0.14054514480408858,0.6002678617421315
E1/B/Linear_SVM,roc,0.14054514480408858,0.602199556997888
E1/B/Linear_SVM,roc,0.14054514480408858,0.6036676453922629
E1/B/Linear_SVM,roc,0.14054514480408858,0.6054190490908155
E1/B/Linear_SVM,roc,0.14054514480408858,0.6074795240302889
E1/B/Linear_SVM,roc,0.14054514480408858,0.6095399989697625
E1/B/Linear_SVM,roc,0.14054514480408858,0.6121155926441044
E1/B/Linear_SVM,roc,0.14054514480408858,0.6139185082161438
E1/B/Linear_SVM,roc,0.14054514480408858,0.6160304950291042
E1/B/Linear_SVM,roc,0.14054514480408858,0.6185545768299593
E1/B/Linear_SVM,roc,0.14054514480408858,0.6210786586308144
E1/B/Linear_SVM,roc,0.14054514480408858,0.6224952351517025
E1/B/Linear_SVM,roc,0.14054514480408858,0.6245041982176892
E1/B/Linear_SVM,roc,0.14054514480408858,0.6275949106268995
E1/B/Linear_SVM,roc,0.14054514480408858,0.6291917787049915
E1/B/Linear_SVM,roc,0.14054514480408858,0.6309689383402874
E1/B/Linear_SVM,roc,0.14054514480408858,0.632540050481636
E1/B/Linear_SVM,roc,0.14054514480408858,0.6342141863699583
E1/B/Linear_SVM,roc,0.14054514480408858,0.6363261731829186
E1/B/Linear_SVM,roc,0.14054514480408858,0.6385154278061093
E1/B/Linear_SVM,roc,0.14054514480408858,0.6400350280739711
E1/B/Linear_SVM,roc,0.14054514480408858,0.6419667233297275
E1/B/Linear_SVM,roc,0.14054514480408858,0.6440014423324576
E1/B/Linear_SVM,roc,0.14054514480408858,0.6466543038170298
E1/B/Linear_SVM,roc,0.14054514480408858,0.6486890228197599
E1/B/Linear_SVM,roc,0.14054514480408858,0.650105599340648
E1/B/Linear_SVM,roc,0.14054514480408858,0.6523978777108124
E1/B/Linear_SVM,roc,0.14054514480408858,0.6540720135991346
E1/B/Linear_SVM,roc,0.14054514480408858,0.656184000412095
E1/B/Linear_SVM,roc,0.14054514480408858,0.6586050584659764
E1/B/Linear_SVM,roc,0.14054514480408858,0.6603822181012723
E1/B/Linear_SVM,roc,0.14054514480408858,0.6624942049142327
E1/B/Linear_SVM,roc,0.14054514480408858,0.6641683408025549
E1/B/Linear_SVM,roc,0.14054514480408858,0.666254571678772
E1/B/Linear_SVM,roc,0.14054514480408858,0.6684180703652192
E1/B/Linear_SVM,roc,0.14054514480408858,0.6697831350126204
E1/B/Linear_SVM,roc,0.14054514480408858,0.6722557049399887
E1/B/Linear_SVM,roc,0.14054514480408858,0.6742131561324886
E1/B/Linear_SVM,roc,0.14054514480408858,0.6759130479575542
E1/B/Linear_SVM,roc,0.14054514480408858,0.6780250347705146
E1/B/Linear_SVM,roc,0.14054514480408858,0.6809096996857775
E1/B/Linear_SVM,roc,0.14054514480408858,0.6827383711945604
E1/B/Linear_SVM,roc,0.14054514480408858,0.6846443105135733
E1/B/Linear_SVM,roc,0.14054514480408858,0.6863184464018957
E1/B/Linear_SVM,roc,0.14054514480408858,0.6883016535311389
E1/B/Linear_SVM,roc,0.14054514480408858,0.6907484675217638
E1/B/Linear_SVM,roc,0.14054514480408858,0.6929377221449544
E1/B/Linear_SVM,roc,0.14054514480408858,0.6950239530211714
E1/B/Linear_SVM,roc,0.14054514480408858,0.697213207644362
E1/B/Linear_SVM,roc,0.14054514480408858,0.6995569978880132
E1/B/Linear_SVM,roc,0.14054514480408858,0.701875032194921
E1/B/Linear_SVM,roc,0.14054514480408858,0.7039612630711379
E1/B/Linear_SVM,roc,0.14054514480408858,0.7062020295678154
E1/B/Linear_SVM,roc,0.14054514480408858,0.7086488435584403
E1/B/Linear_SVM,roc,0.14054514480408858,0.7107865863081441
E1/B/Linear_SVM,roc,0.14054514480408858,0.7127182815639005
E1/B/Linear_SVM,roc,0.14054514480408858,0.7150363158708082
E1/B/Linear_SVM,roc,0.14054514480408858,0.7170195230000516
E1/B/Linear_SVM,roc,0.14054514480408858,0.7192860454334724
E1/B/Linear_SVM,roc,0.14054514480408858,0.7216040797403802
E1/B/Linear_SVM,roc,0.14054514480408858,0.7233554834389326
E1/B/Linear_SVM,roc,0.14054514480408858,0.7253129346314325
E1/B/Linear_SVM,roc,0.14054514480408858,0.7275794570648535
E1/B/Linear_SVM,roc,0.14054514480408858,0.7299747591819914
E1/B/Linear_SVM,roc,0.14054514480408858,0.7319064544377479
E1/B/Linear_SVM,roc,0.14054514480408858,0.7339154175037346
E1/B/Linear_SVM,roc,0.14054514480408858,0.7361819399371555
E1/B/Linear_SVM,roc,0.14054514480408858,0.7389635811054448
E1/B/Linear_SVM,roc,0.14054514480408858,0.7415391747797867
E1/B/Linear_SVM,roc,0.14054514480408858,0.7441405243908721
E1/B/Linear_SVM,roc,0.14054514480408858,0.7464328027610364
E1/B/Linear_SVM,roc,0.14054514480408858,0.7486993251944574
E1/B/Linear_SVM,roc,0.14054514480408858,0.7510688713748519
E1/B/Linear_SVM,roc,0.14054514480408858,0.7533869056817597
E1/B/Linear_SVM,roc,0.14054514480408858,0.7560397671663318
E1/B/Linear_SVM,roc,0.14054514480408858,0.7582805336630093
E1/B/Linear_SVM,roc,0.14054514480408858,0.7603667645392262
E1/B/Linear_SVM,roc,0.14054514480408858,0.7628393344665946
E1/B/Linear_SVM,roc,0.14054514480408858,0.7650028331530417
E1/B/Linear_SVM,roc,0.14054514480408858,0.7669345284087983
E1/B/Linear_SVM,roc,0.14054514480408858,0.7689177355380415
E1/B/Linear_SVM,roc,0.14054514480408858,0.7707721629835678
E1/B/Linear_SVM,roc,0.14054514480408858,0.7731417091639623
E1/B/Linear_SVM,roc,0.14054514480408858,0.7754082315973831
E1/B/Linear_SVM,roc,0.14054514480408858,0.7774687065368567
E1/B/Linear_SVM,roc,0.14054514480408858,0.7793746458558698
E1/B/Linear_SVM,roc,0.14054514480408858,0.7822593107711328
E1/B/Linear_SVM,roc,0.14054514480408858,0.7840879822799155
E1/B/Linear_SVM,roc,0.14054514480408858,0.7861999690928759
E1/B/Linear_SVM,roc,0.14054514480408858,0.7886210271467573
E1/B/Linear_SVM,roc,0.14054514480408858,0.7908102817699479
E1/B/Linear_SVM,roc,0.14054514480408858,0.7940297738628754
E1/B/Linear_SVM,roc,0.14054514480408858,0.79639932004327
E1/B/Linear_SVM,roc,0.14054514480408858,0.7987688662236646
E1/B/Linear_SVM,roc,0.14054514480408858,0.8007263174161644
E1/B/Linear_SVM,roc,0.14054514480408858,0.8029413279760985
E1/B/Linear_SVM,roc,0.14054514480408858,0.8068304744243548
E1/B/Linear_SVM,roc,0.14054514480408858,0.8088394374903415
E1/B/Linear_SVM,roc,0.14054514480408858,0.8112862514809663
E1/B/Linear_SVM,roc,0.14054514480408858,0.814454231700407
E1/B/Linear_SVM,roc,0.14054514480408858,0.8165919744501108
E1/B/Linear_SVM,roc,0.14054514480408858,0.8189615206305053
E1/B/Linear_SVM,roc,0.141396933560477,0.8212537990006696
E1/B/Linear_SVM,roc,0.141396933560477,0.8232627620666564
E1/B/Linear_SVM,roc,0.141396933560477,0.8255292845000772
E1/B/Linear_SVM,roc,0.141396933560477,0.8281821459846495
E1/B/Linear_SVM,roc,0.141396933560477,0.8313243702673466
E1/B/Linear_SVM,roc,0.141396933560477,0.8343120589295833
E1/B/Linear_SVM,roc,0.141396933560477,0.837119456034616
E1/B/Linear_SVM,roc,0.141396933560477,0.8392314428475763
E1/B/Linear_SVM,roc,0.141396933560477,0.8427342502446814
E1/B/Linear_SVM,roc,0.141396933560477,0.8450007726781023
E1/B/Linear_SVM,roc,0.141396933560477,0.8481172410240561
E1/B/Linear_SVM,roc,0.141396933560477,0.850873126255602
E1/B/Linear_SVM,roc,0.141396933560477,0.8550970998815227
E1/B/Linear_SVM,roc,0.141396933560477,0.8579817647967857
E1/B/Linear_SVM,roc,0.141396933560477,0.8607891619018184
E1/B/Linear_SVM,roc,0.141396933560477,0.8631844640189563
E1/B/Linear_SVM,roc,0.141396933560477,0.8662751764281666
E1/B/Linear_SVM,roc,0.141396933560477,0.8694431566476073
E1/B/Linear_SVM,roc,0.141396933560477,0.8720445062586927
E1/B/Linear_SVM,roc,0.141396933560477,0.8752124864781332
E1/B/Linear_SVM,roc,0.141396933560477,0.8785092463812909
E1/B/Linear_SVM,roc,0.141396933560477,0.8817544944109618
E1/B/Linear_SVM,roc,0.141396933560477,0.8846134033894812
E1/B/Linear_SVM,roc,0.141396933560477,0.8876010920517179
E1/B/Linear_SVM,roc,0.141396933560477,0.8911296553855663
E1/B/Linear_SVM,roc,0.141396933560477,0.8956627002524081
E1/B/Linear_SVM,roc,0.141396933560477,0.8993457992067172
E1/B/Linear_SVM,roc,0.141396933560477,0.9015350538299078
E1/B/Linear_SVM,roc,0.141396933560477,0.9062226343172101
E1/B/Linear_SVM,roc,0.141396933560477,0.9082058414464534
E1/B/Linear_SVM,roc,0.141396933560477,0.913279760984907
E1/B/Linear_SVM,roc,0.141396933560477,0.9177870499150054
E1/B/Linear_SVM,roc,0.141396933560477,0.9206974707670118
E1/B/Linear_SVM,roc,0.141396933560477,0.9238912069231958
E1/B/Linear_SVM,roc,0.141396933560477,0.9280379127388864
E1/B/Linear_SVM,roc,0.141396933560477,0.9309483335908927
E1/B/Linear_SVM,roc,0.141396933560477,0.93710400247257
E1/B/Linear_SVM,roc,0.141396933560477,0.9418173388966157
E1/B/Linear_SVM,roc,0.141396933560477,0.9469427703085561
E1/B/Linear_SVM,roc,0.141396933560477,0.954180188533457
E1/B/Linear_SVM,roc,0.141396933560477,0.9588677690207593
E1/B/Linear_SVM,roc,0.141396933560477,0.9637871529387524
E1/B/Linear_SVM,roc,0.14224872231686542,0.9703034049348375
E1/B/Linear_SVM,roc,0.14224872231686542,0.9763560500695411
E1/B/Linear_SVM,roc,0.14224872231686542,0.98003914902385
E1/B/Linear_SVM,roc,0.14310051107325383,0.9917323443053624
E1/B/Linear_SVM,roc,0.19250425894378195,0.997115335084737
E1/B/Linear_SVM,roc,0.21039182282793867,0.9975789419461186
E1/B/Linear_SVM,roc,0.24787052810902896,0.997913769123783
E1/B/Linear_SVM,roc,0.35178875638841567,0.9982228403647041
E1/B/Linear_SVM,roc,0.41056218057921634,0.9985834234791119
E1/B/Linear_SVM,roc,0.551107325383305,0.9989697625302633
E1/B/Linear_SVM,roc,0.5971039182282794,0.999330345644671
E1/B/Linear_SVM,roc,0.7614991482112436,0.999690928759079
E1/B/Linear_SVM,roc,1.0,1.0
E1/B/Linear_SVM,pr,0.0,1.0
E1/B/Linear_SVM,pr,0.0019316952557564518,0.7425742574257426
E1/B/Linear_SVM,pr,0.003167980219440581,0.6612903225806451
E1/B/Linear_SVM,pr,0.0032710039664142583,0.46863468634686345
E1/B/Linear_SVM,pr,0.004919383917993098,0.5365168539325843
E1/B/Linear_SVM,pr,0.007108638541183743,0.6258503401360545
E1/B/Linear_SVM,pr,0.009297893164374389,0.6863117870722434
E1/B/Linear_SVM,pr,0.011487147787565034,0.7299509001636661
E1/B/Linear_SVM,pr,0.013702158347499098,0.763271162123386
E1/B/Linear_SVM,pr,0.015917168907433162,0.789272030651341
E1/B/Linear_SVM,pr,0.018132179467367227,0.810126582278481
E1/B/Linear_SVM,pr,0.02042445783753155,0.8277661795407099
E1/B/Linear_SVM,pr,0.022613712460722198,0.8418024928092043
E1/B/Linear_SVM,pr,0.024828723020656262,0.853852967227635
E1/B/Linear_SVM,pr,0.027069489517333744,0.8643092105263158
E1/B/Linear_SVM,pr,0.02931025601401123,0.8733691481197237
E1/B/Linear_SVM,pr,0.03155102251068871,0.8812949640287769
E1/B/Linear_SVM,pr,0.033817544944109615,0.8883626522327469
E1/B/Linear_SVM,pr,0.03603255550404368,0.8945012787723785
E1/B/Linear_SVM,pr,0.038299077937464586,0.9001210653753027
E1/B/Linear_SVM,pr,0.04059135630762891,0.9052268811028145
E1/B/Linear_SVM,pr,0.04301241436151033,0.9100817438692098
E1/B/Linear_SVM,pr,0.04530469273167465,0.9142411642411642
E1/B/Linear_SVM,pr,0.04762272703858239,0.9180734856007945
E1/B/Linear_SVM,pr,0.04996651728223356,0.9216152019002375
E1/B/Linear_SVM,pr,0.05223303971565446,0.9247606019151847
E1/B/Linear_SVM,pr,0.0545510740225622,0.9277266754270697
E1/B/Linear_SVM,pr,0.05697213207644362,0.9305847707193942
E1/B/Linear_SVM,pr,0.05929016638335136,0.9331171463315768
E1/B/Linear_SVM,pr,0.0616082006902591,0.9354712553773954
E1/B/Linear_SVM,pr,0.06402925874414052,0.9377593360995851
E1/B/Linear_SVM,pr,0.06637304898779169,0.9398249452954048
E1/B/Linear_SVM,pr,0.06889713078864679,0.9419014084507042
E1/B/Linear_SVM,pr,0.07121516509555452,0.9436860068259386
E1/B/Linear_SVM,pr,0.07350744346571884,0.9453461411063266
E1/B/Linear_SVM,pr,0.07577396589913975,0.9468941100740264
E1/B/Linear_SVM,pr,0.07827229176325143,0.9485018726591761
E1/B/Linear_SVM,pr,0.08077061762736311,0.9500151469251742
E1/B/Linear_SVM,pr,0.0831659197445011,0.9513847967000589
E1/B/Linear_SVM,pr,0.08556122186163911,0.9526813880126183
E1/B/Linear_SVM,pr,0.08800803585226395,0.9539363484087102
E1/B/Linear_SVM,pr,0.09050636171637562,0.9551508562109269
E1/B/Linear_SVM,pr,0.0930046875804873,0.956302966101695
E1/B/Linear_SVM,pr,0.09537423376088189,0.9573422957600828
E1/B/Linear_SVM,pr,0.09782104775150673,0.9583648750946253
E1/B/Linear_SVM,pr,0.10029361767887499,0.959349593495935
E1/B/Linear_SVM,pr,0.1028434554164735,0.9603174603174603
E1/B/Linear_SVM,pr,0.10526451347035491,0.9611947318908749
E1/B/Linear_SVM,pr,0.10786586308144028,0.9620951068228808
E1/B/Linear_SVM,pr,0.11038994488229537,0.9629296787238822
E1/B/Linear_SVM,pr,0.11293978261989389,0.9637362637362638
E1/B/Linear_SVM,pr,0.11530932880028846,0.9644549763033176
E1/B/Linear_SVM,pr,0.11767887498068305,0.9651457541191382
E1/B/Linear_SVM,pr,0.12012568897130789,0.9658314350797267
E1/B/Linear_SVM,pr,0.12264977077216298,0.9665110614978689
E1/B/Linear_SVM,pr,0.1250708288260444,0.9671380203146783
E1/B/Linear_SVM,pr,0.12751764281666925,0.9677482408131353
E1/B/Linear_SVM,pr,0.13006748055426776,0.9683604985618408
E1/B/Linear_SVM,pr,0.13254005048163603,0.9689324044436076
E1/B/Linear_SVM,pr,0.13514140009272138,0.9695121951219512
E1/B/Linear_SVM,pr,0.13761397002008963,0.9700435729847494
E1/B/Linear_SVM,pr,0.14003502807397106,0.97054623348804
E1/B/Linear_SVM,pr,0.14266213362179983,0.9710729312762973
E1/B/Linear_SVM,pr,0.14534075104311545,0.9715909090909091
E1/B/Linear_SVM,pr,0.14786483284397053,0.9720623095157467
E1/B/Linear_SVM,pr,0.15038891464482562,0.9725183211192538
E1/B/Linear_SVM,pr,0.1528614845721939,0.9729508196721312
E1/B/Linear_SVM,pr,0.15533405449956214,0.973369916074887
E1/B/Linear_SVM,pr,0.1579611600473909,0.973801206732296
E1/B/Linear_SVM,pr,0.1604594859115026,0.9741985926505082
E1/B/Linear_SVM,pr,0.16303507958584454,0.9745958429561201
E1/B/Linear_SVM,pr,0.16561067326018647,0.974981046247157
E1/B/Linear_SVM,pr,0.16813475506104156,0.9753473778574631
E1/B/Linear_SVM,pr,0.17091639622933086,0.9757388619320688
E1/B/Linear_SVM,pr,0.17346623396692937,0.9760869565217392
E1/B/Linear_SVM,pr,0.17614485138824498,0.9764420331239292
E1/B/Linear_SVM,pr,0.17874620099933033,0.9767769176636172
E1/B/Linear_SVM,pr,0.18139906248390253,0.977108768035516
E1/B/Linear_SVM,pr,0.18407767990521814,0.9774343544857768
E1/B/Linear_SVM,pr,0.186524493895843,0.9777237748076144
E1/B/Linear_SVM,pr,0.1891773553804152,0.978029294274301
E1/B/Linear_SVM,pr,0.19195899654870446,0.9783407718561302
E1/B/Linear_SVM,pr,0.19484366146396745,0.9786545924967659
E1/B/Linear_SVM,pr,0.19754803482202649,0.978940650925335
E1/B/Linear_SVM,pr,0.20014938443311184,0.9792086693548387
E1/B/Linear_SVM,pr,0.20259619842373666,0.979454613373179
E1/B/Linear_SVM,pr,0.20522330397156544,0.9797122832902988
E1/B/Linear_SVM,pr,0.2076958738989337,0.979948960991615
E1/B/Linear_SVM,pr,0.21040024725699275,0.9802015838732901
E1/B/Linear_SVM,pr,0.21313037655179518,0.9804502369668247
E1/B/Linear_SVM,pr,0.21588626178334105,0.9806949806949807
E1/B/Linear_SVM,pr,0.21851336733116983,0.980922650017343
E1/B/Linear_SVM,pr,0.22108896100551176,0.9811407017944908
E1/B/Linear_SVM,pr,0.22384484623705764,0.9813685636856369
E1/B/Linear_SVM,pr,0.22672951115232062,0.9816012488849242
E1/B/Linear_SVM,pr,0.22958842013084016,0.9818261923119286
E1/B/Linear_SVM,pr,0.23224128161541235,0.9820300588107166
E1/B/Linear_SVM,pr,0.23489414309998455,0.9822294022617124
E1/B/Linear_SVM,pr,0.23765002833153043,0.982431856899489
E1/B/Linear_SVM,pr,0.2400453304486684,0.9826041117554033
E1/B/Linear_SVM,pr,0.2426981919332406,0.9827909887359199
E1/B/Linear_SVM,pr,0.24514500592386546,0.9829598265000516
E1/B/Linear_SVM,pr,0.24764333178797712,0.9831288343558282
E1/B/Linear_SVM,pr,0.2502704373358059,0.9833029751062538
E1/B/Linear_SVM,pr,0.25297481069386496,0.9834785220787023
E1/B/Linear_SVM,pr,0.25552464843146344,0.9836406900654372
E1/B/Linear_SVM,pr,0.258074486169062,0.9837997054491899
E1/B/Linear_SVM,pr,0.26075310359037757,0.9839634561181845
E1/B/Linear_SVM,pr,0.2634317210116932,0.9841239295679785
E1/B/Linear_SVM,pr,0.2661103384330088,0.9842812232066305
E1/B/Linear_SVM,pr,0.26881471179106786,0.9844368986983588
E1/B/Linear_SVM,pr,0.2713387935919229,0.9845794392523365
E1/B/Linear_SVM,pr,0.27414619069695567,0.9847349431029697
E1/B/Linear_SVM,pr,0.276747540308041,0.9848762603116407
E1/B/Linear_SVM,pr,0.27932313398238295,0.9850136239782016
E1/B/Linear_SVM,pr,0.28213053108741565,0.9851605360194262
E1/B/Linear_SVM,pr,0.2848864163189615,0.9853019775521111
E1/B/Linear_SVM,pr,0.2878483490444547,0.98545101842871
E1/B/Linear_SVM,pr,0.2904239427187967,0.9855781837251989
E1/B/Linear_SVM,pr,0.2931283160768557,0.9857093365667764
E1/B/Linear_SVM,pr,0.295909957245145,0.9858417710657285
E1/B/Linear_SVM,pr,0.2984340390460001,0.9859598366235535
E1/B/Linear_SVM,pr,0.301189924277546,0.9860865165696939
E1/B/Linear_SVM,pr,0.3037912738886313,0.9862040133779264
E1/B/Linear_SVM,pr,0.30657291505692064,0.9863274776267815
E1/B/Linear_SVM,pr,0.3093545562252099,0.9864487516425755
E1/B/Linear_SVM,pr,0.31208468552001234,0.9865657059110894
E1/B/Linear_SVM,pr,0.31496935043527535,0.9866871066645151
E1/B/Linear_SVM,pr,0.3177509916035646,0.986802111662134
E1/B/Linear_SVM,pr,0.32037809715139337,0.9869089178038718
E1/B/Linear_SVM,pr,0.3231854942564261,0.9870211594430898
E1/B/Linear_SVM,pr,0.3258383557409983,0.987125468164794
E1/B/Linear_SVM,pr,0.3284912172255705,0.987228113631086
E1/B/Linear_SVM,pr,0.33124710245711636,0.9873330262551819
E1/B/Linear_SVM,pr,0.33402874362540563,0.9874371859296482
E1/B/Linear_SVM,pr,0.33681038479369496,0.9875396465790666
E1/B/Linear_SVM,pr,0.33946324627826713,0.9876358186586737
E1/B/Linear_SVM,pr,0.341910060268892,0.9877232142857143
E1/B/Linear_SVM,pr,0.34456292175346415,0.9878165842132467
E1/B/Linear_SVM,pr,0.3472415391747798,0.9879094306440976
E1/B/Linear_SVM,pr,0.34981713284912175,0.9879973812468175
E1/B/Linear_SVM,pr,0.3524699943336939,0.988086642599278
E1/B/Linear_SVM,pr,0.3550455880080359,0.9881720430107527
E1/B/Linear_SVM,pr,0.3577757173028383,0.9882612407512806
E1/B/Linear_SVM,pr,0.3604543347241539,0.9883474576271186
E1/B/Linear_SVM,pr,0.36339051151290375,0.9884405212274064
E1/B/Linear_SVM,pr,0.3661463967444496,0.9885265280578541
E1/B/Linear_SVM,pr,0.36877350229227834,0.9886073327349306
E1/B/Linear_SVM,pr,0.3715808993973111,0.9886924342105263
E1/B/Linear_SVM,pr,0.37402771338793595,0.9887655749982979
E1/B/Linear_SVM,pr,0.37662906299902127,0.988842304571274
E1/B/Linear_SVM,pr,0.3791789007366198,0.9889165043326392
E1/B/Linear_SVM,pr,0.38178025034770513,0.9889911929543634
E1/B/Linear_SVM,pr,0.3843558440220471,0.9890641569459173
E1/B/Linear_SVM,pr,0.38711172925359294,0.9891411648568608
E1/B/Linear_SVM,pr,0.3900221501055993,0.9892213221844787
E1/B/Linear_SVM,pr,0.39300983876783596,0.9893023858921162
E1/B/Linear_SVM,pr,0.39604903930355945,0.9893836057135503
E1/B/Linear_SVM,pr,0.3988564364085922,0.989457542649032
E1/B/Linear_SVM,pr,0.4014577860196775,0.9895251396648045
E1/B/Linear_SVM,pr,0.40431669499819706,0.9895984366135031
E1/B/Linear_SVM,pr,0.4069953124195127,0.9896661865096762
E1/B/Linear_SVM,pr,0.4098027095245454,0.9897362527992037
E1/B/Linear_SVM,pr,0.41266161850306493,0.9898066349539754
E1/B/Linear_SVM,pr,0.4155977952918148,0.9898779215999018
E1/B/Linear_SVM,pr,0.41837943646010406,0.9899445426290451
E1/B/Linear_SVM,pr,0.42105805388141965,0.9900078725852359
E1/B/Linear_SVM,pr,0.4237624272394787,0.990071007341437
E1/B/Linear_SVM,pr,0.42636377685056404,0.9901309886954961
E1/B/Linear_SVM,pr,0.4291969298923402,0.990195495870224
E1/B/Linear_SVM,pr,0.43182403544016895,0.9902545626365837
E1/B/Linear_SVM,pr,0.43445114098799775,0.9903129219749898
E1/B/Linear_SVM,pr,0.4373358059032607,0.9903762029746281
E1/B/Linear_SVM,pr,0.44006593519806314,0.9904353370819083
E1/B/Linear_SVM,pr,0.4427960644928656,0.9904937489197442
E1/B/Linear_SVM,pr,0.44550043785092464,0.9905509105486199
E1/B/Linear_SVM,pr,0.44843661463967444,0.9906121984524351
E1/B/Linear_SVM,pr,0.45119249987122034,0.9906690041282588
E1/B/Linear_SVM,pr,0.4538196054190491,0.9907225189766657
E1/B/Linear_SVM,pr,0.4566527584608252,0.9907795473595976
E1/B/Linear_SVM,pr,0.45935713181888427,0.9908333333333333
E1/B/Linear_SVM,pr,0.4620872611136867,0.9908869987849331
E1/B/Linear_SVM,pr,0.46479163447174576,0.9909395420350338
E1/B/Linear_SVM,pr,0.46749600782980477,0.990991482856519
E1/B/Linear_SVM,pr,0.47040642868181115,0.9910467198437246
E1/B/Linear_SVM,pr,0.47323958172358727,0.9910998435730083
E1/B/Linear_SVM,pr,0.4759954669551332,0.9911509170867746
E1/B/Linear_SVM,pr,0.478751352186679,0.9912014077747561
E1/B/Linear_SVM,pr,0.4814557255447381,0.991250397709195
E1/B/Linear_SVM,pr,0.48410858702931026,0.9912979273245082
E1/B/Linear_SVM,pr,0.48689022819759953,0.991347212753684
E1/B/Linear_SVM,pr,0.4894658218719415,0.99139235223538
E1/B/Linear_SVM,pr,0.4921959511667439,0.9914396887159533
E1/B/Linear_SVM,pr,0.4950548601452635,0.9914887031878675
E1/B/Linear_SVM,pr,0.4977592335033225,0.9915345544097276
E1/B/Linear_SVM,pr,0.5006438984185855,0.9915829209814824
E1/B/Linear_SVM,pr,0.5033482717766445,0.9916277653744672
E1/B/Linear_SVM,pr,0.5061556688816772,0.9916738154110107
E1/B/Linear_SVM,pr,0.5091433575439138,0.9917222696031707
E1/B/Linear_SVM,pr,0.5117704630917427,0.9917644122785126
E1/B/Linear_SVM,pr,0.514552104260032,0.991808568733555
E1/B/Linear_SVM,pr,0.5174367691752949,0.9918538632436436
E1/B/Linear_SVM,pr,0.520141142533354,0.9918958742632613
E1/B/Linear_SVM,pr,0.5229742955751301,0.9919394235466537
E1/B/Linear_SVM,pr,0.5257816926801627,0.9919821176927937
E1/B/Linear_SVM,pr,0.5287693813423994,0.9920270596762503
E1/B/Linear_SVM,pr,0.5313964868902282,0.9920661633889504
E1/B/Linear_SVM,pr,0.5342553958687477,0.9921082839104649
E1/B/Linear_SVM,pr,0.5368825014165766,0.9921465968586387
E1/B/Linear_SVM,pr,0.539612630711379,0.9921860200795605
E1/B/Linear_SVM,pr,0.542497295626642,0.9922272470322216
E1/B/Linear_SVM,pr,0.5453304486684181,0.9922673165245103
E1/B/Linear_SVM,pr,0.5480348220264771,0.9923051811780068
E1/B/Linear_SVM,pr,0.5508679750682532,0.9923444532083701
E1/B/Linear_SVM,pr,0.5536238602997992,0.9923822714681441
E1/B/Linear_SVM,pr,0.5565342811518055,0.9924218068249667
E1/B/Linear_SVM,pr,0.5593159223200947,0.9924592111877885
E1/B/Linear_SVM,pr,0.5622263431721012,0.9924979539874511
E1/B/Linear_SVM,pr,0.5648792046566734,0.9925329230212246
E1/B/Linear_SVM,pr,0.567686601761706,0.9925695757903269
E1/B/Linear_SVM,pr,0.5703394632462783,0.9926038818414092
E1/B/Linear_SVM,pr,0.5729923247308505,0.992637872568267
E1/B/Linear_SVM,pr,0.5755164065317055,0.9926699244780097
E1/B/Linear_SVM,pr,0.5783238036367383,0.9927052478005217
E1/B/Linear_SVM,pr,0.5810281769947973,0.9927389544094349
E1/B/Linear_SVM,pr,0.5836295266058826,0.9927710843373494
E1/B/Linear_SVM,pr,0.5865141915211456,0.9928063827004403
E1/B/Linear_SVM,pr,0.5892700767526915,0.9928397847595903
E1/B/Linear_SVM,pr,0.5918971823005202,0.9928713384602091
E1/B/Linear_SVM,pr,0.5948591150260135,0.9929065818322514
E1/B/Linear_SVM,pr,0.597718024004533,0.9929402704090364
E1/B/Linear_SVM,pr,0.6004739092360789,0.9929724434601133
E1/B/Linear_SVM,pr,0.603307062277855,0.9930052142947984
E1/B/Linear_SVM,pr,0.6062689950033483,0.9930391495106311
E1/B/Linear_SVM,pr,0.6090248802348941,0.9930704296333628
E1/B/Linear_SVM,pr,0.6118322773399268,0.9931020066889632
E1/B/Linear_SVM,pr,0.6147684541286766,0.9931347258051094
E1/B/Linear_SVM,pr,0.617369803739762,0.9931634555624611
E1/B/Linear_SVM,pr,0.6202287127182816,0.9931947537738184
E1/B/Linear_SVM,pr,0.6229073301395972,0.993223819301848
E1/B/Linear_SVM,pr,0.6255086797506826,0.9932518097419328
E1/B/Linear_SVM,pr,0.6281872971719982,0.9932803909590715
E1/B/Linear_SVM,pr,0.6310977180240045,0.9933111723690611
E1/B/Linear_SVM,pr,0.6340081388760109,0.9933416730559703
E1/B/Linear_SVM,pr,0.63671251223407,0.9933697661335691
E1/B/Linear_SVM,pr,0.6395456652758461,0.993398943831013
E1/B/Linear_SVM,pr,0.6423788183176222,0.993427865848801
E1/B/Linear_SVM,pr,0.6449801679287076,0.9934541992303725
E1/B/Linear_SVM,pr,0.6477618090969969,0.9934821252222003
E1/B/Linear_SVM,pr,0.6506207180755164,0.9935105797215449
E1/B/Linear_SVM,pr,0.6533508473703189,0.9935375215415949
E1/B/Linear_SVM,pr,0.6561067326018647,0.993564491594836
E1/B/Linear_SVM,pr,0.6587595940864369,0.9935902416284671
E1/B/Linear_SVM,pr,0.6614897233812393,0.9936165273909007
E1/B/Linear_SVM,pr,0.6642456086127853,0.9936428433827779
E1/B/Linear_SVM,pr,0.6670787616545614,0.9936696719739114
E1/B/Linear_SVM,pr,0.6700149384433112,0.9936972382443944
E1/B/Linear_SVM,pr,0.6725647761809097,0.9937209833320648
E1/B/Linear_SVM,pr,0.6753979292226858,0.9937471577989996
E1/B/Linear_SVM,pr,0.6784113738216659,0.9937747594793436
E1/B/Linear_SVM,pr,0.6810127234327512,0.9937983913402991
E1/B/Linear_SVM,pr,0.6836913408540669,0.9938225383751405
E1/B/Linear_SVM,pr,0.6865760057693299,0.9938483334576095
E1/B/Linear_SVM,pr,0.6892031113171586,0.9938716386866736
E1/B/Linear_SVM,pr,0.6919847524854479,0.9938961231133472
E1/B/Linear_SVM,pr,0.6947663936537372,0.9939204126750184
E1/B/Linear_SVM,pr,0.6975480348220264,0.9939445096887844
E1/B/Linear_SVM,pr,0.700097872559625,0.9939664314184371
E1/B/Linear_SVM,pr,0.7029310256014011,0.9939906034890921
E1/B/Linear_SVM,pr,0.7055838870859733,0.9940130624092888
E1/B/Linear_SVM,pr,0.7081852366970587,0.9940349228155164
E1/B/Linear_SVM,pr,0.7108896100551177,0.9940574803716776
E1/B/Linear_SVM,pr,0.7137485190336372,0.9940811421602037
E1/B/Linear_SVM,pr,0.7165301602019265,0.9941039842772914
E1/B/Linear_SVM,pr,0.719079997939525,0.9941247685514883
E1/B/Linear_SVM,pr,0.7218616391078143,0.9941472758229285
E1/B/Linear_SVM,pr,0.7245660124658734,0.994168993179489
E1/B/Linear_SVM,pr,0.7271931180137021,0.9941899362653615
E1/B/Linear_SVM,pr,0.7298974913717612,0.9942113387594723
E1/B/Linear_SVM,pr,0.7327821562870241,0.9942339949678501
E1/B/Linear_SVM,pr,0.7353835058981095,0.9942542744715673
E1/B/Linear_SVM,pr,0.7379848555091949,0.9942744118259421
E1/B/Linear_SVM,pr,0.7406119610570236,0.9942946058091287
E1/B/Linear_SVM,pr,0.743213310668109,0.9943144619413529
E1/B/Linear_SVM,pr,0.7457373924689641,0.994333596620763
E1/B/Linear_SVM,pr,0.7484160098902797,0.9943537624473874
E1/B/Linear_SVM,pr,0.7510431154381085,0.9943734015345268
E1/B/Linear_SVM,pr,0.7538247566063978,0.9943940474977067
E1/B/Linear_SVM,pr,0.7564518621542266,0.994413407821229
E1/B/Linear_SVM,pr,0.7592077473857725,0.9944335739828621
E1/B/Linear_SVM,pr,0.7618606088703446,0.994452849218356
E1/B/Linear_SVM,pr,0.764642250038634,0.9944729172947443
E1/B/Linear_SVM,pr,0.7672178437129759,0.9944913698127066
E1/B/Linear_SVM,pr,0.7699737289445218,0.9945109780439122
E1/B/Linear_SVM,pr,0.7726781023025807,0.9945300845350572
E1/B/Linear_SVM,pr,0.7753309637871529,0.9945486982952293
E1/B/Linear_SVM,pr,0.7782156287024159,0.9945687952600395
E1/B/Linear_SVM,pr,0.7808684901869881,0.9945871469343569
E1/B/Linear_SVM,pr,0.7835728635450472,0.9946057277363672
E1/B/Linear_SVM,pr,0.7861999690928759,0.9946236559139785
E1/B/Linear_SVM,pr,0.7887498068304745,0.9946409431939979
E1/B/Linear_SVM,pr,0.7913511564415597,0.9946584655228229
E1/B/Linear_SVM,pr,0.7937722144954412,0.9946746707978311
E1/B/Linear_SVM,pr,0.7965023437902436,0.9946928272756513
E1/B/Linear_SVM,pr,0.7991552052748159,0.994710351681467
E1/B/Linear_SVM,pr,0.8019368464431051,0.9947286029200345
E1/B/Linear_SVM,pr,0.8044094163704734,0.9947447208332006
E1/B/Linear_SVM,pr,0.8068819862978417,0.9947607404820119
E1/B/Linear_SVM,pr,0.8094575799721836,0.9947773240907796
E1/B/Linear_SVM,pr,0.8119301498995518,0.9947931458865853
E1/B/Linear_SVM,pr,0.8145572554473807,0.9948098518448617
E1/B/Linear_SVM,pr,0.8172616288054396,0.9948269375470279
E1/B/Linear_SVM,pr,0.819862978416525,0.9948432665562397
E1/B/Linear_SVM,pr,0.8223613042806367,0.9948278548060445
E1/B/Linear_SVM,pr,0.8250141657652089,0.9948444002733089
E1/B/Linear_SVM,pr,0.8275124916293206,0.9948598854311813
E1/B/Linear_SVM,pr,0.8300365734301757,0.9948754360509987
E1/B/Linear_SVM,pr,0.8324833874208005,0.9948904210785521
E1/B/Linear_SVM,pr,0.8349559573481687,0.9949054750797938
E1/B/Linear_SVM,pr,0.8375315510225106,0.9949210622934769
E1/B/Linear_SVM,pr,0.840132900633596,0.9949367088607595
E1/B/Linear_SVM,pr,0.8426054705609644,0.9949514917429518
E1/B/Linear_SVM,pr,0.8452068201720496,0.9949669516706082
E1/B/Linear_SVM,pr,0.8476536341626745,0.9949814070199837
E1/B/Linear_SVM,pr,0.8501262040900428,0.994995930425346
E1/B/Linear_SVM,pr,0.8526760418276412,0.9950108199086318
E1/B/Linear_SVM,pr,0.8551228558182661,0.9950250247250277
E1/B/Linear_SVM,pr,0.8575439138721476,0.9950390006275963
E1/B/Linear_SVM,pr,0.8600422397362593,0.9950533404851303
E1/B/Linear_SVM,pr,0.8625405656003708,0.9950675976823652
E1/B/Linear_SVM,pr,0.8651161592747129,0.9950822100429566
E1/B/Linear_SVM,pr,0.8676144851388246,0.9950963015479144
E1/B/Linear_SVM,pr,0.8700355431927059,0.9951098803982796
E1/B/Linear_SVM,pr,0.8726111368670478,0.9951242436703284
E1/B/Linear_SVM,pr,0.8750579508576727,0.9951378108432676
E1/B/Linear_SVM,pr,0.8774790089115541,0.9951511610924493
E1/B/Linear_SVM,pr,0.8799773347756658,0.9951648607712921
E1/B/Linear_SVM,pr,0.8825271725132643,0.995178763323749
E1/B/Linear_SVM,pr,0.8849739865038891,0.995192029195389
E1/B/Linear_SVM,pr,0.8874980683047442,0.9952056377079482
E1/B/Linear_SVM,pr,0.889944882295369,0.9952187563005847
E1/B/Linear_SVM,pr,0.8924174522227374,0.995231940255637
E1/B/Linear_SVM,pr,0.8948127543398754,0.9952446430617623
E1/B/Linear_SVM,pr,0.8971565445835264,0.995257007343067
E1/B/Linear_SVM,pr,0.8995776026374079,0.9952697119083578
E1/B/Linear_SVM,pr,0.9020759285015196,0.995282750781472
E1/B/Linear_SVM,pr,0.9043424509349405,0.9952945178298089
E1/B/Linear_SVM,pr,0.9068665327357956,0.995307553143374
E1/B/Linear_SVM,pr,0.9093133467264204,0.9953201206619492
E1/B/Linear_SVM,pr,0.9116313810333282,0.9953319647928911
E1/B/Linear_SVM,pr,0.9139751712769794,0.9953438797262426
E1/B/Linear_SVM,pr,0.9163962293308607,0.9953561237620993
E1/B/Linear_SVM,pr,0.9188172873847422,0.9953683035714286
E1/B/Linear_SVM,pr,0.9212125895018802,0.99538029109732
E1/B/Linear_SVM,pr,0.9236336475557616,0.995392344630416
E1/B/Linear_SVM,pr,0.9260289496728996,0.9954042081949058
E1/B/Linear_SVM,pr,0.9284242517900376,0.9954160108248419
E1/B/Linear_SVM,pr,0.931025601401123,0.9954287602577518
E1/B/Linear_SVM,pr,0.9333436357080307,0.9954400615316998
E1/B/Linear_SVM,pr,0.9356101581414517,0.9954510577660857
E1/B/Linear_SVM,pr,0.9379539483851028,0.9954623732334691
E1/B/Linear_SVM,pr,0.9403750064389842,0.9954740027810345
E1/B/Linear_SVM,pr,0.9426672848091485,0.9954849589294457
E1/B/Linear_SVM,pr,0.9449595631793128,0.9954958621625288
E1/B/Linear_SVM,pr,0.9473548652964509,0.9955071993071344
E1/B/Linear_SVM,pr,0.9495956317931283,0.9955177534764412
E1/B/Linear_SVM,pr,0.9518106423530623,0.9955281377118074
E1/B/Linear_SVM,pr,0.9541544325967135,0.9955390734171773
E1/B/Linear_SVM,pr,0.9564724669036213,0.9955498364698944
E1/B/Linear_SVM,pr,0.9588162571472725,0.9955606664348943
E1/B/Linear_SVM,pr,0.9611600473909236,0.9955714438160281
E1/B/Linear_SVM,pr,0.9635038376345748,0.9955821689953427
E1/B/Linear_SVM,pr,0.9657961160047391,0.9955926083262532
E1/B/Linear_SVM,pr,0.9680111265646731,0.9955762761251358
E1/B/Linear_SVM,pr,0.9703291608715809,0.9955867973890753
E1/B/Linear_SVM,pr,0.9725956833050018,0.995597036568325
E1/B/Linear_SVM,pr,0.974939473548653,0.9956075749605471
E1/B/Linear_SVM,pr,0.9773090197290475,0.9956181780016793
E1/B/Linear_SVM,pr,0.9796785659094421,0.9956287299759188
E1/B/Linear_SVM,pr,0.9819708442796065,0.9956388896142898
E1/B/Linear_SVM,pr,0.9841858548395405,0.9956486620287136
E1/B/Linear_SVM,pr,0.9864523772729614,0.9956586164764604
E1/B/Linear_SVM,pr,0.9886931437696389,0.9956684131348239
E1/B/Linear_SVM,pr,0.990908154329573,0.9956780538302278
E1/B/Linear_SVM,pr,0.9930716530160202,0.9956617172369271
E1/B/Linear_SVM,pr,0.9952609076392108,0.9956712187580521
E1/B/Linear_SVM,pr,0.9968577757173028,0.9950893431032266
E1/B/Linear_SVM,pr,0.997604697882862,0.9936634171369934
E1/B/Linear_SVM,pr,0.9979652809972699,0.9918597209778575
E1/B/Linear_SVM,pr,0.9981713284912173,0.9899106002554279
E1/B/Linear_SVM,pr,0.9985061556688817,0.9880973620491907
E1/B/Linear_SVM,pr,0.998712203162829,0.9861648016276704
E1/B/Linear_SVM,pr,0.9988667387832896,0.9841898236264434
E1/B/Linear_SVM,pr,0.9992530778344408,0.9824512534818941
E1/B/Linear_SVM,pr,0.9994076134549014,0.9804927353126974
E1/B/Linear_SVM,pr,0.9995879050121053,0.9785678265254665
E1/B/Linear_SVM,pr,0.9997681965693093,0.9766511510881872
E1/B/Linear_SVM,pr,1.0,0.9747928696962089
E1/B/Linear_SVM,pr,1.0,0.97271702367531
E1/B/Linear_SVM,pr,1.0,0.97065
E1/B/Logistic_Regression,roc,0.0,0.0
E1/B/Logistic_Regression,roc,0.34667802385008517,0.9370782465358265
E1/B/Logistic_Regression,roc,0.3543441226575809,0.9833101529902643
E1/B/Logistic_Regression,roc,0.3577512776831346,0.9902384999742441
E1/B/Logistic_Regression,roc,0.3594548551959114,0.9919383917993098
E1/B/Logistic_Regression,roc,0.36030664395229983,0.992814093648586
E1/B/Logistic_Regression,roc,0.36030664395229983,0.9933292123834544
E1/B/Logistic_Regression,roc,0.36115843270868825,0.9936897954978623
E1/B/Logistic_Regression,roc,0.36115843270868825,0.9940246226755267
E1/B/Logistic_Regression,roc,0.36115843270868825,0.9941534023592438
E1/B/Logistic_Regression,roc,0.36115843270868825,0.994410961726678
E1/B/Logistic_Regression,roc,0.36201022146507666,0.994591253283882
E1/B/Logistic_Regression,roc,0.36201022146507666,0.9946685210941122
E1/B/Logistic_Regression,roc,0.3637137989778535,0.9947715448410859
E1/B/Logistic_Regression,roc,0.3645655877342419,0.9947715448410859
E1/B/Logistic_Regression,roc,0.3645655877342419,0.9949003245248029
E1/B/Logistic_Regression,roc,0.3645655877342419,0.9949260804615464
E1/B/Logistic_Regression,roc,0.36541737649063033,0.9950548601452635
E1/B/Logistic_Regression,roc,0.36541737649063033,0.995209395765724
E1/B/Logistic_Regression,roc,0.36541737649063033,0.9953124195126977
E1/B/Logistic_Regression,roc,0.36541737649063033,0.995389687322928
E1/B/Logistic_Regression,roc,0.36541737649063033,0.9954154432596714
E1/B/Logistic_Regression,roc,0.36541737649063033,0.9954669551331582
E1/B/Logistic_Regression,roc,0.36541737649063033,0.9954927110699016
E1/B/Logistic_Regression,roc,0.36626916524701875,0.995518467006645
E1/B/Logistic_Regression,roc,0.36626916524701875,0.9955442229433884
E1/B/Logistic_Regression,roc,0.36712095400340716,0.9956214907536187
E1/B/Logistic_Regression,roc,0.36712095400340716,0.9956730026271056
E1/B/Logistic_Regression,roc,0.36712095400340716,0.9957245145005924
E1/B/Logistic_Regression,roc,0.36712095400340716,0.9957760263740792
E1/B/Logistic_Regression,roc,0.36712095400340716,0.9958017823108226
E1/B/Logistic_Regression,roc,0.36712095400340716,0.9958532941843095
E1/B/Logistic_Regression,roc,0.36712095400340716,0.9958790501210529
E1/B/Logistic_Regression,roc,0.368824531516184,0.9958790501210529
E1/B/Logistic_Regression,roc,0.3696763202725724,0.9959048060577963
E1/B/Logistic_Regression,roc,0.37052810902896083,0.9959820738680266
E1/B/Logistic_Regression,roc,0.37052810902896083,0.9960850976150003
E1/B/Logistic_Regression,roc,0.37052810902896083,0.9961366094884871
E1/B/Logistic_Regression,roc,0.37052810902896083,0.996188121361974
E1/B/Logistic_Regression,roc,0.37052810902896083,0.9962911451089476
E1/B/Logistic_Regression,roc,0.37137989778534924,0.9962911451089476
E1/B/Logistic_Regression,roc,0.37137989778534924,0.996316901045691
E1/B/Logistic_Regression,roc,0.37223168654173766,0.996316901045691
E1/B/Logistic_Regression,roc,0.37223168654173766,0.9963426569824344
E1/B/Logistic_Regression,roc,0.37223168654173766,0.9964971926028949
E1/B/Logistic_Regression,roc,0.37223168654173766,0.9965229485396384
E1/B/Logistic_Regression,roc,0.37223168654173766,0.9965744604131253
E1/B/Logistic_Regression,roc,0.37223168654173766,0.9966774841600989
E1/B/Logistic_Regression,roc,0.3730834752981261,0.9966774841600989
E1/B/Logistic_Regression,roc,0.3730834752981261,0.9967547519703291
E1/B/Logistic_Regression,roc,0.3730834752981261,0.996806263843816
E1/B/Logistic_Regression,roc,0.3730834752981261,0.9968835316540463
E1/B/Logistic_Regression,roc,0.3739352640545145,0.9969092875907897
E1/B/Logistic_Regression,roc,0.3739352640545145,0.9969607994642765
E1/B/Logistic_Regression,roc,0.3747870528109029,0.9969607994642765
E1/B/Logistic_Regression,roc,0.3747870528109029,0.9970380672745067
E1/B/Logistic_Regression,roc,0.3747870528109029,0.9971926028949673
E1/B/Logistic_Regression,roc,0.3747870528109029,0.9972441147684541
E1/B/Logistic_Regression,roc,0.3747870528109029,0.9972956266419409
E1/B/Logistic_Regression,roc,0.3756388415672913,0.9972956266419409
E1/B/Logistic_Regression,roc,0.3756388415672913,0.9976304538196055
E1/B/Logistic_Regression,roc,0.37649063032367974,0.9976304538196055
E1/B/Logistic_Regression,roc,0.37734241908006816,0.9976562097563488
E1/B/Logistic_Regression,roc,0.37734241908006816,0.997733477566579
E1/B/Logistic_Regression,roc,0.37734241908006816,0.9977849894400659
E1/B/Logistic_Regression,roc,0.37734241908006816,0.997913769123783
E1/B/Logistic_Regression,roc,0.3781942078364566,0.997913769123783
E1/B/Logistic_Regression,roc,0.3781942078364566,0.9979910369340133
E1/B/Logistic_Regression,roc,0.379045996592845,0.9979910369340133
E1/B/Logistic_Regression,roc,0.379045996592845,0.9980683047442436
E1/B/Logistic_Regression,roc,0.3798977853492334,0.9980683047442436
E1/B/Logistic_Regression,roc,0.3798977853492334,0.9981198166177304
E1/B/Logistic_Regression,roc,0.3807495741056218,0.9981198166177304
E1/B/Logistic_Regression,roc,0.3807495741056218,0.9981455725544738
E1/B/Logistic_Regression,roc,0.38160136286201024,0.9981455725544738
E1/B/Logistic_Regression,roc,0.38160136286201024,0.9981713284912173
E1/B/Logistic_Regression,roc,0.38245315161839866,0.9981713284912173
E1/B/Logistic_Regression,roc,0.38245315161839866,0.9981970844279606
E1/B/Logistic_Regression,roc,0.3841567291311755,0.9981970844279606
E1/B/Logistic_Regression,roc,0.3841567291311755,0.9982485963014475
E1/B/Logistic_Regression,roc,0.3858603066439523,0.9982485963014475
E1/B/Logistic_Regression,roc,0.3858603066439523,0.9982743522381909
E1/B/Logistic_Regression,roc,0.38671209540034074,0.9982743522381909
E1/B/Logistic_Regression,roc,0.38671209540034074,0.998403131921908
E1/B/Logistic_Regression,roc,0.38841567291311757,0.998403131921908
E1/B/Logistic_Regression,roc,0.38841567291311757,0.9984288878586515
E1/B/Logistic_Regression,roc,0.39182282793867124,0.9984288878586515
E1/B/Logistic_Regression,roc,0.39182282793867124,0.9984546437953948
E1/B/Logistic_Regression,roc,0.3969335604770017,0.9984546437953948
E1/B/Logistic_Regression,roc,0.3986371379897785,0.9984546437953948
E1/B/Logistic_Regression,roc,0.4131175468483816,0.9984546437953948
E1/B/Logistic_Regression,roc,0.4131175468483816,0.9984803997321383
E1/B/Logistic_Regression,roc,0.41396933560477,0.9984803997321383
E1/B/Logistic_Regression,roc,0.41396933560477,0.9985061556688817
E1/B/Logistic_Regression,roc,0.41567291311754684,0.9985061556688817
E1/B/Logistic_Regression,roc,0.41567291311754684,0.998531911605625
E1/B/Logistic_Regression,roc,0.424190800681431,0.998531911605625
E1/B/Logistic_Regression,roc,0.424190800681431,0.9985576675423685
E1/B/Logistic_Regression,roc,0.43100511073253833,0.9985576675423685
E1/B/Logistic_Regression,roc,0.43100511073253833,0.9985834234791119
E1/B/Logistic_Regression,roc,0.4335604770017036,0.9985834234791119
E1/B/Logistic_Regression,roc,0.4335604770017036,0.9986349353525987
E1/B/Logistic_Regression,roc,0.43611584327086883,0.9986349353525987
E1/B/Logistic_Regression,roc,0.43611584327086883,0.9986606912893422
E1/B/Logistic_Regression,roc,0.4386712095400341,0.9986606912893422
E1/B/Logistic_Regression,roc,0.4386712095400341,0.9986864472260856
E1/B/Logistic_Regression,roc,0.4403747870528109,0.9986864472260856
E1/B/Logistic_Regression,roc,0.4403747870528109,0.9987379590995724
E1/B/Logistic_Regression,roc,0.444633730834753,0.9987379590995724
E1/B/Logistic_Regression,roc,0.444633730834753,0.9987637150363159
E1/B/Logistic_Regression,roc,0.4463373083475298,0.9987637150363159
E1/B/Logistic_Regression,roc,0.4463373083475298,0.9987894709730593
E1/B/Logistic_Regression,roc,0.4514480408858603,0.9987894709730593
E1/B/Logistic_Regression,roc,0.4514480408858603,0.9988152269098027
E1/B/Logistic_Regression,roc,0.4778534923339012,0.9988152269098027
E1/B/Logistic_Regression,roc,0.4778534923339012,0.9988409828465461
E1/B/Logistic_Regression,roc,0.4889267461669506,0.9988409828465461
E1/B/Logistic_Regression,roc,0.4889267461669506,0.9988667387832896
E1/B/Logistic_Regression,roc,0.49829642248722317,0.9988667387832896
E1/B/Logistic_Regression,roc,0.49829642248722317,0.9988924947200329
E1/B/Logistic_Regression,roc,0.5161839863713799,0.9988924947200329
E1/B/Logistic_Regression,roc,0.5161839863713799,0.9989182506567764
E1/B/Logistic_Regression,roc,0.5178875638841567,0.9989182506567764
E1/B/Logistic_Regression,roc,0.5178875638841567,0.9989440065935198
E1/B/Logistic_Regression,roc,0.5187393526405452,0.9989440065935198
E1/B/Logistic_Regression,roc,0.5187393526405452,0.9989697625302633
E1/B/Logistic_Regression,roc,0.5323679727427598,0.9989697625302633
E1/B/Logistic_Regression,roc,0.5323679727427598,0.9989955184670066
E1/B/Logistic_Regression,roc,0.5417376490630323,0.9989955184670066
E1/B/Logistic_Regression,roc,0.5417376490630323,0.9990212744037501
E1/B/Logistic_Regression,roc,0.5459965928449745,0.9990212744037501
E1/B/Logistic_Regression,roc,0.5459965928449745,0.9990470303404935
E1/B/Logistic_Regression,roc,0.5545144804088586,0.9990470303404935
E1/B/Logistic_Regression,roc,0.5545144804088586,0.999072786277237
E1/B/Logistic_Regression,roc,0.5868824531516184,0.999072786277237
E1/B/Logistic_Regression,roc,0.5868824531516184,0.9990985422139803
E1/B/Logistic_Regression,roc,0.5885860306643952,0.9990985422139803
E1/B/Logistic_Regression,roc,0.5885860306643952,0.9991242981507238
E1/B/Logistic_Regression,roc,0.5928449744463373,0.9991242981507238
E1/B/Logistic_Regression,roc,0.5928449744463373,0.9991500540874672
E1/B/Logistic_Regression,roc,0.596252129471891,0.9991500540874672
E1/B/Logistic_Regression,roc,0.596252129471891,0.9991758100242106
E1/B/Logistic_Regression,roc,0.6183986371379898,0.9991758100242106
E1/B/Logistic_Regression,roc,0.6183986371379898,0.999201565960954
E1/B/Logistic_Regression,roc,0.6243611584327087,0.999201565960954
E1/B/Logistic_Regression,roc,0.6243611584327087,0.9992273218976975
E1/B/Logistic_Regression,roc,0.6260647359454855,0.9992273218976975
E1/B/Logistic_Regression,roc,0.6260647359454855,0.9992530778344408
E1/B/Logistic_Regression,roc,0.6345826235093697,0.9992530778344408
E1/B/Logistic_Regression,roc,0.6345826235093697,0.9992788337711842
E1/B/Logistic_Regression,roc,0.6507666098807495,0.9992788337711842
E1/B/Logistic_Regression,roc,0.6507666098807495,0.9993045897079277
E1/B/Logistic_Regression,roc,0.6533219761499148,0.9993045897079277
E1/B/Logistic_Regression,roc,0.6533219761499148,0.999330345644671
E1/B/Logistic_Regression,roc,0.6550255536626917,0.999330345644671
E1/B/Logistic_Regression,roc,0.6550255536626917,0.9993561015814145
E1/B/Logistic_Regression,roc,0.6635434412265758,0.9993561015814145
E1/B/Logistic_Regression,roc,0.6635434412265758,0.9993818575181579
E1/B/Logistic_Regression,roc,0.6856899488926746,0.9993818575181579
E1/B/Logistic_Regression,roc,0.6856899488926746,0.9994076134549014
E1/B/Logistic_Regression,roc,0.721465076660988,0.9994076134549014
E1/B/Logistic_Regression,roc,0.721465076660988,0.9994333693916447
E1/B/Logistic_Regression,roc,0.7257240204429302,0.9994333693916447
E1/B/Logistic_Regression,roc,0.7257240204429302,0.9994591253283882
E1/B/Logistic_Regression,roc,0.7470187393526405,0.9994591253283882
E1/B/Logistic_Regression,roc,0.7470187393526405,0.9994848812651316
E1/B/Logistic_Regression,roc,0.7487223168654173,0.9994848812651316
E1/B/Logistic_Regression,roc,0.7487223168654173,0.999510637201875
E1/B/Logistic_Regression,roc,0.7529812606473595,0.999510637201875
E1/B/Logistic_Regression,roc,0.7529812606473595,0.9995363931386184
E1/B/Logistic_Regression,roc,0.7674616695059625,0.9995363931386184
E1/B/Logistic_Regression,roc,0.7674616695059625,0.9995621490753619
E1/B/Logistic_Regression,roc,0.7691652470187393,0.9995621490753619
E1/B/Logistic_Regression,roc,0.7691652470187393,0.9995879050121053
E1/B/Logistic_Regression,roc,0.7717206132879046,0.9995879050121053
E1/B/Logistic_Regression,roc,0.7717206132879046,0.9996136609488487
E1/B/Logistic_Regression,roc,0.772572402044293,0.9996136609488487
E1/B/Logistic_Regression,roc,0.772572402044293,0.9996651728223356
E1/B/Logistic_Regression,roc,0.8049403747870528,0.9996651728223356
E1/B/Logistic_Regression,roc,0.8049403747870528,0.999690928759079
E1/B/Logistic_Regression,roc,0.8057921635434412,0.999690928759079
E1/B/Logistic_Regression,roc,0.8057921635434412,0.9997166846958224
E1/B/Logistic_Regression,roc,0.8219761499148212,0.9997166846958224
E1/B/Logistic_Regression,roc,0.823679727427598,0.9997166846958224
E1/B/Logistic_Regression,roc,0.8287904599659285,0.9997166846958224
E1/B/Logistic_Regression,roc,0.8304940374787053,0.9997166846958224
E1/B/Logistic_Regression,roc,0.833901192504259,0.9997166846958224
E1/B/Logistic_Regression,roc,0.8356047700170358,0.9997166846958224
E1/B/Logistic_Regression,roc,0.8373083475298126,0.9997166846958224
E1/B/Logistic_Regression,roc,1.0,1.0
E1/B/Logistic_Regression,pr,0.0,1.0
E1/B/Logistic_Regression,pr,0.9370782465358265,0.9889372111986953
E1/B/Logistic_Regression,pr,0.9902384999742441,0.989193917719402
E1/B/Logistic_Regression,pr,0.992814093648586,0.9891454965357968
E1/B/Logistic_Regression,pr,0.9936897954978623,0.9891295987693886
E1/B/Logistic_Regression,pr,0.9940246226755267,0.9891332205648675
E1/B/Logistic_Regression,pr,0.994410961726678,0.9891373965618835
E1/B/Logistic_Regression,pr,0.9946685210941122,0.9891148447904928
E1/B/Logistic_Regression,pr,0.9947715448410859,0.9890399733681596
E1/B/Logistic_Regression,pr,0.9949260804615464,0.9890416570653148
E1/B/Logistic_Regression,pr,0.9950548601452635,0.9890177405729207
E1/B/Logistic_Regression,pr,0.9953124195126977,0.989020551275817
E1/B/Logistic_Regression,pr,0.9954154432596714,0.9890216751541828
E1/B/Logistic_Regression,pr,0.9954927110699016,0.9890225179119755
E1/B/Logistic_Regression,pr,0.9955442229433884,0.9889977739682215
E1/B/Logistic_Regression,pr,0.9956214907536187,0.9889733159362448
E1/B/Logistic_Regression,pr,0.9956987585638489,0.9889741621898184
E1/B/Logistic_Regression,pr,0.9957760263740792,0.9889750083135088
E1/B/Logistic_Regression,pr,0.9958532941843095,0.988975854307346
E1/B/Logistic_Regression,pr,0.9958790501210529,0.9889761362764407
E1/B/Logistic_Regression,pr,0.9958790501210529,0.9889255479679787
E1/B/Logistic_Regression,pr,0.9959820738680266,0.9888761028001535
E1/B/Logistic_Regression,pr,0.9960850976150003,0.9888772405328696
E1/B/Logistic_Regression,pr,0.9961366094884871,0.9888778093119582
E1/B/Logistic_Regression,pr,0.996188121361974,0.9888783780328791
E1/B/Logistic_Regression,pr,0.9962396332354607,0.988878946695641
E1/B/Logistic_Regression,pr,0.9962911451089476,0.9888795153002531
E1/B/Logistic_Regression,pr,0.996316901045691,0.9888545208210844
E1/B/Logistic_Regression,pr,0.9963426569824344,0.9888295288975231
E1/B/Logistic_Regression,pr,0.9963941688559212,0.9888300999412111
E1/B/Logistic_Regression,pr,0.9964971926028949,0.9888312418534516
E1/B/Logistic_Regression,pr,0.9965744604131253,0.9888320981344237
E1/B/Logistic_Regression,pr,0.9966259722866121,0.9888326689154656
E1/B/Logistic_Regression,pr,0.9966517282233555,0.988832954284108
E1/B/Logistic_Regression,pr,0.9966774841600989,0.9888079724032196
E1/B/Logistic_Regression,pr,0.9967289960335858,0.9888085443442267
E1/B/Logistic_Regression,pr,0.996806263843816,0.9888094021461421
E1/B/Logistic_Regression,pr,0.9968577757173028,0.9888099739410352
E1/B/Logistic_Regression,pr,0.9968835316540463,0.98881025981657
E1/B/Logistic_Regression,pr,0.9969350435275331,0.9887855719613754
E1/B/Logistic_Regression,pr,0.9969607994642765,0.9887606007969756
E1/B/Logistic_Regression,pr,0.9970638232112502,0.9887617490805067
E1/B/Logistic_Regression,pr,0.997115335084737,0.9887623231342902
E1/B/Logistic_Regression,pr,0.9971410910214804,0.9887626101391904
E1/B/Logistic_Regression,pr,0.9971926028949673,0.9887631841050132
E1/B/Logistic_Regression,pr,0.9972698707051976,0.9887640449438202
E1/B/Logistic_Regression,pr,0.9972956266419409,0.9887390838057301
E1/B/Logistic_Regression,pr,0.9973213825786844,0.9887393713454026
E1/B/Logistic_Regression,pr,0.9973728944521713,0.9887399463806971
E1/B/Logistic_Regression,pr,0.9974244063256581,0.9887405213572651
E1/B/Logistic_Regression,pr,0.9974759181991449,0.9887410962751155
E1/B/Logistic_Regression,pr,0.9975274300726318,0.9887416711342575
E1/B/Logistic_Regression,pr,0.9975531860093751,0.9887419585418156
E1/B/Logistic_Regression,pr,0.997604697882862,0.9887425333129116
E1/B/Logistic_Regression,pr,0.9976304538196055,0.9887175821931795
E1/B/Logistic_Regression,pr,0.9976819656930923,0.9886929222287449
E1/B/Logistic_Regression,pr,0.997733477566579,0.9886934994002194
E1/B/Logistic_Regression,pr,0.9977849894400659,0.9886940765127734
E1/B/Logistic_Regression,pr,0.9978365013135527,0.9886946535664157
E1/B/Logistic_Regression,pr,0.9978880131870396,0.9886952305611555
E1/B/Logistic_Regression,pr,0.997913769123783,0.9886702901324351
E1/B/Logistic_Regression,pr,0.9979652809972699,0.9886708683116021
E1/B/Logistic_Regression,pr,0.9979910369340133,0.988671157379057
E1/B/Logistic_Regression,pr,0.9980167928707567,0.9886462213604124
E1/B/Logistic_Regression,pr,0.9980683047442436,0.9886468006939484
E1/B/Logistic_Regression,pr,0.9980940606809869,0.9886218684626766
E1/B/Logistic_Regression,pr,0.9981198166177304,0.988622158728539
E1/B/Logistic_Regression,pr,0.9981455725544738,0.9885972296625086
E1/B/Logistic_Regression,pr,0.9981713284912173,0.9885723031400658
E1/B/Logistic_Regression,pr,0.9981970844279606,0.9885473791608214
E1/B/Logistic_Regression,pr,0.9981970844279606,0.9884969520748846
E1/B/Logistic_Regression,pr,0.9982228403647041,0.9884972454601102
E1/B/Logistic_Regression,pr,0.9982485963014475,0.9884723284876307
E1/B/Logistic_Regression,pr,0.9982743522381909,0.9884474140569214
E1/B/Logistic_Regression,pr,0.9983001081749343,0.9884225021675932
E1/B/Logistic_Regression,pr,0.9983516200484212,0.9884230926152591
E1/B/Logistic_Regression,pr,0.9983773759851646,0.9884233878165082
E1/B/Logistic_Regression,pr,0.998403131921908,0.9883984803284123
E1/B/Logistic_Regression,pr,0.9984288878586515,0.9883735753805359
E1/B/Logistic_Regression,pr,0.9984288878586515,0.9883231777273539
E1/B/Logistic_Regression,pr,0.9984288878586515,0.9882979808280644
E1/B/Logistic_Regression,pr,0.9984546437953948,0.988273084178861
E1/B/Logistic_Regression,pr,0.9984546437953948,0.9882226980728052
E1/B/Logistic_Regression,pr,0.9984546437953948,0.9881723171042569
E1/B/Logistic_Regression,pr,0.9984546437953948,0.9881219412724307
E1/B/Logistic_Regression,pr,0.9984546437953948,0.9880715705765407
E1/B/Logistic_Regression,pr,0.9984546437953948,0.9880212050158018
E1/B/Logistic_Regression,pr,0.9984546437953948,0.9879708445894286
E1/B/Logistic_Regression,pr,0.9984546437953948,0.9879204892966361
E1/B/Logistic_Regression,pr,0.9984546437953948,0.9878701391366393
E1/B/Logistic_Regression,pr,0.9984546437953948,0.9878449659811941
E1/B/Logistic_Regression,pr,0.9984546437953948,0.9877946235189196
E1/B/Logistic_Regression,pr,0.9984546437953948,0.9877442861874793
E1/B/Logistic_Regression,pr,0.9984546437953948,0.9876939539860888
E1/B/Logistic_Regression,pr,0.9984546437953948,0.9876687898089171
E1/B/Logistic_Regression,pr,0.9984803997321383,0.9876439417099766
E1/B/Logistic_Regression,pr,0.9985061556688817,0.9876190961430682
E1/B/Logistic_Regression,pr,0.9985061556688817,0.9875687792948848
E1/B/Logistic_Regression,pr,0.998531911605625,0.9875439400886443
E1/B/Logistic_Regression,pr,0.998531911605625,0.9875187855014137
E1/B/Logistic_Regression,pr,0.998531911605625,0.9874684801711622
E1/B/Logistic_Regression,pr,0.998531911605625,0.9874181799658712
E1/B/Logistic_Regression,pr,0.998531911605625,0.9873678848847575
E1/B/Logistic_Regression,pr,0.998531911605625,0.987317594927038
E1/B/Logistic_Regression,pr,0.9985576675423685,0.9873179178975247
E1/B/Logistic_Regression,pr,0.9985576675423685,0.9872676343264578
E1/B/Logistic_Regression,pr,0.9985576675423685,0.9872173558769607
E1/B/Logistic_Regression,pr,0.9985576675423685,0.9871670825482507
E1/B/Logistic_Regression,pr,0.9985576675423685,0.9871419478039465
E1/B/Logistic_Regression,pr,0.9985834234791119,0.987117142347939
E1/B/Logistic_Regression,pr,0.9985834234791119,0.9870668805213982
E1/B/Logistic_Regression,pr,0.9986091794158554,0.987042081413406
E1/B/Logistic_Regression,pr,0.9986349353525987,0.9870172848305883
E1/B/Logistic_Regression,pr,0.9986349353525987,0.986992159657876
E1/B/Logistic_Regression,pr,0.9986606912893422,0.9869673675100544
E1/B/Logistic_Regression,pr,0.9986606912893422,0.9869171248218286
E1/B/Logistic_Regression,pr,0.9986864472260856,0.9868923390175617
E1/B/Logistic_Regression,pr,0.9986864472260856,0.9868421052631579
E1/B/Logistic_Regression,pr,0.998712203162829,0.9868424401292851
E1/B/Logistic_Regression,pr,0.9987379590995724,0.9868176612800611
E1/B/Logistic_Regression,pr,0.9987379590995724,0.986767437717892
E1/B/Logistic_Regression,pr,0.9987379590995724,0.9867172192676659
E1/B/Logistic_Regression,pr,0.9987637150363159,0.9866924505737767
E1/B/Logistic_Regression,pr,0.9987637150363159,0.9866673451732736
E1/B/Logistic_Regression,pr,0.9987894709730593,0.9866425809077957
E1/B/Logistic_Regression,pr,0.9987894709730593,0.9865923777540324
E1/B/Logistic_Regression,pr,0.9987894709730593,0.9865421797089651
E1/B/Logistic_Regression,pr,0.9987894709730593,0.9865170826019487
E1/B/Logistic_Regression,pr,0.9988152269098027,0.9864923303909847
E1/B/Logistic_Regression,pr,0.9988152269098027,0.9864421438201104
E1/B/Logistic_Regression,pr,0.9988152269098027,0.9863919623553351
E1/B/Logistic_Regression,pr,0.9988152269098027,0.9863417859958796
E1/B/Logistic_Regression,pr,0.9988152269098027,0.9863166997304034
E1/B/Logistic_Regression,pr,0.9988152269098027,0.986266531027467
E1/B/Logistic_Regression,pr,0.9988152269098027,0.986216367427903
E1/B/Logistic_Regression,pr,0.9988152269098027,0.9861662089309328
E1/B/Logistic_Regression,pr,0.9988152269098027,0.9861160555357779
E1/B/Logistic_Regression,pr,0.9988152269098027,0.9860909807511379
E1/B/Logistic_Regression,pr,0.9988152269098027,0.9860408350072466
E1/B/Logistic_Regression,pr,0.9988152269098027,0.985990694363225
E1/B/Logistic_Regression,pr,0.9988152269098027,0.9859405588182951
E1/B/Logistic_Regression,pr,0.9988152269098027,0.9859154929577465
E1/B/Logistic_Regression,pr,0.9988152269098027,0.9858653650599959
E1/B/Logistic_Regression,pr,0.9988152269098027,0.985815242259393
E1/B/Logistic_Regression,pr,0.9988152269098027,0.9857651245551602
E1/B/Logistic_Regression,pr,0.9988409828465461,0.9857404300747293
E1/B/Logistic_Regression,pr,0.9988409828465461,0.985715375034949
E1/B/Logistic_Regression,pr,0.9988409828465461,0.9856652687762104
E1/B/Logistic_Regression,pr,0.9988409828465461,0.9856151676112537
E1/B/Logistic_Regression,pr,0.9988409828465461,0.9855650715393022
E1/B/Logistic_Regression,pr,0.9988409828465461,0.9855149805595792
E1/B/Logistic_Regression,pr,0.9988409828465461,0.9854899369790607
E1/B/Logistic_Regression,pr,0.9988409828465461,0.985439853636225
E1/B/Logistic_Regression,pr,0.9988667387832896,0.9854151844699665
E1/B/Logistic_Regression,pr,0.9988667387832896,0.9853651100157529
E1/B/Logistic_Regression,pr,0.9988667387832896,0.9853400746970198
E1/B/Logistic_Regression,pr,0.9988667387832896,0.9852900078758161
E1/B/Logistic_Regression,pr,0.9988667387832896,0.9852399461423164
E1/B/Logistic_Regression,pr,0.9988667387832896,0.9851898894957449
E1/B/Logistic_Regression,pr,0.9988667387832896,0.9851398379353266
E1/B/Logistic_Regression,pr,0.9988924947200329,0.9851402154033733
E1/B/Logistic_Regression,pr,0.9988924947200329,0.9850901701803404
E1/B/Logistic_Regression,pr,0.9988924947200329,0.9850401300416539
E1/B/Logistic_Regression,pr,0.9988924947200329,0.9849900949865393
E1/B/Logistic_Regression,pr,0.9988924947200329,0.9849400650142218
E1/B/Logistic_Regression,pr,0.9988924947200329,0.9849150519338701
E1/B/Logistic_Regression,pr,0.9988924947200329,0.9848650295842962
E1/B/Logistic_Regression,pr,0.9988924947200329,0.9848150123155837
E1/B/Logistic_Regression,pr,0.9988924947200329,0.9847650001269583
E1/B/Logistic_Regression,pr,0.9988924947200329,0.9847399959374366
E1/B/Logistic_Regression,pr,0.9988924947200329,0.984689991367491
E1/B/Logistic_Regression,pr,0.9988924947200329,0.9846399918756982
E1/B/Logistic_Regression,pr,0.9989182506567764,0.9846153846153847
E1/B/Logistic_Regression,pr,0.9989182506567764,0.9845653939886271
E1/B/Logistic_Regression,pr,0.9989440065935198,0.9845657857995075
E1/B/Logistic_Regression,pr,0.9989697625302633,0.9845411854296231
E1/B/Logistic_Regression,pr,0.9989697625302633,0.9844912049140797
E1/B/Logistic_Regression,pr,0.9989697625302633,0.9844412294728293
E1/B/Logistic_Regression,pr,0.9989697625302633,0.9843912591050988
E1/B/Logistic_Regression,pr,0.9989697625302633,0.9843662758235623
E1/B/Logistic_Regression,pr,0.9989697625302633,0.9843163130646635
E1/B/Logistic_Regression,pr,0.9989697625302633,0.9842663553773537
E1/B/Logistic_Regression,pr,0.9989697625302633,0.9842164027608608
E1/B/Logistic_Regression,pr,0.9989697625302633,0.9841664552144126
E1/B/Logistic_Regression,pr,0.9989697625302633,0.9841414833422141
E1/B/Logistic_Regression,pr,0.9989955184670066,0.9841169157384619
E1/B/Logistic_Regression,pr,0.9989955184670066,0.9840669795763034
E1/B/Logistic_Regression,pr,0.9989955184670066,0.9840170484816196
E1/B/Logistic_Regression,pr,0.9989955184670066,0.9839920848343396
E1/B/Logistic_Regression,pr,0.9989955184670066,0.9839421613394216
E1/B/Logistic_Regression,pr,0.9989955184670066,0.9838922429100502
E1/B/Logistic_Regression,pr,0.9990212744037501,0.9838676948051948
E1/B/Logistic_Regression,pr,0.9990212744037501,0.9838177852178766
E1/B/Logistic_Regression,pr,0.9990212744037501,0.9837928323230274
E1/B/Logistic_Regression,pr,0.9990212744037501,0.9837429303304674
E1/B/Logistic_Regression,pr,0.9990470303404935,0.9837183941568817
E1/B/Logistic_Regression,pr,0.9990470303404935,0.9836685010016991
E1/B/Logistic_Regression,pr,0.9990470303404935,0.9836186129073158
E1/B/Logistic_Regression,pr,0.9990470303404935,0.9835936707576833
E1/B/Logistic_Regression,pr,0.9990470303404935,0.9835437902530554
E1/B/Logistic_Regression,pr,0.9990470303404935,0.9834939148073022
E1/B/Logistic_Regression,pr,0.999072786277237,0.9834693981035444
E1/B/Logistic_Regression,pr,0.999072786277237,0.9834444641634764
E1/B/Logistic_Regression,pr,0.999072786277237,0.9833946000760553
E1/B/Logistic_Regression,pr,0.999072786277237,0.9833447410449464
E1/B/Logistic_Regression,pr,0.999072786277237,0.9832948870693807
E1/B/Logistic_Regression,pr,0.999072786277237,0.9832450381485894
E1/B/Logistic_Regression,pr,0.999072786277237,0.9832201155834939
E1/B/Logistic_Regression,pr,0.999072786277237,0.9831702742434227
E1/B/Logistic_Regression,pr,0.999072786277237,0.9831204379562044
E1/B/Logistic_Regression,pr,0.999072786277237,0.9830706067210705
E1/B/Logistic_Regression,pr,0.999072786277237,0.983020780537253
E1/B/Logistic_Regression,pr,0.999072786277237,0.9829958693393477
E1/B/Logistic_Regression,pr,0.999072786277237,0.9829460507310646
E1/B/Logistic_Regression,pr,0.999072786277237,0.9828962371721779
E1/B/Logistic_Regression,pr,0.999072786277237,0.9828464286619201
E1/B/Logistic_Regression,pr,0.999072786277237,0.9828215262997871
E1/B/Logistic_Regression,pr,0.999072786277237,0.9827717253610337
E1/B/Logistic_Regression,pr,0.999072786277237,0.9827219294689907
E1/B/Logistic_Regression,pr,0.999072786277237,0.982672138622891
E1/B/Logistic_Regression,pr,0.999072786277237,0.9826223528219677
E1/B/Logistic_Regression,pr,0.999072786277237,0.9825974618132077
E1/B/Logistic_Regression,pr,0.999072786277237,0.9825476835786114
E1/B/Logistic_Regression,pr,0.9990985422139803,0.9825232390263671
E1/B/Logistic_Regression,pr,0.9991242981507238,0.9824987969505863
E1/B/Logistic_Regression,pr,0.9991242981507238,0.9824490312777004
E1/B/Logistic_Regression,pr,0.9991242981507238,0.9824241503317631
E1/B/Logistic_Regression,pr,0.9991242981507238,0.9823743922204214
E1/B/Logistic_Regression,pr,0.9991500540874672,0.9823499620157001
E1/B/Logistic_Regression,pr,0.9991500540874672,0.9823002127013066
E1/B/Logistic_Regression,pr,0.9991758100242106,0.9822757887274016
E1/B/Logistic_Regression,pr,0.9991758100242106,0.982250917837701
E1/B/Logistic_Regression,pr,0.9991758100242106,0.9822011798364433
E1/B/Logistic_Regression,pr,0.9991758100242106,0.9821514468720727
E1/B/Logistic_Regression,pr,0.9991758100242106,0.9821017189438243
E1/B/Logistic_Regression,pr,0.9991758100242106,0.9820768568680067
E1/B/Logistic_Regression,pr,0.9991758100242106,0.9820271364925071
E1/B/Logistic_Regression,pr,0.9991758100242106,0.9819774211512176
E1/B/Logistic_Regression,pr,0.9991758100242106,0.9819277108433735
E1/B/Logistic_Regression,pr,0.9991758100242106,0.9818780055682106
E1/B/Logistic_Regression,pr,0.9991758100242106,0.9818531548176457
E1/B/Logistic_Regression,pr,0.9991758100242106,0.9818034570900717
E1/B/Logistic_Regression,pr,0.9991758100242106,0.9817537643932683
E1/B/Logistic_Regression,pr,0.9991758100242106,0.9817040767264722
E1/B/Logistic_Regression,pr,0.9991758100242106,0.9816543940889193
E1/B/Logistic_Regression,pr,0.9991758100242106,0.9816295546558704
E1/B/Logistic_Regression,pr,0.999201565960954,0.9816051819239917
E1/B/Logistic_Regression,pr,0.999201565960954,0.9815555105758527
E1/B/Logistic_Regression,pr,0.999201565960954,0.9815058442544148
E1/B/Logistic_Regression,pr,0.999201565960954,0.9814810129784705
E1/B/Logistic_Regression,pr,0.9992273218976975,0.9814566520782211
E1/B/Logistic_Regression,pr,0.9992273218976975,0.9814069970402974
E1/B/Logistic_Regression,pr,0.9992530778344408,0.9813826423494296
E1/B/Logistic_Regression,pr,0.9992530778344408,0.9813329960794233
E1/B/Logistic_Regression,pr,0.9992530778344408,0.9813081748280048
E1/B/Logistic_Regression,pr,0.9992530778344408,0.981258536091861
E1/B/Logistic_Regression,pr,0.9992530778344408,0.9812089023773394
E1/B/Logistic_Regression,pr,0.9992530778344408,0.9811592736836782
E1/B/Logistic_Regression,pr,0.9992788337711842,0.981134938296581
E1/B/Logistic_Regression,pr,0.9992788337711842,0.9811101277026173
E1/B/Logistic_Regression,pr,0.9992788337711842,0.9810605102789086
E1/B/Logistic_Regression,pr,0.9992788337711842,0.981010897873524
E1/B/Logistic_Regression,pr,0.9992788337711842,0.980961290485702
E1/B/Logistic_Regression,pr,0.9992788337711842,0.9809364886731392
E1/B/Logistic_Regression,pr,0.9992788337711842,0.9808868888102341
E1/B/Logistic_Regression,pr,0.9992788337711842,0.9808372939629891
E1/B/Logistic_Regression,pr,0.9992788337711842,0.9807877041306436
E1/B/Logistic_Regression,pr,0.9992788337711842,0.9807381193124368
E1/B/Logistic_Regression,pr,0.9992788337711842,0.9807133287833978
E1/B/Logistic_Regression,pr,0.9993045897079277,0.9806890276268231
E1/B/Logistic_Regression,pr,0.9993045897079277,0.9806394540629344
E1/B/Logistic_Regression,pr,0.999330345644671,0.9806151590972275
E1/B/Logistic_Regression,pr,0.999330345644671,0.9805655942783492
E1/B/Logistic_Regression,pr,0.9993561015814145,0.9805660854182462
E1/B/Logistic_Regression,pr,0.9993561015814145,0.9805165268371576
E1/B/Logistic_Regression,pr,0.9993561015814145,0.9804669732652752
E1/B/Logistic_Regression,pr,0.9993561015814145,0.9804174247018395
E1/B/Logistic_Regression,pr,0.9993561015814145,0.980392652298052
E1/B/Logistic_Regression,pr,0.9993561015814145,0.9803431112458627
E1/B/Logistic_Regression,pr,0.9993818575181579,0.9803188398474015
E1/B/Logistic_Regression,pr,0.9993818575181579,0.9802693075310108
E1/B/Logistic_Regression,pr,0.9993818575181579,0.9802197802197802
E1/B/Logistic_Regression,pr,0.9993818575181579,0.980195018440863
E1/B/Logistic_Regression,pr,0.9993818575181579,0.9801454986359502
E1/B/Logistic_Regression,pr,0.9993818575181579,0.9800959838343016
E1/B/Logistic_Regression,pr,0.9993818575181579,0.9800464740351587
E1/B/Logistic_Regression,pr,0.9993818575181579,0.9799969692377632
E1/B/Logistic_Regression,pr,0.9993818575181579,0.9799722187144841
E1/B/Logistic_Regression,pr,0.9993818575181579,0.9799227214182893
E1/B/Logistic_Regression,pr,0.9993818575181579,0.9798732291219475
E1/B/Logistic_Regression,pr,0.9993818575181579,0.9798237418247014
E1/B/Logistic_Regression,pr,0.9993818575181579,0.9797742595257934
E1/B/Logistic_Regression,pr,0.9993818575181579,0.9797495202504798
E1/B/Logistic_Regression,pr,0.9993818575181579,0.9797000454476594
E1/B/Logistic_Regression,pr,0.9994076134549014,0.9796758230660473
E1/B/Logistic_Regression,pr,0.9994076134549014,0.9796263569805604
E1/B/Logistic_Regression,pr,0.9994076134549014,0.9796016258110121
E1/B/Logistic_Regression,pr,0.9994076134549014,0.9795521672178326
E1/B/Logistic_Regression,pr,0.9994076134549014,0.9795027136185788
E1/B/Logistic_Regression,pr,0.9994076134549014,0.9794532650124946
E1/B/Logistic_Regression,pr,0.9994076134549014,0.9794038213988238
E1/B/Logistic_Regression,pr,0.9994076134549014,0.9793791014639072
E1/B/Logistic_Regression,pr,0.9994076134549014,0.9793296653374388
E1/B/Logistic_Regression,pr,0.9994076134549014,0.979280234201494
E1/B/Logistic_Regression,pr,0.9994076134549014,0.9792308080553173
E1/B/Logistic_Regression,pr,0.9994076134549014,0.9791813868981528
E1/B/Logistic_Regression,pr,0.9994076134549014,0.9791566781902142
E1/B/Logistic_Regression,pr,0.9994076134549014,0.9791072645151523
E1/B/Logistic_Regression,pr,0.9994076134549014,0.9790578558272147
E1/B/Logistic_Regression,pr,0.9994076134549014,0.9790084521256466
E1/B/Logistic_Regression,pr,0.9994076134549014,0.978983752144515
E1/B/Logistic_Regression,pr,0.9994076134549014,0.9789343559210858
E1/B/Logistic_Regression,pr,0.9994076134549014,0.9788849646821393
E1/B/Logistic_Regression,pr,0.9994076134549014,0.9788355784269209
E1/B/Logistic_Regression,pr,0.9994076134549014,0.9787861971546766
E1/B/Logistic_Regression,pr,0.9994076134549014,0.978761508386934
E1/B/Logistic_Regression,pr,0.9994076134549014,0.9787121345877368
E1/B/Logistic_Regression,pr,0.9994076134549014,0.9786627657696285
E1/B/Logistic_Regression,pr,0.9994333693916447,0.9786386219767471
E1/B/Logistic_Regression,pr,0.9994333693916447,0.9785892618465185
E1/B/Logistic_Regression,pr,0.9994333693916447,0.97856458364856
E1/B/Logistic_Regression,pr,0.9994333693916447,0.9785152309864837
E1/B/Logistic_Regression,pr,0.9994591253283882,0.978491098895557
E1/B/Logistic_Regression,pr,0.9994591253283882,0.9784417549167927
E1/B/Logistic_Regression,pr,0.9994591253283882,0.978417084793626
E1/B/Logistic_Regression,pr,0.9994591253283882,0.9783677482792527
E1/B/Logistic_Regression,pr,0.9994591253283882,0.9783184167401991
E1/B/Logistic_Regression,pr,0.9994591253283882,0.9782690901757128
E1/B/Logistic_Regression,pr,0.9994591253283882,0.9782197685850412
E1/B/Logistic_Regression,pr,0.9994591253283882,0.9781951096546508
E1/B/Logistic_Regression,pr,0.9994591253283882,0.978145795523291
E1/B/Logistic_Regression,pr,0.9994591253283882,0.9780964863638655
E1/B/Logistic_Regression,pr,0.9994591253283882,0.9780471821756226
E1/B/Logistic_Regression,pr,0.9994591253283882,0.9779978829578104
E1/B/Logistic_Regression,pr,0.9994591253283882,0.977973235212581
E1/B/Logistic_Regression,pr,0.9994591253283882,0.9779239434490058
E1/B/Logistic_Regression,pr,0.9994848812651316,0.9778998563616662
E1/B/Logistic_Regression,pr,0.9994848812651316,0.9778505732644576
E1/B/Logistic_Regression,pr,0.999510637201875,0.9778511313813435
E1/B/Logistic_Regression,pr,0.999510637201875,0.9778018544648256
E1/B/Logistic_Regression,pr,0.999510637201875,0.9777525825144873
E1/B/Logistic_Regression,pr,0.9995363931386184,0.9777285095233297
E1/B/Logistic_Regression,pr,0.9995363931386184,0.9776792462336877
E1/B/Logistic_Regression,pr,0.9995363931386184,0.9776546164504346
E1/B/Logistic_Regression,pr,0.9995363931386184,0.977605360606595
E1/B/Logistic_Regression,pr,0.9995363931386184,0.9775561097256857
E1/B/Logistic_Regression,pr,0.9995363931386184,0.977506863806957
E1/B/Logistic_Regression,pr,0.9995363931386184,0.9774576228496588
E1/B/Logistic_Regression,pr,0.9995363931386184,0.9774330042313117
E1/B/Logistic_Regression,pr,0.9995363931386184,0.9773837707147535
E1/B/Logistic_Regression,pr,0.9995363931386184,0.9773345421577516
E1/B/Logistic_Regression,pr,0.9995621490753619,0.9773105011332158
E1/B/Logistic_Regression,pr,0.9995621490753619,0.9772612812248187
E1/B/Logistic_Regression,pr,0.9995879050121053,0.9772618538010224
E1/B/Logistic_Regression,pr,0.9995879050121053,0.9772126400604305
E1/B/Logistic_Regression,pr,0.9996136609488487,0.977188609411587
E1/B/Logistic_Regression,pr,0.9996394168855921,0.9771645811828092
E1/B/Logistic_Regression,pr,0.9996651728223356,0.9771651560926485
E1/B/Logistic_Regression,pr,0.9996651728223356,0.9771159558934596
E1/B/Logistic_Regression,pr,0.9996651728223356,0.9770667606484744
E1/B/Logistic_Regression,pr,0.9996651728223356,0.977017570356945
E1/B/Logistic_Regression,pr,0.9996651728223356,0.9769683850181232
E1/B/Logistic_Regression,pr,0.9996651728223356,0.976943794205744
E1/B/Logistic_Regression,pr,0.9996651728223356,0.9768946162945811
E1/B/Logistic_Regression,pr,0.9996651728223356,0.9768454433342562
E1/B/Logistic_Regression,pr,0.9996651728223356,0.9767962753240217
E1/B/Logistic_Regression,pr,0.9996651728223356,0.97674711226313
E1/B/Logistic_Regression,pr,0.9996651728223356,0.9767225325884544
E1/B/Logistic_Regression,pr,0.9996651728223356,0.9766733769501762
E1/B/Logistic_Regression,pr,0.9996651728223356,0.976624226259373
E1/B/Logistic_Regression,pr,0.9996651728223356,0.976575080515298
E1/B/Logistic_Regression,pr,0.9996651728223356,0.9765505094980501
E1/B/Logistic_Regression,pr,0.9996651728223356,0.9765013711726671
E1/B/Logistic_Regression,pr,0.9996651728223356,0.9764522377921457
E1/B/Logistic_Regression,pr,0.9996651728223356,0.9764031093557395
E1/B/Logistic_Regression,pr,0.9996651728223356,0.9763539858627022
E1/B/Logistic_Regression,pr,0.9996651728223356,0.9763294259697137
E1/B/Logistic_Regression,pr,0.9996651728223356,0.976280309890331
E1/B/Logistic_Regression,pr,0.9996651728223356,0.9762311987524523
E1/B/Logistic_Regression,pr,0.999690928759079,0.9762072434607646
E1/B/Logistic_Regression,pr,0.9997166846958224,0.9761832905789447
E1/B/Logistic_Regression,pr,0.9997166846958224,0.9761587405376858
E1/B/Logistic_Regression,pr,0.9997166846958224,0.9761096441594367
E1/B/Logistic_Regression,pr,0.9997166846958224,0.9760605527195916
E1/B/Logistic_Regression,pr,0.9997166846958224,0.9760114662174055
E1/B/Logistic_Regression,pr,0.9997166846958224,0.9759869248177018
E1/B/Logistic_Regression,pr,0.9997166846958224,0.9759378457206075
E1/B/Logistic_Regression,pr,0.9997166846958224,0.9758887715593101
E1/B/Logistic_Regression,pr,0.9997166846958224,0.9758397023330652
E1/B/Logistic_Regression,pr,0.9997166846958224,0.9757906380411283
E1/B/Logistic_Regression,pr,0.9997166846958224,0.9757661077452927
E1/B/Logistic_Regression,pr,0.9997166846958224,0.9756925242572018
E1/B/Logistic_Regression,pr,0.9997166846958224,0.9756434747637242
E1/B/Logistic_Regression,pr,0.9997166846958224,0.9755944302015784
E1/B/Logistic_Regression,pr,0.9997166846958224,0.9755453905700211
E1/B/Logistic_Regression,pr,0.9997166846958224,0.9754963558683086
E1/B/Logistic_Regression,pr,0.9997166846958224,0.9754473260956976
E1/B/Logistic_Regression,pr,0.9997166846958224,0.9753983012514449
E1/B/Logistic_Regression,pr,0.9997166846958224,0.9753247732241124
E1/B/Logistic_Regression,pr,1.0,0.97065
E1/B/Majority_baseline,roc,0.0,0.0
E1/B/Majority_baseline,roc,1.0,1.0
E1/B/Majority_baseline,pr,0.0,1.0
E1/B/Majority_baseline,pr,1.0,0.97065
E1/B/Naive_Bayes,roc,0.0,0.0
E1/B/Naive_Bayes,roc,0.016183986371379896,0.9874311028692113
E1/B/Naive_Bayes,roc,0.016183986371379896,0.9875083706794416
E1/B/Naive_Bayes,roc,0.016183986371379896,0.9932004326997372
E1/B/Naive_Bayes,roc,1.0,1.0
E1/B/Naive_Bayes,pr,0.0,1.0
E1/B/Naive_Bayes,pr,0.9874311028692113,0.999504653648617
E1/B/Naive_Bayes,pr,0.9875083706794416,0.9995046923879041
E1/B/Naive_Bayes,pr,0.987534126616185,0.9995047052996533
E1/B/Naive_Bayes,pr,0.9875598825529285,0.9995047182107294
E1/B/Naive_Bayes,pr,0.9875856384896718,0.9995047311211324
E1/B/Naive_Bayes,pr,0.9876113944264153,0.9995047440308623
E1/B/Naive_Bayes,pr,0.9876371503631587,0.9995047569399192
E1/B/Naive_Bayes,pr,0.9876629062999022,0.9995047698483032
E1/B/Naive_Bayes,pr,0.9876886622366455,0.9995047827560143
E1/B/Naive_Bayes,pr,0.987714418173389,0.9995047956630525
E1/B/Naive_Bayes,pr,0.9877401741101324,0.999504808569418
E1/B/Naive_Bayes,pr,0.9877659300468759,0.9995048214751108
E1/B/Naive_Bayes,pr,0.9877916859836192,0.9995048343801308
E1/B/Naive_Bayes,pr,0.9878174419203627,0.9995048472844783
E1/B/Naive_Bayes,pr,0.9878431978571061,0.9995048601881531
E1/B/Naive_Bayes,pr,0.9878689537938495,0.9995048730911554
E1/B/Naive_Bayes,pr,0.9878947097305929,0.9995048859934853
E1/B/Naive_Bayes,pr,0.9879204656673363,0.9995048988951428
E1/B/Naive_Bayes,pr,0.9879462216040797,0.9995049117961279
E1/B/Naive_Bayes,pr,0.9879719775408231,0.9995049246964407
E1/B/Naive_Bayes,pr,0.9879977334775666,0.9995049375960812
E1/B/Naive_Bayes,pr,0.98802348941431,0.9995049504950495
E1/B/Naive_Bayes,pr,0.9880492453510534,0.9995049633933457
E1/B/Naive_Bayes,pr,0.9880750012877968,0.9995049762909697
E1/B/Naive_Bayes,pr,0.9881007572245403,0.9995049891879217
E1/B/Naive_Bayes,pr,0.9881265131612836,0.9995050020842018
E1/B/Naive_Bayes,pr,0.9881522690980271,0.9995050149798098
E1/B/Naive_Bayes,pr,0.9881780250347705,0.999505027874746
E1/B/Naive_Bayes,pr,0.988203780971514,0.9995050407690104
E1/B/Naive_Bayes,pr,0.9882295369082573,0.9995050536626029
E1/B/Naive_Bayes,pr,0.9882552928450008,0.9995050665555237
E1/B/Naive_Bayes,pr,0.9882810487817442,0.9995050794477729
E1/B/Naive_Bayes,pr,0.9883068047184876,0.9995050923393504
E1/B/Naive_Bayes,pr,0.988332560655231,0.9995051052302563
E1/B/Naive_Bayes,pr,0.9883583165919745,0.9995051181204907
E1/B/Naive_Bayes,pr,0.9883840725287178,0.9995051310100537
E1/B/Naive_Bayes,pr,0.9884098284654613,0.9995051438989452
E1/B/Naive_Bayes,pr,0.9884355844022047,0.9995051567871653
E1/B/Naive_Bayes,pr,0.9884613403389482,0.9995051696747141
E1/B/Naive_Bayes,pr,0.9884870962756915,0.9995051825615917
E1/B/Naive_Bayes,pr,0.988512852212435,0.9995051954477981
E1/B/Naive_Bayes,pr,0.9885386081491784,0.9995052083333333
E1/B/Naive_Bayes,pr,0.9885643640859219,0.9995052212181974
E1/B/Naive_Bayes,pr,0.9885901200226652,0.9995052341023904
E1/B/Naive_Bayes,pr,0.9886158759594087,0.9995052469859126
E1/B/Naive_Bayes,pr,0.9886416318961521,0.9995052598687637
E1/B/Naive_Bayes,pr,0.9886673878328954,0.9995052727509439
E1/B/Naive_Bayes,pr,0.9886931437696389,0.9995052856324532
E1/B/Naive_Bayes,pr,0.9887188997063823,0.9995052985132918
E1/B/Naive_Bayes,pr,0.9887446556431257,0.9995053113934597
E1/B/Naive_Bayes,pr,0.9887704115798691,0.9995053242729569
E1/B/Naive_Bayes,pr,0.9887961675166126,0.9995053371517834
E1/B/Naive_Bayes,pr,0.988821923453356,0.9995053500299393
E1/B/Naive_Bayes,pr,0.9888476793900994,0.9995053629074248
E1/B/Naive_Bayes,pr,0.9888734353268428,0.9995053757842397
E1/B/Naive_Bayes,pr,0.9888991912635863,0.9995053886603842
E1/B/Naive_Bayes,pr,0.9889249472003296,0.9995054015358584
E1/B/Naive_Bayes,pr,0.9889507031370731,0.9995054144106622
E1/B/Naive_Bayes,pr,0.9889764590738165,0.9995054272847957
E1/B/Naive_Bayes,pr,0.98900221501056,0.9995054401582592
E1/B/Naive_Bayes,pr,0.9890279709473033,0.9995054530310523
E1/B/Naive_Bayes,pr,0.9890537268840468,0.9995054659031755
E1/B/Naive_Bayes,pr,0.9890794828207902,0.9995054787746285
E1/B/Naive_Bayes,pr,0.9891052387575336,0.9995054916454115
E1/B/Naive_Bayes,pr,0.989130994694277,0.9995055045155246
E1/B/Naive_Bayes,pr,0.9891567506310205,0.9995055173849677
E1/B/Naive_Bayes,pr,0.9891825065677639,0.999505530253741
E1/B/Naive_Bayes,pr,0.9892082625045073,0.9995055431218446
E1/B/Naive_Bayes,pr,0.9892340184412507,0.9995055559892784
E1/B/Naive_Bayes,pr,0.9892597743779942,0.9995055688560425
E1/B/Naive_Bayes,pr,0.9892855303147375,0.9995055817221369
E1/B/Naive_Bayes,pr,0.989311286251481,0.9995055945875618
E1/B/Naive_Bayes,pr,0.9893370421882244,0.9995056074523171
E1/B/Naive_Bayes,pr,0.9893627981249679,0.999505620316403
E1/B/Naive_Bayes,pr,0.9893885540617112,0.9995056331798194
E1/B/Naive_Bayes,pr,0.9894143099984546,0.9995056460425665
E1/B/Naive_Bayes,pr,0.9894400659351981,0.9995056589046442
E1/B/Naive_Bayes,pr,0.9894658218719414,0.9995056717660527
E1/B/Naive_Bayes,pr,0.9894915778086849,0.9995056846267919
E1/B/Naive_Bayes,pr,0.9895173337454283,0.9995056974868619
E1/B/Naive_Bayes,pr,0.9895430896821718,0.9995057103462629
E1/B/Naive_Bayes,pr,0.9895688456189151,0.9995057232049948
E1/B/Naive_Bayes,pr,0.9895946015556586,0.9995057360630577
E1/B/Naive_Bayes,pr,0.989620357492402,0.9995057489204516
E1/B/Naive_Bayes,pr,0.9896461134291454,0.9995057617771766
E1/B/Naive_Bayes,pr,0.9896718693658888,0.9995057746332328
E1/B/Naive_Bayes,pr,0.9896976253026323,0.9995057874886201
E1/B/Naive_Bayes,pr,0.9897233812393756,0.9995058003433387
E1/B/Naive_Bayes,pr,0.9897491371761191,0.9995058131973886
E1/B/Naive_Bayes,pr,0.9897748931128625,0.9995058260507699
E1/B/Naive_Bayes,pr,0.989800649049606,0.9995058389034825
E1/B/Naive_Bayes,pr,0.9898264049863493,0.9995058517555266
E1/B/Naive_Bayes,pr,0.9898521609230928,0.9995058646069023
E1/B/Naive_Bayes,pr,0.9898779168598362,0.9995058774576094
E1/B/Naive_Bayes,pr,0.9899036727965796,0.9995058903076482
E1/B/Naive_Bayes,pr,0.989929428733323,0.9995059031570188
E1/B/Naive_Bayes,pr,0.9899551846700665,0.9995059160057209
E1/B/Naive_Bayes,pr,0.9899809406068099,0.9995059288537549
E1/B/Naive_Bayes,pr,0.9900066965435533,0.9995059417011207
E1/B/Naive_Bayes,pr,0.9900324524802967,0.9995059545478184
E1/B/Naive_Bayes,pr,0.9900582084170402,0.999505967393848
E1/B/Naive_Bayes,pr,0.9900839643537835,0.9995059802392096
E1/B/Naive_Bayes,pr,0.990109720290527,0.9995059930839032
E1/B/Naive_Bayes,pr,0.9901354762272704,0.9995060059279288
E1/B/Naive_Bayes,pr,0.9901612321640139,0.9995060187712866
E1/B/Naive_Bayes,pr,0.9901869881007572,0.9995060316139767
E1/B/Naive_Bayes,pr,0.9902127440375006,0.999506044455999
E1/B/Naive_Bayes,pr,0.9902384999742441,0.9995060572973535
E1/B/Naive_Bayes,pr,0.9902642559109874,0.9995060701380404
E1/B/Naive_Bayes,pr,0.9902900118477309,0.9995060829780597
E1/B/Naive_Bayes,pr,0.9903157677844743,0.9995060958174115
E1/B/Naive_Bayes,pr,0.9903415237212178,0.9995061086560957
E1/B/Naive_Bayes,pr,0.9903672796579611,0.9995061214941124
E1/B/Naive_Bayes,pr,0.9903930355947046,0.9995061343314618
E1/B/Naive_Bayes,pr,0.990418791531448,0.9995061471681439
E1/B/Naive_Bayes,pr,0.9904445474681914,0.9995061600041587
E1/B/Naive_Bayes,pr,0.9904703034049348,0.9995061728395062
E1/B/Naive_Bayes,pr,0.9904960593416783,0.9995061856741865
E1/B/Naive_Bayes,pr,0.9905218152784216,0.9995061985081997
E1/B/Naive_Bayes,pr,0.9905475712151651,0.9995062113415458
E1/B/Naive_Bayes,pr,0.9905733271519085,0.9995062241742249
E1/B/Naive_Bayes,pr,0.990599083088652,0.999506237006237
E1/B/Naive_Bayes,pr,0.9906248390253953,0.9995062498375822
E1/B/Naive_Bayes,pr,0.9906505949621388,0.9995062626682605
E1/B/Naive_Bayes,pr,0.9906763508988822,0.999506275498272
E1/B/Naive_Bayes,pr,0.9907021068356257,0.9995062883276167
E1/B/Naive_Bayes,pr,0.990727862772369,0.9995063011562947
E1/B/Naive_Bayes,pr,0.9907536187091125,0.999506313984306
E1/B/Naive_Bayes,pr,0.9907793746458559,0.9995063268116506
E1/B/Naive_Bayes,pr,0.9908051305825993,0.9995063396383288
E1/B/Naive_Bayes,pr,0.9908308865193427,0.9995063524643405
E1/B/Naive_Bayes,pr,0.9908566424560862,0.9995063652896856
E1/B/Naive_Bayes,pr,0.9908823983928295,0.9995063781143644
E1/B/Naive_Bayes,pr,0.990908154329573,0.9995063909383768
E1/B/Naive_Bayes,pr,0.9909339102663164,0.999506403761723
E1/B/Naive_Bayes,pr,0.9909596662030598,0.9995064165844028
E1/B/Naive_Bayes,pr,0.9909854221398032,0.9995064294064164
E1/B/Naive_Bayes,pr,0.9910111780765466,0.999506442227764
E1/B/Naive_Bayes,pr,0.9910369340132901,0.9995064550484454
E1/B/Naive_Bayes,pr,0.9910626899500334,0.9995064678684606
E1/B/Naive_Bayes,pr,0.9910884458867769,0.9995064806878101
E1/B/Naive_Bayes,pr,0.9911142018235203,0.9995064935064935
E1/B/Naive_Bayes,pr,0.9911399577602638,0.9995065063245111
E1/B/Naive_Bayes,pr,0.9911657136970071,0.9995065191418627
E1/B/Naive_Bayes,pr,0.9911914696337506,0.9995065319585487
E1/B/Naive_Bayes,pr,0.991217225570494,0.9995065447745689
E1/B/Naive_Bayes,pr,0.9912429815072374,0.9995065575899234
E1/B/Naive_Bayes,pr,0.9912687374439808,0.9995065704046122
E1/B/Naive_Bayes,pr,0.9912944933807243,0.9995065832186356
E1/B/Naive_Bayes,pr,0.9913202493174676,0.9995065960319933
E1/B/Naive_Bayes,pr,0.9913460052542111,0.9995066088446857
E1/B/Naive_Bayes,pr,0.9913717611909545,0.9995066216567126
E1/B/Naive_Bayes,pr,0.991397517127698,0.9995066344680741
E1/B/Naive_Bayes,pr,0.9914232730644413,0.9995066472787703
E1/B/Naive_Bayes,pr,0.9914490290011848,0.9995066600888012
E1/B/Naive_Bayes,pr,0.9914747849379282,0.9995066728981669
E1/B/Naive_Bayes,pr,0.9915005408746717,0.9995066857068674
E1/B/Naive_Bayes,pr,0.991526296811415,0.9995066985149029
E1/B/Naive_Bayes,pr,0.9915520527481585,0.9995067113222733
E1/B/Naive_Bayes,pr,0.9915778086849019,0.9995067241289787
E1/B/Naive_Bayes,pr,0.9916035646216453,0.9995067369350191
E1/B/Naive_Bayes,pr,0.9916293205583887,0.9995067497403946
E1/B/Naive_Bayes,pr,0.9916550764951322,0.9995067625451053
E1/B/Naive_Bayes,pr,0.9916808324318755,0.9995067753491511
E1/B/Naive_Bayes,pr,0.9917065883686189,0.9995067881525322
E1/B/Naive_Bayes,pr,0.9917323443053624,0.9995068009552487
E1/B/Naive_Bayes,pr,0.9917581002421058,0.9995068137573004
E1/B/Naive_Bayes,pr,0.9917838561788492,0.9995068265586876
E1/B/Naive_Bayes,pr,0.9918096121155926,0.9995068393594103
E1/B/Naive_Bayes,pr,0.9918353680523361,0.9995068521594684
E1/B/Naive_Bayes,pr,0.9918611239890794,0.9995068649588622
E1/B/Naive_Bayes,pr,0.9918868799258229,0.9995068777575915
E1/B/Naive_Bayes,pr,0.9919126358625663,0.9995068905556564
E1/B/Naive_Bayes,pr,0.9919383917993098,0.9995069033530573
E1/B/Naive_Bayes,pr,0.9919641477360531,0.9995069161497937
E1/B/Naive_Bayes,pr,0.9919899036727966,0.999506928945866
E1/B/Naive_Bayes,pr,0.99201565960954,0.9995069417412742
E1/B/Naive_Bayes,pr,0.9920414155462834,0.9995069545360182
E1/B/Naive_Bayes,pr,0.9920671714830268,0.9995069673300984
E1/B/Naive_Bayes,pr,0.9920929274197703,0.9995069801235145
E1/B/Naive_Bayes,pr,0.9921186833565137,0.9995069929162667
E1/B/Naive_Bayes,pr,0.9921444392932571,0.9995070057083549
E1/B/Naive_Bayes,pr,0.9921701952300005,0.9995070184997794
E1/B/Naive_Bayes,pr,0.992195951166744,0.9995070312905402
E1/B/Naive_Bayes,pr,0.9922217071034873,0.9995070440806372
E1/B/Naive_Bayes,pr,0.9922474630402308,0.9995070568700706
E1/B/Naive_Bayes,pr,0.9922732189769742,0.9995070696588403
E1/B/Naive_Bayes,pr,0.9922989749137177,0.9995070824469465
E1/B/Naive_Bayes,pr,0.992324730850461,0.9995070952343892
E1/B/Naive_Bayes,pr,0.9923504867872045,0.9995071080211684
E1/B/Naive_Bayes,pr,0.9923762427239479,0.9995071208072842
E1/B/Naive_Bayes,pr,0.9924019986606913,0.9995071335927367
E1/B/Naive_Bayes,pr,0.9924277545974347,0.9995071463775259
E1/B/Naive_Bayes,pr,0.9924535105341781,0.9995071591616518
E1/B/Naive_Bayes,pr,0.9924792664709216,0.9995071719451145
E1/B/Naive_Bayes,pr,0.9925050224076649,0.9995071847279141
E1/B/Naive_Bayes,pr,0.9925307783444084,0.9995071975100506
E1/B/Naive_Bayes,pr,0.9925565342811518,0.999507210291524
E1/B/Naive_Bayes,pr,0.9925822902178952,0.9995072230723344
E1/B/Naive_Bayes,pr,0.9926080461546386,0.999507235852482
E1/B/Naive_Bayes,pr,0.9926338020913821,0.9995072486319666
E1/B/Naive_Bayes,pr,0.9926595580281254,0.9995072614107884
E1/B/Naive_Bayes,pr,0.9926853139648689,0.9995072741889474
E1/B/Naive_Bayes,pr,0.9927110699016123,0.9995072869664436
E1/B/Naive_Bayes,pr,0.9927368258383558,0.9995072997432772
E1/B/Naive_Bayes,pr,0.9927625817750991,0.9995073125194482
E1/B/Naive_Bayes,pr,0.9927883377118426,0.9995073252949566
E1/B/Naive_Bayes,pr,0.992814093648586,0.9995073380698024
E1/B/Naive_Bayes,pr,0.9928398495853294,0.9995073508439858
E1/B/Naive_Bayes,pr,0.9928656055220728,0.9995073636175067
E1/B/Naive_Bayes,pr,0.9928913614588163,0.9995073763903654
E1/B/Naive_Bayes,pr,0.9929171173955597,0.9995073891625615
E1/B/Naive_Bayes,pr,0.9929428733323031,0.9995074019340956
E1/B/Naive_Bayes,pr,0.9929686292690465,0.9995074147049673
E1/B/Naive_Bayes,pr,0.99299438520579,0.999507427475177
E1/B/Naive_Bayes,pr,0.9930201411425333,0.9995074402447244
E1/B/Naive_Bayes,pr,0.9930458970792768,0.9995074530136099
E1/B/Naive_Bayes,pr,0.9930716530160202,0.9995074657818332
E1/B/Naive_Bayes,pr,0.9930974089527637,0.9995074785493947
E1/B/Naive_Bayes,pr,0.993123164889507,0.9995074913162942
E1/B/Naive_Bayes,pr,0.9931489208262505,0.999507504082532
E1/B/Naive_Bayes,pr,0.9931746767629939,0.9995075168481078
E1/B/Naive_Bayes,pr,0.9932004326997372,0.9995075296130219
E1/B/Naive_Bayes,pr,1.0,0.97065
E1/B/SVM_RBF,roc,0.0,0.0
E1/B/SVM_RBF,roc,0.0,0.5203987019007882
E1/B/SVM_RBF,roc,0.0,0.8946324627826714
E1/B/SVM_RBF,roc,0.0,0.9681399062483903
E1/B/SVM_RBF,roc,0.0,0.9785195487559882
E1/B/SVM_RBF,roc,0.0,0.9809921186833566
E1/B/SVM_RBF,roc,0.0,0.9826662545716788
E1/B/SVM_RBF,roc,0.0,0.9835677123576985
E1/B/SVM_RBF,roc,0.0,0.9842888785865141
E1/B/SVM_RBF,roc,0.0,0.9852676041827642
E1/B/SVM_RBF,roc,0.0,0.9855251635501984
E1/B/SVM_RBF,roc,0.0,0.9859630144748365
E1/B/SVM_RBF,roc,0.0,0.986246329779014
E1/B/SVM_RBF,roc,0.0,0.9866584247669088
E1/B/SVM_RBF,roc,0.0,0.9868902281975995
E1/B/SVM_RBF,roc,0.0,0.9871477875650337
E1/B/SVM_RBF,roc,0.0,0.9874568588059548
E1/B/SVM_RBF,roc,0.0,0.9876371503631587
E1/B/SVM_RBF,roc,0.0,0.9877659300468759
E1/B/SVM_RBF,roc,0.0,0.98802348941431
E1/B/SVM_RBF,roc,0.0,0.9881780250347705
E1/B/SVM_RBF,roc,0.0,0.9882810487817442
E1/B/SVM_RBF,roc,0.0,0.9884870962756915
E1/B/SVM_RBF,roc,0.0,0.9885643640859219
E1/B/SVM_RBF,roc,0.0,0.9886673878328954
E1/B/SVM_RBF,roc,0.0,0.9887446556431257
E1/B/SVM_RBF,roc,0.0,0.9887704115798691
E1/B/SVM_RBF,roc,0.0,0.9888476793900994
E1/B/SVM_RBF,roc,0.0,0.9888991912635863
E1/B/SVM_RBF,roc,0.0,0.9890537268840468
E1/B/SVM_RBF,roc,0.0,0.989130994694277
E1/B/SVM_RBF,roc,0.0,0.9891825065677639
E1/B/SVM_RBF,roc,0.0,0.9892597743779942
E1/B/SVM_RBF,roc,0.0,0.9893627981249679
E1/B/SVM_RBF,roc,0.0,0.9895430896821718
E1/B/SVM_RBF,roc,0.0,0.9895946015556586
E1/B/SVM_RBF,roc,0.0,0.9896976253026323
E1/B/SVM_RBF,roc,0.0,0.9897491371761191
E1/B/SVM_RBF,roc,0.0,0.9899551846700665
E1/B/SVM_RBF,roc,0.0,0.9900324524802967
E1/B/SVM_RBF,roc,0.0,0.9900839643537835
E1/B/SVM_RBF,roc,0.0,0.9901612321640139
E1/B/SVM_RBF,roc,0.0,0.9902127440375006
E1/B/SVM_RBF,roc,0.0,0.9902642559109874
E1/B/SVM_RBF,roc,0.0,0.9903157677844743
E1/B/SVM_RBF,roc,0.0,0.9903415237212178
E1/B/SVM_RBF,roc,0.0,0.9903930355947046
E1/B/SVM_RBF,roc,0.0,0.9904703034049348
E1/B/SVM_RBF,roc,0.0,0.9905218152784216
E1/B/SVM_RBF,roc,0.0,0.9905475712151651
E1/B/SVM_RBF,roc,0.0,0.9906505949621388
E1/B/SVM_RBF,roc,0.0,0.9907021068356257
E1/B/SVM_RBF,roc,0.0,0.9907536187091125
E1/B/SVM_RBF,roc,0.0,0.9908823983928295
E1/B/SVM_RBF,roc,0.0,0.9909339102663164
E1/B/SVM_RBF,roc,0.0,0.9938958429918097
E1/B/SVM_RBF,roc,0.9931856899488927,0.9999742440632566
E1/B/SVM_RBF,roc,0.9991482112436116,0.9999742440632566
E1/B/SVM_RBF,roc,0.9991482112436116,1.0
E1/B/SVM_RBF,roc,1.0,1.0
E1/B/SVM_RBF,pr,0.0,1.0
E1/B/SVM_RBF,pr,0.5203987019007882,1.0
E1/B/SVM_RBF,pr,0.8946324627826714,1.0
E1/B/SVM_RBF,pr,0.9681399062483903,1.0
E1/B/SVM_RBF,pr,0.9785195487559882,1.0
E1/B/SVM_RBF,pr,0.9809921186833566,1.0
E1/B/SVM_RBF,pr,0.9826662545716788,1.0
E1/B/SVM_RBF,pr,0.9835677123576985,1.0
E1/B/SVM_RBF,pr,0.9842888785865141,1.0
E1/B/SVM_RBF,pr,0.9847782413846392,1.0
E1/B/SVM_RBF,pr,0.9852676041827642,1.0
E1/B/SVM_RBF,pr,0.9855251635501984,1.0
E1/B/SVM_RBF,pr,0.9859630144748365,1.0
E1/B/SVM_RBF,pr,0.986246329779014,1.0
E1/B/SVM_RBF,pr,0.9866584247669088,1.0
E1/B/SVM_RBF,pr,0.9868902281975995,1.0
E1/B/SVM_RBF,pr,0.9871477875650337,1.0
E1/B/SVM_RBF,pr,0.9874568588059548,1.0
E1/B/SVM_RBF,pr,0.9876371503631587,1.0
E1/B/SVM_RBF,pr,0.9877659300468759,1.0
E1/B/SVM_RBF,pr,0.98802348941431,1.0
E1/B/SVM_RBF,pr,0.9881780250347705,1.0
E1/B/SVM_RBF,pr,0.9882810487817442,1.0
E1/B/SVM_RBF,pr,0.9884870962756915,1.0
E1/B/SVM_RBF,pr,0.9885643640859219,1.0
E1/B/SVM_RBF,pr,0.9886673878328954,1.0
E1/B/SVM_RBF,pr,0.9887446556431257,1.0
E1/B/SVM_RBF,pr,0.9887704115798691,1.0
E1/B/SVM_RBF,pr,0.9888476793900994,1.0
E1/B/SVM_RBF,pr,0.9888991912635863,1.0
E1/B/SVM_RBF,pr,0.9890537268840468,1.0
E1/B/SVM_RBF,pr,0.9890794828207902,1.0
E1/B/SVM_RBF,pr,0.9891052387575336,1.0
E1/B/SVM_RBF,pr,0.989130994694277,1.0
E1/B/SVM_RBF,pr,0.9891825065677639,1.0
E1/B/SVM_RBF,pr,0.9892597743779942,1.0
E1/B/SVM_RBF,pr,0.989311286251481,1.0
E1/B/SVM_RBF,pr,0.9893627981249679,1.0
E1/B/SVM_RBF,pr,0.9893885540617112,1.0
E1/B/SVM_RBF,pr,0.9894143099984546,1.0
E1/B/SVM_RBF,pr,0.9894400659351981,1.0
E1/B/SVM_RBF,pr,0.9894658218719414,1.0
E1/B/SVM_RBF,pr,0.9894915778086849,1.0
E1/B/SVM_RBF,pr,0.9895173337454283,1.0
E1/B/SVM_RBF,pr,0.9895430896821718,1.0
E1/B/SVM_RBF,pr,0.9895946015556586,1.0
E1/B/SVM_RBF,pr,0.9896976253026323,1.0
E1/B/SVM_RBF,pr,0.9897233812393756,1.0
E1/B/SVM_RBF,pr,0.9897491371761191,1.0
E1/B/SVM_RBF,pr,0.989800649049606,1.0
E1/B/SVM_RBF,pr,0.9898521609230928,1.0
E1/B/SVM_RBF,pr,0.9899036727965796,1.0
E1/B/SVM_RBF,pr,0.9899551846700665,1.0
E1/B/SVM_RBF,pr,0.9899809406068099,1.0
E1/B/SVM_RBF,pr,0.9900066965435533,1.0
E1/B/SVM_RBF,pr,0.9900324524802967,1.0
E1/B/SVM_RBF,pr,0.9900839643537835,1.0
E1/B/SVM_RBF,pr,0.990109720290527,1.0
E1/B/SVM_RBF,pr,0.9901354762272704,1.0
E1/B/SVM_RBF,pr,0.9901612321640139,1.0
E1/B/SVM_RBF,pr,0.9902127440375006,1.0
E1/B/SVM_RBF,pr,0.9902384999742441,1.0
E1/B/SVM_RBF,pr,0.9902642559109874,1.0
E1/B/SVM_RBF,pr,0.9903157677844743,1.0
E1/B/SVM_RBF,pr,0.9903415237212178,1.0
E1/B/SVM_RBF,pr,0.9903930355947046,1.0
E1/B/SVM_RBF,pr,0.990418791531448,1.0
E1/B/SVM_RBF,pr,0.9904445474681914,1.0
E1/B/SVM_RBF,pr,0.9904703034049348,1.0
E1/B/SVM_RBF,pr,0.9905218152784216,1.0
E1/B/SVM_RBF,pr,0.9905475712151651,1.0
E1/B/SVM_RBF,pr,0.990599083088652,1.0
E1/B/SVM_RBF,pr,0.9906505949621388,1.0
E1/B/SVM_RBF,pr,0.9906763508988822,1.0
E1/B/SVM_RBF,pr,0.9907021068356257,1.0
E1/B/SVM_RBF,pr,0.9907536187091125,1.0
E1/B/SVM_RBF,pr,0.9907793746458559,1.0
E1/B/SVM_RBF,pr,0.9908051305825993,1.0
E1/B/SVM_RBF,pr,0.9908308865193427,1.0
E1/B/SVM_RBF,pr,0.9908566424560862,1.0
E1/B/SVM_RBF,pr,0.9908823983928295,1.0
E1/B/SVM_RBF,pr,0.9909339102663164,1.0
E1/B/SVM_RBF,pr,0.9909596662030598,1.0
E1/B/SVM_RBF,pr,0.9909854221398032,1.0
E1/B/SVM_RBF,pr,0.9910111780765466,1.0
E1/B/SVM_RBF,pr,0.9910369340132901,1.0
E1/B/SVM_RBF,pr,0.9910626899500334,1.0
E1/B/SVM_RBF,pr,0.9910884458867769,1.0
E1/B/SVM_RBF,pr,0.9911142018235203,1.0
E1/B/SVM_RBF,pr,0.9911399577602638,1.0
E1/B/SVM_RBF,pr,0.9911657136970071,1.0
E1/B/SVM_RBF,pr,0.9911914696337506,1.0
E1/B/SVM_RBF,pr,0.991217225570494,1.0
E1/B/SVM_RBF,pr,0.9912429815072374,1.0
E1/B/SVM_RBF,pr,0.9912687374439808,1.0
E1/B/SVM_RBF,pr,0.9912944933807243,1.0
E1/B/SVM_RBF,pr,0.9913202493174676,1.0
E1/B/SVM_RBF,pr,0.9913460052542111,1.0
E1/B/SVM_RBF,pr,0.9913717611909545,1.0
E1/B/SVM_RBF,pr,0.991397517127698,1.0
E1/B/SVM_RBF,pr,0.9914232730644413,1.0
E1/B/SVM_RBF,pr,0.9914490290011848,1.0
E1/B/SVM_RBF,pr,0.9914747849379282,1.0
E1/B/SVM_RBF,pr,0.9915005408746717,1.0
E1/B/SVM_RBF,pr,0.991526296811415,1.0
E1/B/SVM_RBF,pr,0.9915520527481585,1.0
E1/B/SVM_RBF,pr,0.9915778086849019,1.0
E1/B/SVM_RBF,pr,0.9916035646216453,1.0
E1/B/SVM_RBF,pr,0.9916293205583887,1.0
E1/B/SVM_RBF,pr,0.9916550764951322,1.0
E1/B/SVM_RBF,pr,0.9916808324318755,1.0
E1/B/SVM_RBF,pr,0.9917065883686189,1.0
E1/B/SVM_RBF,pr,0.9917323443053624,1.0
E1/B/SVM_RBF,pr,0.9917581002421058,1.0
E1/B/SVM_RBF,pr,0.9917838561788492,1.0
E1/B/SVM_RBF,pr,0.9918096121155926,1.0
E1/B/SVM_RBF,pr,0.9918353680523361,1.0
E1/B/SVM_RBF,pr,0.9918611239890794,1.0
E1/B/SVM_RBF,pr,0.9918868799258229,1.0
E1/B/SVM_RBF,pr,0.9919126358625663,1.0
E1/B/SVM_RBF,pr,0.9919383917993098,1.0
E1/B/SVM_RBF,pr,0.9919641477360531,1.0
E1/B/SVM_RBF,pr,0.9919899036727966,1.0
E1/B/SVM_RBF,pr,0.99201565960954,1.0
E1/B/SVM_RBF,pr,0.9920414155462834,1.0
E1/B/SVM_RBF,pr,0.9920671714830268,1.0
E1/B/SVM_RBF,pr,0.9920929274197703,1.0
E1/B/SVM_RBF,pr,0.9921186833565137,1.0
E1/B/SVM_RBF,pr,0.9921444392932571,1.0
E1/B/SVM_RBF,pr,0.9921701952300005,1.0
E1/B/SVM_RBF,pr,0.992195951166744,1.0
E1/B/SVM_RBF,pr,0.9922217071034873,1.0
E1/B/SVM_RBF,pr,0.9922474630402308,1.0
E1/B/SVM_RBF,pr,0.9922732189769742,1.0
E1/B/SVM_RBF,pr,0.9922989749137177,1.0
E1/B/SVM_RBF,pr,0.992324730850461,1.0
E1/B/SVM_RBF,pr,0.9923504867872045,1.0
E1/B/SVM_RBF,pr,0.9923762427239479,1.0
E1/B/SVM_RBF,pr,0.9924019986606913,1.0
E1/B/SVM_RBF,pr,0.9924277545974347,1.0
E1/B/SVM_RBF,pr,0.9924535105341781,1.0
E1/B/SVM_RBF,pr,0.9924792664709216,1.0
E1/B/SVM_RBF,pr,0.9925050224076649,1.0
E1/B/SVM_RBF,pr,0.9925307783444084,1.0
E1/B/SVM_RBF,pr,0.9925565342811518,1.0
E1/B/SVM_RBF,pr,0.9925822902178952,1.0
E1/B/SVM_RBF,pr,0.9926080461546386,1.0
E1/B/SVM_RBF,pr,0.9926338020913821,1.0
E1/B/SVM_RBF,pr,0.9926595580281254,1.0
E1/B/SVM_RBF,pr,0.9926853139648689,1.0
E1/B/SVM_RBF,pr,0.9927110699016123,1.0
E1/B/SVM_RBF,pr,0.9927368258383558,1.0
E1/B/SVM_RBF,pr,0.9927625817750991,1.0
E1/B/SVM_RBF,pr,0.9927883377118426,1.0
E1/B/SVM_RBF,pr,0.992814093648586,1.0
E1/B/SVM_RBF,pr,0.9928398495853294,1.0
E1/B/SVM_RBF,pr,0.9928656055220728,1.0
E1/B/SVM_RBF,pr,0.9928913614588163,1.0
E1/B/SVM_RBF,pr,0.9929171173955597,1.0
E1/B/SVM_RBF,pr,0.9929428733323031,1.0
E1/B/SVM_RBF,pr,0.9929686292690465,1.0
E1/B/SVM_RBF,pr,0.99299438520579,1.0
E1/B/SVM_RBF,pr,0.9930201411425333,1.0
E1/B/SVM_RBF,pr,0.9930458970792768,1.0
E1/B/SVM_RBF,pr,0.9930716530160202,1.0
E1/B/SVM_RBF,pr,0.9930974089527637,1.0
E1/B/SVM_RBF,pr,0.993123164889507,1.0
E1/B/SVM_RBF,pr,0.9931489208262505,1.0
E1/B/SVM_RBF,pr,0.9931746767629939,1.0
E1/B/SVM_RBF,pr,0.9932004326997372,1.0
E1/B/SVM_RBF,pr,0.9932261886364807,1.0
E1/B/SVM_RBF,pr,0.9932519445732241,1.0
E1/B/SVM_RBF,pr,0.9932777005099676,1.0
E1/B/SVM_RBF,pr,0.9933034564467109,1.0
E1/B/SVM_RBF,pr,0.9933292123834544,1.0
E1/B/SVM_RBF,pr,0.9933549683201978,1.0
E1/B/SVM_RBF,pr,0.9933807242569412,1.0
E1/B/SVM_RBF,pr,0.9934064801936846,1.0
E1/B/SVM_RBF,pr,0.9934322361304281,1.0
E1/B/SVM_RBF,pr,0.9934579920671714,1.0
E1/B/SVM_RBF,pr,0.9934837480039149,1.0
E1/B/SVM_RBF,pr,0.9935095039406583,1.0
E1/B/SVM_RBF,pr,0.9935352598774018,1.0
E1/B/SVM_RBF,pr,0.9935610158141451,1.0
E1/B/SVM_RBF,pr,0.9935867717508886,1.0
E1/B/SVM_RBF,pr,0.993612527687632,1.0
E1/B/SVM_RBF,pr,0.9936382836243755,1.0
E1/B/SVM_RBF,pr,0.9936640395611188,1.0
E1/B/SVM_RBF,pr,0.9936897954978623,1.0
E1/B/SVM_RBF,pr,0.9937155514346057,1.0
E1/B/SVM_RBF,pr,0.9937413073713491,1.0
E1/B/SVM_RBF,pr,0.9937670633080925,1.0
E1/B/SVM_RBF,pr,0.993792819244836,1.0
E1/B/SVM_RBF,pr,0.9938185751815793,1.0
E1/B/SVM_RBF,pr,0.9938443311183228,1.0
E1/B/SVM_RBF,pr,0.9938700870550662,1.0
E1/B/SVM_RBF,pr,0.9938958429918097,1.0
E1/B/SVM_RBF,pr,0.9999742440632566,0.9708434397739492
E1/B/SVM_RBF,pr,0.9999742440632566,0.9708191638327666
E1/B/SVM_RBF,pr,0.9999742440632566,0.9707948891055935
E1/B/SVM_RBF,pr,0.9999742440632566,0.9707706155923389
E1/B/SVM_RBF,pr,0.9999742440632566,0.9707463432929117
E1/B/SVM_RBF,pr,0.9999742440632566,0.9707220722072207
E1/B/SVM_RBF,pr,0.9999742440632566,0.9706978023351751
E1/B/SVM_RBF,pr,0.9999742440632566,0.9706735336766839
E1/B/SVM_RBF,pr,1.0,0.9706742668566715
E1/B/SVM_RBF,pr,1.0,0.97065
E1/B/XAI-SDN_Random_Forest,roc,0.0,0.0
E1/B/XAI-SDN_Random_Forest,roc,0.0,0.9916808324318755
E1/B/XAI-SDN_Random_Forest,roc,0.0,0.99299438520579
E1/B/XAI-SDN_Random_Forest,roc,0.0,0.9934322361304281
E1/B/XAI-SDN_Random_Forest,roc,0.0,0.9936640395611188
E1/B/XAI-SDN_Random_Forest,roc,0.0,0.9936897954978623
E1/B/XAI-SDN_Random_Forest,roc,0.0,0.9937413073713491
E1/B/XAI-SDN_Random_Forest,roc,0.0,0.9938700870550662
E1/B/XAI-SDN_Random_Forest,roc,0.0,0.9942821820429609
E1/B/XAI-SDN_Random_Forest,roc,0.0,0.994410961726678
E1/B/XAI-SDN_Random_Forest,roc,0.0,0.9944367176634215
E1/B/XAI-SDN_Random_Forest,roc,0.0,0.9945397414103951
E1/B/XAI-SDN_Random_Forest,roc,0.0,0.9947715448410859
E1/B/XAI-SDN_Random_Forest,roc,0.0,0.995389687322928
E1/B/XAI-SDN_Random_Forest,roc,0.0,0.9961108535517437
E1/B/XAI-SDN_Random_Forest,roc,0.0,0.9963426569824344
E1/B/XAI-SDN_Random_Forest,roc,0.0,0.9964199247926647
E1/B/XAI-SDN_Random_Forest,roc,0.002555366269165247,0.9964199247926647
E1/B/XAI-SDN_Random_Forest,roc,0.0034071550255536627,0.9964199247926647
E1/B/XAI-SDN_Random_Forest,roc,0.00596252129471891,0.9964199247926647
E1/B/XAI-SDN_Random_Forest,roc,0.0068143100511073255,0.9964199247926647
E1/B/XAI-SDN_Random_Forest,roc,0.0068143100511073255,0.9964714366661516
E1/B/XAI-SDN_Random_Forest,roc,0.007666098807495741,0.9964714366661516
E1/B/XAI-SDN_Random_Forest,roc,0.011073253833049404,0.9965229485396384
E1/B/XAI-SDN_Random_Forest,roc,0.014480408858603067,0.9965487044763818
E1/B/XAI-SDN_Random_Forest,roc,0.014480408858603067,0.9966517282233555
E1/B/XAI-SDN_Random_Forest,roc,0.014480408858603067,0.996806263843816
E1/B/XAI-SDN_Random_Forest,roc,0.014480408858603067,0.9968320197805595
E1/B/XAI-SDN_Random_Forest,roc,0.015332197614991482,0.9969865554010199
E1/B/XAI-SDN_Random_Forest,roc,0.016183986371379896,0.9971668469582239
E1/B/XAI-SDN_Random_Forest,roc,0.016183986371379896,0.9972183588317107
E1/B/XAI-SDN_Random_Forest,roc,0.017035775127768313,0.9972698707051976
E1/B/XAI-SDN_Random_Forest,roc,0.019591141396933562,0.9972698707051976
E1/B/XAI-SDN_Random_Forest,roc,0.024701873935264053,0.9972956266419409
E1/B/XAI-SDN_Random_Forest,roc,0.028960817717206135,0.9973471385154278
E1/B/XAI-SDN_Random_Forest,roc,0.029812606473594547,0.9973471385154278
E1/B/XAI-SDN_Random_Forest,roc,0.03151618398637138,0.9973728944521713
E1/B/XAI-SDN_Random_Forest,roc,0.03321976149914821,0.9973728944521713
E1/B/XAI-SDN_Random_Forest,roc,0.036626916524701875,0.9973986503889146
E1/B/XAI-SDN_Random_Forest,roc,0.03833049403747871,0.9973986503889146
E1/B/XAI-SDN_Random_Forest,roc,0.044293015332197615,0.9974244063256581
E1/B/XAI-SDN_Random_Forest,roc,0.048551959114139696,0.9974501622624015
E1/B/XAI-SDN_Random_Forest,roc,0.05281090289608177,0.9974501622624015
E1/B/XAI-SDN_Random_Forest,roc,0.056218057921635436,0.9974501622624015
E1/B/XAI-SDN_Random_Forest,roc,0.06047700170357751,0.9974501622624015
E1/B/XAI-SDN_Random_Forest,roc,0.065587734241908,0.9974501622624015
E1/B/XAI-SDN_Random_Forest,roc,0.07240204429301533,0.9974501622624015
E1/B/XAI-SDN_Random_Forest,roc,0.07751277683134583,0.9974501622624015
E1/B/XAI-SDN_Random_Forest,roc,0.08347529812606473,0.9974501622624015
E1/B/XAI-SDN_Random_Forest,roc,0.08603066439522998,0.9974501622624015
E1/B/XAI-SDN_Random_Forest,roc,0.08943781942078365,0.9974501622624015
E1/B/XAI-SDN_Random_Forest,roc,0.09795570698466781,0.9974501622624015
E1/B/XAI-SDN_Random_Forest,roc,0.10988074957410562,0.9974501622624015
E1/B/XAI-SDN_Random_Forest,roc,0.12691652470187392,0.9974759181991449
E1/B/XAI-SDN_Random_Forest,roc,0.13287904599659284,0.9974759181991449
E1/B/XAI-SDN_Random_Forest,roc,0.14224872231686542,0.9974759181991449
E1/B/XAI-SDN_Random_Forest,roc,0.14821124361158433,0.9974759181991449
E1/B/XAI-SDN_Random_Forest,roc,0.17546848381601363,0.9975274300726318
E1/B/XAI-SDN_Random_Forest,roc,0.18057921635434412,0.9975789419461186
E1/B/XAI-SDN_Random_Forest,roc,0.1890971039182283,0.9976562097563488
E1/B/XAI-SDN_Random_Forest,roc,0.19761499148211242,0.9976819656930923
E1/B/XAI-SDN_Random_Forest,roc,0.2120954003407155,0.9976819656930923
E1/B/XAI-SDN_Random_Forest,roc,0.22146507666098808,0.9976819656930923
E1/B/XAI-SDN_Random_Forest,roc,0.2393526405451448,0.9976819656930923
E1/B/XAI-SDN_Random_Forest,roc,0.25468483816013626,0.9976819656930923
E1/B/XAI-SDN_Random_Forest,roc,0.2580919931856899,0.9977077216298357
E1/B/XAI-SDN_Random_Forest,roc,0.2674616695059625,0.9977077216298357
E1/B/XAI-SDN_Random_Forest,roc,0.27512776831345825,0.9977077216298357
E1/B/XAI-SDN_Random_Forest,roc,0.29045996592844975,0.9977592335033225
E1/B/XAI-SDN_Random_Forest,roc,0.303236797274276,0.9977592335033225
E1/B/XAI-SDN_Random_Forest,roc,0.31090289608177174,0.9978107453768094
E1/B/XAI-SDN_Random_Forest,roc,0.31771720613287907,0.9978365013135527
E1/B/XAI-SDN_Random_Forest,roc,0.3228279386712095,0.9978622572502962
E1/B/XAI-SDN_Random_Forest,roc,0.32964224872231684,0.9978880131870396
E1/B/XAI-SDN_Random_Forest,roc,0.3364565587734242,0.9978880131870396
E1/B/XAI-SDN_Random_Forest,roc,0.3594548551959114,0.9978880131870396
E1/B/XAI-SDN_Random_Forest,roc,0.37649063032367974,0.997913769123783
E1/B/XAI-SDN_Random_Forest,roc,0.3909710391822828,0.997913769123783
E1/B/XAI-SDN_Random_Forest,roc,0.4028960817717206,0.9979652809972699
E1/B/XAI-SDN_Random_Forest,roc,0.4182282793867121,0.9979652809972699
E1/B/XAI-SDN_Random_Forest,roc,0.42589437819420783,0.9979910369340133
E1/B/XAI-SDN_Random_Forest,roc,0.4352640545144804,0.9980167928707567
E1/B/XAI-SDN_Random_Forest,roc,0.4463373083475298,0.9980167928707567
E1/B/XAI-SDN_Random_Forest,roc,0.45315161839863716,0.9980683047442436
E1/B/XAI-SDN_Random_Forest,roc,0.46252129471890974,0.9981713284912173
E1/B/XAI-SDN_Random_Forest,roc,0.47614991482112434,0.9981970844279606
E1/B/XAI-SDN_Random_Forest,roc,0.48637137989778534,0.9982228403647041
E1/B/XAI-SDN_Random_Forest,roc,0.4940374787052811,0.9983258641116778
E1/B/XAI-SDN_Random_Forest,roc,0.5034071550255537,0.9983773759851646
E1/B/XAI-SDN_Random_Forest,roc,0.514480408858603,0.998403131921908
E1/B/XAI-SDN_Random_Forest,roc,0.5229982964224872,0.9984803997321383
E1/B/XAI-SDN_Random_Forest,roc,0.5366269165247018,0.9986091794158554
E1/B/XAI-SDN_Random_Forest,roc,0.5417376490630323,0.9986091794158554
E1/B/XAI-SDN_Random_Forest,roc,0.5468483816013628,0.9986606912893422
E1/B/XAI-SDN_Random_Forest,roc,0.5477001703577513,0.9986864472260856
E1/B/XAI-SDN_Random_Forest,roc,0.5528109028960818,0.9986864472260856
E1/B/XAI-SDN_Random_Forest,roc,0.5570698466780238,0.998712203162829
E1/B/XAI-SDN_Random_Forest,roc,0.5638841567291312,0.9987894709730593
E1/B/XAI-SDN_Random_Forest,roc,0.5724020442930153,0.9988152269098027
E1/B/XAI-SDN_Random_Forest,roc,0.5826235093696763,0.9988667387832896
E1/B/XAI-SDN_Random_Forest,roc,0.5851788756388415,0.9989955184670066
E1/B/XAI-SDN_Random_Forest,roc,0.5919931856899489,0.999072786277237
E1/B/XAI-SDN_Random_Forest,roc,0.596252129471891,0.9991242981507238
E1/B/XAI-SDN_Random_Forest,roc,0.6013628620102215,0.9993045897079277
E1/B/XAI-SDN_Random_Forest,roc,0.6124361158432708,0.9994333693916447
E1/B/XAI-SDN_Random_Forest,roc,0.6192504258943782,0.9994591253283882
E1/B/XAI-SDN_Random_Forest,roc,0.6252129471890971,0.9995363931386184
E1/B/XAI-SDN_Random_Forest,roc,0.6337308347529813,0.9995879050121053
E1/B/XAI-SDN_Random_Forest,roc,0.641396933560477,0.999690928759079
E1/B/XAI-SDN_Random_Forest,roc,0.6473594548551959,0.9998197084427961
E1/B/XAI-SDN_Random_Forest,roc,0.65587734241908,0.9998197084427961
E1/B/XAI-SDN_Random_Forest,roc,0.661839863713799,0.9998197084427961
E1/B/XAI-SDN_Random_Forest,roc,0.6712095400340715,0.999871220316283
E1/B/XAI-SDN_Random_Forest,roc,0.6856899488926746,0.9998969762530263
E1/B/XAI-SDN_Random_Forest,roc,0.6959114139693356,0.9999484881265132
E1/B/XAI-SDN_Random_Forest,roc,0.7078364565587735,0.9999484881265132
E1/B/XAI-SDN_Random_Forest,roc,0.7282793867120954,0.9999742440632566
E1/B/XAI-SDN_Random_Forest,roc,0.7461669505962522,0.9999742440632566
E1/B/XAI-SDN_Random_Forest,roc,0.7649063032367973,0.9999742440632566
E1/B/XAI-SDN_Random_Forest,roc,0.7862010221465077,0.9999742440632566
E1/B/XAI-SDN_Random_Forest,roc,0.8057921635434412,0.9999742440632566
E1/B/XAI-SDN_Random_Forest,roc,0.8398637137989778,0.9999742440632566
E1/B/XAI-SDN_Random_Forest,roc,0.8671209540034072,0.9999742440632566
E1/B/XAI-SDN_Random_Forest,roc,0.883304940374787,0.9999742440632566
E1/B/XAI-SDN_Random_Forest,roc,0.8969335604770017,0.9999742440632566
E1/B/XAI-SDN_Random_Forest,roc,0.9105621805792163,1.0
E1/B/XAI-SDN_Random_Forest,roc,0.9216354344122658,1.0
E1/B/XAI-SDN_Random_Forest,roc,0.9258943781942078,1.0
E1/B/XAI-SDN_Random_Forest,roc,0.9378194207836457,1.0
E1/B/XAI-SDN_Random_Forest,roc,0.9429301533219762,1.0
E1/B/XAI-SDN_Random_Forest,roc,0.948892674616695,1.0
E1/B/XAI-SDN_Random_Forest,roc,0.9540034071550255,1.0
E1/B/XAI-SDN_Random_Forest,roc,0.9599659284497445,1.0
E1/B/XAI-SDN_Random_Forest,roc,0.9616695059625213,1.0
E1/B/XAI-SDN_Random_Forest,roc,0.9659284497444633,1.0
E1/B/XAI-SDN_Random_Forest,roc,0.9727427597955707,1.0
E1/B/XAI-SDN_Random_Forest,roc,0.9735945485519591,1.0
E1/B/XAI-SDN_Random_Forest,roc,0.9770017035775128,1.0
E1/B/XAI-SDN_Random_Forest,roc,0.9829642248722317,1.0
E1/B/XAI-SDN_Random_Forest,roc,0.9863713798977853,1.0
E1/B/XAI-SDN_Random_Forest,roc,0.9889267461669506,1.0
E1/B/XAI-SDN_Random_Forest,roc,0.9906303236797275,1.0
E1/B/XAI-SDN_Random_Forest,roc,0.9931856899488927,1.0
E1/B/XAI-SDN_Random_Forest,roc,0.9948892674616695,1.0
E1/B/XAI-SDN_Random_Forest,roc,0.9965928449744463,1.0
E1/B/XAI-SDN_Random_Forest,roc,1.0,1.0
E1/B/XAI-SDN_Random_Forest,pr,0.0,1.0
E1/B/XAI-SDN_Random_Forest,pr,0.9916808324318755,1.0
E1/B/XAI-SDN_Random_Forest,pr,0.99299438520579,1.0
E1/B/XAI-SDN_Random_Forest,pr,0.9934322361304281,1.0
E1/B/XAI-SDN_Random_Forest,pr,0.9936640395611188,1.0
E1/B/XAI-SDN_Random_Forest,pr,0.9936897954978623,1.0
E1/B/XAI-SDN_Random_Forest,pr,0.9937413073713491,1.0
E1/B/XAI-SDN_Random_Forest,pr,0.9938700870550662,1.0
E1/B/XAI-SDN_Random_Forest,pr,0.9940761345490136,1.0
E1/B/XAI-SDN_Random_Forest,pr,0.9942821820429609,1.0
E1/B/XAI-SDN_Random_Forest,pr,0.994410961726678,1.0
E1/B/XAI-SDN_Random_Forest,pr,0.9944367176634215,1.0
E1/B/XAI-SDN_Random_Forest,pr,0.9944882295369083,1.0
E1/B/XAI-SDN_Random_Forest,pr,0.9945397414103951,1.0
E1/B/XAI-SDN_Random_Forest,pr,0.9947715448410859,1.0
E1/B/XAI-SDN_Random_Forest,pr,0.995389687322928,1.0
E1/B/XAI-SDN_Random_Forest,pr,0.9961108535517437,1.0
E1/B/XAI-SDN_Random_Forest,pr,0.9963426569824344,1.0
E1/B/XAI-SDN_Random_Forest,pr,0.9963684129191779,1.0
E1/B/XAI-SDN_Random_Forest,pr,0.9963941688559212,1.0
E1/B/XAI-SDN_Random_Forest,pr,0.9964199247926647,1.0
E1/B/XAI-SDN_Random_Forest,pr,0.9964199247926647,0.9999224605841303
E1/B/XAI-SDN_Random_Forest,pr,0.9964199247926647,0.9998966167842651
E1/B/XAI-SDN_Random_Forest,pr,0.9964199247926647,0.9998190933994935
E1/B/XAI-SDN_Random_Forest,pr,0.9964199247926647,0.999793254942499
E1/B/XAI-SDN_Random_Forest,pr,0.9964456807294081,0.9997932602853008
E1/B/XAI-SDN_Random_Forest,pr,0.9964714366661516,0.9997932656278264
E1/B/XAI-SDN_Random_Forest,pr,0.9964714366661516,0.9997674298413355
E1/B/XAI-SDN_Random_Forest,pr,0.9964971926028949,0.9997157696183561
E1/B/XAI-SDN_Random_Forest,pr,0.9965229485396384,0.9996641174038859
E1/B/XAI-SDN_Random_Forest,pr,0.9965487044763818,0.9995608256477821
E1/B/XAI-SDN_Random_Forest,pr,0.9966517282233555,0.999560871025237
E1/B/XAI-SDN_Random_Forest,pr,0.996806263843816,0.9995609390738397
E1/B/XAI-SDN_Random_Forest,pr,0.9968320197805595,0.9995609504132231
E1/B/XAI-SDN_Random_Forest,pr,0.9969865554010199,0.9995352079944225
E1/B/XAI-SDN_Random_Forest,pr,0.9971668469582239,0.9995094875435653
E1/B/XAI-SDN_Random_Forest,pr,0.9972183588317107,0.9995095128688334
E1/B/XAI-SDN_Random_Forest,pr,0.9972698707051976,0.9994837377387713
E1/B/XAI-SDN_Random_Forest,pr,0.9972698707051976,0.9994063443718866
E1/B/XAI-SDN_Random_Forest,pr,0.9972956266419409,0.9992516129032258
E1/B/XAI-SDN_Random_Forest,pr,0.9973471385154278,0.9991227391180948
E1/B/XAI-SDN_Random_Forest,pr,0.9973471385154278,0.9990969606274833
E1/B/XAI-SDN_Random_Forest,pr,0.9973728944521713,0.9990454322643895
E1/B/XAI-SDN_Random_Forest,pr,0.9973728944521713,0.9989938859221422
E1/B/XAI-SDN_Random_Forest,pr,0.9973986503889146,0.9988908378043747
E1/B/XAI-SDN_Random_Forest,pr,0.9973986503889146,0.9988393087438742
E1/B/XAI-SDN_Random_Forest,pr,0.9974244063256581,0.9986590334725876
E1/B/XAI-SDN_Random_Forest,pr,0.9974501622624015,0.9985303217821783
E1/B/XAI-SDN_Random_Forest,pr,0.9974501622624015,0.9984016087034984
E1/B/XAI-SDN_Random_Forest,pr,0.9974501622624015,0.9982986621297657
E1/B/XAI-SDN_Random_Forest,pr,0.9974501622624015,0.9981700087633383
E1/B/XAI-SDN_Random_Forest,pr,0.9974501622624015,0.9980156684877848
E1/B/XAI-SDN_Random_Forest,pr,0.9974501622624015,0.9978099556838091
E1/B/XAI-SDN_Random_Forest,pr,0.9974501622624015,0.9976557267247154
E1/B/XAI-SDN_Random_Forest,pr,0.9974501622624015,0.9974758531873793
E1/B/XAI-SDN_Random_Forest,pr,0.9974501622624015,0.9973987843824045
E1/B/XAI-SDN_Random_Forest,pr,0.9974501622624015,0.9972960444993819
E1/B/XAI-SDN_Random_Forest,pr,0.9974501622624015,0.9971676494064938
E1/B/XAI-SDN_Random_Forest,pr,0.9974501622624015,0.9970392873693424
E1/B/XAI-SDN_Random_Forest,pr,0.9974501622624015,0.9966800494132181
E1/B/XAI-SDN_Random_Forest,pr,0.9974759181991449,0.9961673997479229
E1/B/XAI-SDN_Random_Forest,pr,0.9974759181991449,0.995988067071289
E1/B/XAI-SDN_Random_Forest,pr,0.9974759181991449,0.9957063889960149
E1/B/XAI-SDN_Random_Forest,pr,0.9974759181991449,0.995527222250784
E1/B/XAI-SDN_Random_Forest,pr,0.9975016741358883,0.9951180657262519
E1/B/XAI-SDN_Random_Forest,pr,0.9975274300726318,0.9947092664885967
E1/B/XAI-SDN_Random_Forest,pr,0.9975789419461186,0.9945562859490551
E1/B/XAI-SDN_Random_Forest,pr,0.9976562097563488,0.9943014092460919
E1/B/XAI-SDN_Random_Forest,pr,0.9976819656930923,0.9940463970437282
E1/B/XAI-SDN_Random_Forest,pr,0.9976819656930923,0.9936129280492497
E1/B/XAI-SDN_Random_Forest,pr,0.9976819656930923,0.9933326495025131
E1/B/XAI-SDN_Random_Forest,pr,0.9976819656930923,0.9927980111233565
E1/B/XAI-SDN_Random_Forest,pr,0.9976819656930923,0.9923402075060843
E1/B/XAI-SDN_Random_Forest,pr,0.9977077216298357,0.9922387295081967
E1/B/XAI-SDN_Random_Forest,pr,0.9977077216298357,0.9919592327981358
E1/B/XAI-SDN_Random_Forest,pr,0.9977077216298357,0.9917306707629289
E1/B/XAI-SDN_Random_Forest,pr,0.997733477566579,0.9915024315331457
E1/B/XAI-SDN_Random_Forest,pr,0.9977592335033225,0.991274309109519
E1/B/XAI-SDN_Random_Forest,pr,0.9977592335033225,0.9908939762117918
E1/B/XAI-SDN_Random_Forest,pr,0.9978107453768094,0.9906663939037488
E1/B/XAI-SDN_Random_Forest,pr,0.9978365013135527,0.9904640163620094
E1/B/XAI-SDN_Random_Forest,pr,0.9978622572502962,0.9903123562190073
E1/B/XAI-SDN_Random_Forest,pr,0.9978880131870396,0.9901101428534921
E1/B/XAI-SDN_Random_Forest,pr,0.9978880131870396,0.9899077646337413
E1/B/XAI-SDN_Random_Forest,pr,0.9978880131870396,0.9892253485165705
E1/B/XAI-SDN_Random_Forest,pr,0.997913769123783,0.9887207492280603
E1/B/XAI-SDN_Random_Forest,pr,0.997913769123783,0.9882920110192838
E1/B/XAI-SDN_Random_Forest,pr,0.9979652809972699,0.9879398266190719
E1/B/XAI-SDN_Random_Forest,pr,0.9979652809972699,0.9874866201131556
E1/B/XAI-SDN_Random_Forest,pr,0.9979910369340133,0.9872604973501834
E1/B/XAI-SDN_Random_Forest,pr,0.9980167928707567,0.986984207845135
E1/B/XAI-SDN_Random_Forest,pr,0.9980167928707567,0.9866575000636569
E1/B/XAI-SDN_Random_Forest,pr,0.9980683047442436,0.9864572461370058
E1/B/XAI-SDN_Random_Forest,pr,0.9981713284912173,0.9861825029263576
E1/B/XAI-SDN_Random_Forest,pr,0.9981970844279606,0.9857815083301539
E1/B/XAI-SDN_Random_Forest,pr,0.9982228403647041,0.9854810821806347
E1/B/XAI-SDN_Random_Forest,pr,0.9983258641116778,0.9852571109021123
E1/B/XAI-SDN_Random_Forest,pr,0.9983773759851646,0.9849824668394572
E1/B/XAI-SDN_Random_Forest,pr,0.998403131921908,0.9846575899207478
E1/B/XAI-SDN_Random_Forest,pr,0.9984803997321383,0.9844087250196796
E1/B/XAI-SDN_Random_Forest,pr,0.9986091794158554,0.9840109639104614
E1/B/XAI-SDN_Random_Forest,pr,0.9986091794158554,0.9838611449451888
E1/B/XAI-SDN_Random_Forest,pr,0.9986606912893422,0.9837121980921453
E1/B/XAI-SDN_Random_Forest,pr,0.9986864472260856,0.9836876553858643
E1/B/XAI-SDN_Random_Forest,pr,0.9986864472260856,0.9835379464285714
E1/B/XAI-SDN_Random_Forest,pr,0.998712203162829,0.9834136444331727
E1/B/XAI-SDN_Random_Forest,pr,0.9987894709730593,0.9832154357141046
E1/B/XAI-SDN_Random_Forest,pr,0.9988152269098027,0.9829666430092264
E1/B/XAI-SDN_Random_Forest,pr,0.9988667387832896,0.9826686261592257
E1/B/XAI-SDN_Random_Forest,pr,0.9989955184670066,0.9825961392308862
E1/B/XAI-SDN_Random_Forest,pr,0.999072786277237,0.9823983791313157
E1/B/XAI-SDN_Random_Forest,pr,0.9991242981507238,0.9822748911171882
E1/B/XAI-SDN_Random_Forest,pr,0.9993045897079277,0.9821288444500696
E1/B/XAI-SDN_Random_Forest,pr,0.9994333693916447,0.9818080611289629
E1/B/XAI-SDN_Random_Forest,pr,0.9994591253283882,0.9816098350703227
E1/B/XAI-SDN_Random_Forest,pr,0.9995363931386184,0.981437458904456
E1/B/XAI-SDN_Random_Forest,pr,0.9995879050121053,0.981190271527532
E1/B/XAI-SDN_Random_Forest,pr,0.999690928759079,0.9809689893092729
E1/B/XAI-SDN_Random_Forest,pr,0.9998197084427961,0.9807978978751358
E1/B/XAI-SDN_Random_Forest,pr,0.9998197084427961,0.9805501528202278
E1/B/XAI-SDN_Random_Forest,pr,0.9998197084427961,0.9803768057379534
E1/B/XAI-SDN_Random_Forest,pr,0.999871220316283,0.9801055315711076
E1/B/XAI-SDN_Random_Forest,pr,0.9998969762530263,0.979685567920862
E1/B/XAI-SDN_Random_Forest,pr,0.9999484881265132,0.979390025478671
E1/B/XAI-SDN_Random_Forest,pr,0.9999484881265132,0.9790442567141596
E1/B/XAI-SDN_Random_Forest,pr,0.9999742440632566,0.9784526209677419
E1/B/XAI-SDN_Random_Forest,pr,0.9999742440632566,0.9779350646079444
E1/B/XAI-SDN_Random_Forest,pr,0.9999742440632566,0.9773934496387483
E1/B/XAI-SDN_Random_Forest,pr,0.9999742440632566,0.976778705846835
E1/B/XAI-SDN_Random_Forest,pr,0.9999742440632566,0.9762138241432199
E1/B/XAI-SDN_Random_Forest,pr,0.9999742440632566,0.9752329758107056
E1/B/XAI-SDN_Random_Forest,pr,0.9999742440632566,0.9744497151318927
E1/B/XAI-SDN_Random_Forest,pr,0.9999742440632566,0.9739852491094275
E1/B/XAI-SDN_Random_Forest,pr,0.9999742440632566,0.9735944631124931
E1/B/XAI-SDN_Random_Forest,pr,1.0,0.9732046622383758
E1/B/XAI-SDN_Random_Forest,pr,1.0,0.9728876415756239
E1/B/XAI-SDN_Random_Forest,pr,1.0,0.9727657655400496
E1/B/XAI-SDN_Random_Forest,pr,1.0,0.9724246750319333
E1/B/XAI-SDN_Random_Forest,pr,1.0,0.9722785665990534
E1/B/XAI-SDN_Random_Forest,pr,1.0,0.972108162243365
E1/B/XAI-SDN_Random_Forest,pr,1.0,0.9719621489010164
E1/B/XAI-SDN_Random_Forest,pr,1.0,0.9717918554301304
E1/B/XAI-SDN_Random_Forest,pr,1.0,0.9717432111125016
E1/B/XAI-SDN_Random_Forest,pr,1.0,0.9716216216216216
E1/B/XAI-SDN_Random_Forest,pr,1.0,0.9714271417133707
E1/B/XAI-SDN_Random_Forest,pr,1.0,0.9714028371988291
E1/B/XAI-SDN_Random_Forest,pr,1.0,0.9713056313011282
E1/B/XAI-SDN_Random_Forest,pr,1.0,0.971135567783892
E1/B/XAI-SDN_Random_Forest,pr,1.0,0.9710384153661464
E1/B/XAI-SDN_Random_Forest,pr,1.0,0.9709655638082377
E1/B/XAI-SDN_Random_Forest,pr,1.0,0.9709170021755983
E1/B/XAI-SDN_Random_Forest,pr,1.0,0.9708927231807952
E1/B/XAI-SDN_Random_Forest,pr,1.0,0.970868445400215
E1/B/XAI-SDN_Random_Forest,pr,1.0,0.9708441688337668
E1/B/XAI-SDN_Random_Forest,pr,1.0,0.9707956193429015
E1/B/XAI-SDN_Random_Forest,pr,1.0,0.9707713464183023
E1/B/XAI-SDN_Random_Forest,pr,1.0,0.9707470747074708
E1/B/XAI-SDN_Random_Forest,pr,1.0,0.9706985349267463
E1/B/XAI-SDN_Random_Forest,pr,1.0,0.97065
E1/B/XGBoost,roc,0.0,0.0
E1/B/XGBoost,roc,0.0,0.242414876629063
E1/B/XGBoost,roc,0.0,0.4652809972698707
E1/B/XGBoost,roc,0.0,0.5568948642662134
E1/B/XGBoost,roc,0.0,0.5756966980889094
E1/B/XGBoost,roc,0.0,0.5852263946839746
E1/B/XGBoost,roc,0.0,0.6020965332509144
E1/B/XGBoost,roc,0.0,0.6896924741152836
E1/B/XGBoost,roc,0.0,0.7284036470406429
E1/B/XGBoost,roc,0.0,0.7784989440065935
E1/B/XGBoost,roc,0.0,0.8091227527945192
E1/B/XGBoost,roc,0.0,0.8459279864008654
E1/B/XGBoost,roc,0.0,0.8537320352341214
E1/B/XGBoost,roc,0.0,0.871941482511719
E1/B/XGBoost,roc,0.0,0.8728171843609952
E1/B/XGBoost,roc,0.0,0.8836089218564879
E1/B/XGBoost,roc,0.0,0.8857981764796785
E1/B/XGBoost,roc,0.0,0.8861845155308299
E1/B/XGBoost,roc,0.0,0.888708597331685
E1/B/XGBoost,roc,0.0,0.8889146448256323
E1/B/XGBoost,roc,0.0,0.889146448256323
E1/B/XGBoost,roc,0.0,0.8924174522227374
E1/B/XGBoost,roc,0.0,0.8925977437799413
E1/B/XGBoost,roc,0.0,0.8930871065780662
E1/B/XGBoost,roc,0.0,0.8932416421985268
E1/B/XGBoost,roc,0.0,0.8932931540720136
E1/B/XGBoost,roc,0.0,0.9033637253386906
E1/B/XGBoost,roc,0.0,0.903878844073559
E1/B/XGBoost,roc,0.0,0.9048575696698089
E1/B/XGBoost,roc,0.0,0.905965074949776
E1/B/XGBoost,roc,0.0,0.9061453665069799
E1/B/XGBoost,roc,0.0,0.9066604852418483
E1/B/XGBoost,roc,0.0,0.9074074074074074
E1/B/XGBoost,roc,0.0,0.9074331633441508
E1/B/XGBoost,roc,0.0,0.9170658836861897
E1/B/XGBoost,roc,0.0,0.9205686910832948
E1/B/XGBoost,roc,0.0,0.920774738577242
E1/B/XGBoost,roc,0.0,0.9208520063874723
E1/B/XGBoost,roc,0.0,0.9208777623242157
E1/B/XGBoost,roc,0.0,0.9219337557306959
E1/B/XGBoost,roc,0.0,0.922242826971617
E1/B/XGBoost,roc,0.0,0.9226549219595117
E1/B/XGBoost,roc,0.0,0.9226806778962551
E1/B/XGBoost,roc,0.0,0.9229124813269458
E1/B/XGBoost,roc,0.0,0.9232473085046103
E1/B/XGBoost,roc,0.0,0.9246896409622418
E1/B/XGBoost,roc,0.0,0.9249987122031629
E1/B/XGBoost,roc,0.0,0.9272137227630969
E1/B/XGBoost,roc,0.0,0.9273167465100706
E1/B/XGBoost,roc,0.0,0.9274197702570443
E1/B/XGBoost,roc,0.0,0.9274455261937876
E1/B/XGBoost,roc,0.0,0.9276258177509916
E1/B/XGBoost,roc,0.0,0.9277288414979653
E1/B/XGBoost,roc,0.0,0.9277545974347087
E1/B/XGBoost,roc,0.0,0.927831865244939
E1/B/XGBoost,roc,0.0,0.927960644928656
E1/B/XGBoost,roc,0.0,0.9281409364858599
E1/B/XGBoost,roc,0.0,0.9281666924226034
E1/B/XGBoost,roc,0.0,0.9285015196002678
E1/B/XGBoost,roc,0.0,0.9292226858290836
E1/B/XGBoost,roc,0.0,0.9292741977025705
E1/B/XGBoost,roc,0.0,0.9295060011332612
E1/B/XGBoost,roc,0.0,0.9296605367537217
E1/B/XGBoost,roc,0.0,0.934837480039149
E1/B/XGBoost,roc,0.0,0.9357904496986555
E1/B/XGBoost,roc,0.0,0.9359449853191161
E1/B/XGBoost,roc,0.0,0.9360737650028331
E1/B/XGBoost,roc,0.0,0.9366661515479318
E1/B/XGBoost,roc,0.0,0.9367176634214186
E1/B/XGBoost,roc,0.0,0.9367949312316489
E1/B/XGBoost,roc,0.0,0.9384175552464843
E1/B/XGBoost,roc,0.0,0.9385463349302015
E1/B/XGBoost,roc,0.0,0.9385720908669448
E1/B/XGBoost,roc,0.0,0.9389326739813527
E1/B/XGBoost,roc,0.0,0.9404522742492144
E1/B/XGBoost,roc,0.0,0.9405037861227012
E1/B/XGBoost,roc,0.0,0.9406840776799053
E1/B/XGBoost,roc,0.0,0.9408386133003658
E1/B/XGBoost,roc,0.0,0.9414825117189513
E1/B/XGBoost,roc,0.0,0.9418688507701025
E1/B/XGBoost,roc,0.0,0.9426672848091485
E1/B/XGBoost,roc,0.0,0.942821820429609
E1/B/XGBoost,roc,0.0,0.9428475763663524
E1/B/XGBoost,roc,0.0,0.9429248441765827
E1/B/XGBoost,roc,0.0,0.9429506001133261
E1/B/XGBoost,roc,0.0,0.9433884510379642
E1/B/XGBoost,roc,0.0,0.9434142069747077
E1/B/XGBoost,roc,0.0,0.9437747900891156
E1/B/XGBoost,roc,0.0,0.943980837583063
E1/B/XGBoost,roc,0.0,0.9441353732035234
E1/B/XGBoost,roc,0.0,0.9441868850770102
E1/B/XGBoost,roc,0.0,0.9442126410137537
E1/B/XGBoost,roc,0.0,0.9443414206974707
E1/B/XGBoost,roc,0.0,0.9443929325709576
E1/B/XGBoost,roc,0.0,0.9444702003811879
E1/B/XGBoost,roc,0.0,0.9444959563179313
E1/B/XGBoost,roc,0.0,0.944598980064905
E1/B/XGBoost,roc,0.0,0.9446247360016484
E1/B/XGBoost,roc,0.0,0.9448050275588523
E1/B/XGBoost,roc,0.0,0.9448565394323392
E1/B/XGBoost,roc,0.0,0.9450883428630299
E1/B/XGBoost,roc,0.0,0.9473291093597074
E1/B/XGBoost,roc,0.0,0.9473548652964509
E1/B/XGBoost,roc,0.0,0.9479987637150363
E1/B/XGBoost,roc,0.0,0.9486169061968783
E1/B/XGBoost,roc,0.0,0.9610055117704631
E1/B/XGBoost,roc,0.0,0.96105702364395
E1/B/XGBoost,roc,0.0,0.9613918508216144
E1/B/XGBoost,roc,0.0,0.9616236542523051
E1/B/XGBoost,roc,0.0,0.9620872611136867
E1/B/XGBoost,roc,0.0,0.9621130170504302
E1/B/XGBoost,roc,0.0,0.962164528923917
E1/B/XGBoost,roc,0.0,0.9622675526708906
E1/B/XGBoost,roc,0.0,0.9623705764178643
E1/B/XGBoost,roc,0.0,0.9649461700922063
E1/B/XGBoost,roc,0.0,0.9649976819656931
E1/B/XGBoost,roc,0.0,0.96504919383918
E1/B/XGBoost,roc,0.0,0.9651522175861537
E1/B/XGBoost,roc,0.0,0.965177973522897
E1/B/XGBoost,roc,0.0,0.9654612888270746
E1/B/XGBoost,roc,0.0,0.9658218719414825
E1/B/XGBoost,roc,0.0,0.9698913099469427
E1/B/XGBoost,roc,0.0,0.9699170658836862
E1/B/XGBoost,roc,0.0,0.9702261371246073
E1/B/XGBoost,roc,0.0,0.970767011796219
E1/B/XGBoost,roc,0.0,0.9717714933292124
E1/B/XGBoost,roc,0.0,0.9718230052026993
E1/B/XGBoost,roc,0.0,0.971926028949673
E1/B/XGBoost,roc,0.0,0.9730335342296399
E1/B/XGBoost,roc,0.0,0.9739607479524031
E1/B/XGBoost,roc,0.0,0.9740122598258899
E1/B/XGBoost,roc,0.0,0.9741925513830938
E1/B/XGBoost,roc,0.0,0.9742440632565806
E1/B/XGBoost,roc,0.0,0.9743213310668108
E1/B/XGBoost,roc,0.0,0.9743985988770412
E1/B/XGBoost,roc,0.0,0.9745788904342451
E1/B/XGBoost,roc,0.0,0.9748106938649359
E1/B/XGBoost,roc,0.0,0.9748364498016793
E1/B/XGBoost,roc,0.0,0.9754288363467779
E1/B/XGBoost,roc,0.0,0.9755576160304951
E1/B/XGBoost,roc,0.0,0.9756606397774688
E1/B/XGBoost,roc,0.0,0.9759954669551332
E1/B/XGBoost,roc,0.0,0.9763560500695411
E1/B/XGBoost,roc,0.0,0.9764333178797713
E1/B/XGBoost,roc,0.0,0.9764848297532581
E1/B/XGBoost,roc,0.0,0.976536341626745
E1/B/XGBoost,roc,0.0,0.9773090197290475
E1/B/XGBoost,roc,0.0,0.977463555349508
E1/B/XGBoost,roc,0.0,0.9774893112862515
E1/B/XGBoost,roc,0.0,0.9775923350332252
E1/B/XGBoost,roc,0.0,0.9776180909699685
E1/B/XGBoost,roc,0.0,0.9782104775150672
E1/B/XGBoost,roc,0.0,0.9782877453252975
E1/B/XGBoost,roc,0.0,0.9783650131355277
E1/B/XGBoost,roc,0.0,0.9796785659094421
E1/B/XGBoost,roc,0.0,0.9797043218461855
E1/B/XGBoost,roc,0.0,0.9797815896564158
E1/B/XGBoost,roc,0.0,0.9798073455931592
E1/B/XGBoost,roc,0.0,0.9798846134033895
E1/B/XGBoost,roc,0.0,0.9800133930871066
E1/B/XGBoost,roc,0.0,0.9801164168340802
E1/B/XGBoost,roc,0.0,0.9801936846443106
E1/B/XGBoost,roc,0.0,0.9802709524545408
E1/B/XGBoost,roc,0.0,0.9803224643280276
E1/B/XGBoost,roc,0.0,0.9803997321382578
E1/B/XGBoost,roc,0.0,0.9804512440117447
E1/B/XGBoost,roc,0.0,0.980528511821975
E1/B/XGBoost,roc,0.0,0.9806315355689487
E1/B/XGBoost,roc,0.0,0.9806830474424355
E1/B/XGBoost,roc,0.0,0.981455725544738
E1/B/XGBoost,roc,0.0,0.9818678205326328
E1/B/XGBoost,roc,0.0,0.9818935764693761
E1/B/XGBoost,roc,0.0,0.982125379900067
E1/B/XGBoost,roc,0.0,0.9822799155205275
E1/B/XGBoost,roc,0.0,0.9824086952042446
E1/B/XGBoost,roc,0.0,0.9824602070777314
E1/B/XGBoost,roc,0.0,0.982743522381909
E1/B/XGBoost,roc,0.0,0.9828207901921393
E1/B/XGBoost,roc,0.0,0.9829753258125998
E1/B/XGBoost,roc,0.0,0.984829753258126
E1/B/XGBoost,roc,0.0,0.9848555091948694
E1/B/XGBoost,roc,0.0,0.9849327770050996
E1/B/XGBoost,roc,0.0,0.9849585329418431
E1/B/XGBoost,roc,0.0,0.9850615566888168
E1/B/XGBoost,roc,0.0,0.9850873126255602
E1/B/XGBoost,roc,0.0,0.9851903363725338
E1/B/XGBoost,roc,0.0,0.9852418482460207
E1/B/XGBoost,roc,0.0,0.9852933601195075
E1/B/XGBoost,roc,0.0,0.9861433060320404
E1/B/XGBoost,roc,0.0,0.9863235975892444
E1/B/XGBoost,roc,0.0,0.9864523772729614
E1/B/XGBoost,roc,0.0,0.9865296450831916
E1/B/XGBoost,roc,0.0,0.9870190078813167
E1/B/XGBoost,roc,0.0,0.9870705197548035
E1/B/XGBoost,roc,0.0,0.9871220316282904
E1/B/XGBoost,roc,0.0,0.9879719775408231
E1/B/XGBoost,roc,0.0,0.98802348941431
E1/B/XGBoost,roc,0.0,0.9881007572245403
E1/B/XGBoost,roc,0.0,0.9881265131612836
E1/B/XGBoost,roc,0.0,0.9882552928450008
E1/B/XGBoost,roc,0.0,0.9883068047184876
E1/B/XGBoost,roc,0.0,0.9883840725287178
E1/B/XGBoost,roc,0.0,0.9889764590738165
E1/B/XGBoost,roc,0.0,0.9891052387575336
E1/B/XGBoost,roc,0.0,0.9891567506310205
E1/B/XGBoost,roc,0.0,0.9894143099984546
E1/B/XGBoost,roc,0.0,0.9897233812393756
E1/B/XGBoost,roc,0.0,0.9898521609230928
E1/B/XGBoost,roc,0.0,0.989929428733323
E1/B/XGBoost,roc,0.0,0.9899551846700665
E1/B/XGBoost,roc,0.0,0.9901869881007572
E1/B/XGBoost,roc,0.0,0.9902642559109874
E1/B/XGBoost,roc,0.0,0.9904445474681914
E1/B/XGBoost,roc,0.0,0.9904703034049348
E1/B/XGBoost,roc,0.0,0.9905475712151651
E1/B/XGBoost,roc,0.0,0.9905733271519085
E1/B/XGBoost,roc,0.0,0.9906505949621388
E1/B/XGBoost,roc,0.0,0.9906763508988822
E1/B/XGBoost,roc,0.0,0.9907536187091125
E1/B/XGBoost,roc,0.0,0.9908823983928295
E1/B/XGBoost,roc,0.0,0.9909339102663164
E1/B/XGBoost,roc,0.0,0.9910111780765466
E1/B/XGBoost,roc,0.0,0.9911142018235203
E1/B/XGBoost,roc,0.0,0.9911914696337506
E1/B/XGBoost,roc,0.0,0.991397517127698
E1/B/XGBoost,roc,0.0,0.991526296811415
E1/B/XGBoost,roc,0.0,0.9915778086849019
E1/B/XGBoost,roc,0.0,0.9916035646216453
E1/B/XGBoost,roc,0.0,0.9918611239890794
E1/B/XGBoost,roc,0.0,0.9919383917993098
E1/B/XGBoost,roc,0.0,0.9920414155462834
E1/B/XGBoost,roc,0.0,0.9920671714830268
E1/B/XGBoost,roc,0.0,0.9921701952300005
E1/B/XGBoost,roc,0.0,0.9922474630402308
E1/B/XGBoost,roc,0.0,0.9923504867872045
E1/B/XGBoost,roc,0.0,0.9925307783444084
E1/B/XGBoost,roc,0.0,0.9925565342811518
E1/B/XGBoost,roc,0.0,0.9928656055220728
E1/B/XGBoost,roc,0.0,0.9928913614588163
E1/B/XGBoost,roc,0.0,0.9929428733323031
E1/B/XGBoost,roc,0.0,0.9930201411425333
E1/B/XGBoost,roc,0.0,0.9931489208262505
E1/B/XGBoost,roc,0.0,0.9932519445732241
E1/B/XGBoost,roc,0.0,0.9932777005099676
E1/B/XGBoost,roc,0.0,0.9934322361304281
E1/B/XGBoost,roc,0.0,0.9935610158141451
E1/B/XGBoost,roc,0.0,0.993612527687632
E1/B/XGBoost,roc,0.0,0.9936897954978623
E1/B/XGBoost,roc,0.0,0.9937413073713491
E1/B/XGBoost,roc,0.0,0.9938958429918097
E1/B/XGBoost,roc,0.0,0.9939988667387832
E1/B/XGBoost,roc,0.0,0.9943336939164478
E1/B/XGBoost,roc,0.0,0.9944367176634215
E1/B/XGBoost,roc,0.0,0.994591253283882
E1/B/XGBoost,roc,0.0,0.9946427651573688
E1/B/XGBoost,roc,0.0,0.9947457889043424
E1/B/XGBoost,roc,0.0,0.9947973007778292
E1/B/XGBoost,roc,0.0,0.9949518363982898
E1/B/XGBoost,roc,0.0008517887563884157,0.9949518363982898
E1/B/XGBoost,roc,0.0008517887563884157,0.9950033482717766
E1/B/XGBoost,roc,0.0008517887563884157,0.9953381754494411
E1/B/XGBoost,roc,0.0008517887563884157,0.9953639313861845
E1/B/XGBoost,roc,0.0017035775127768314,0.9953639313861845
E1/B/XGBoost,roc,0.0017035775127768314,0.9972956266419409
E1/B/XGBoost,roc,0.011073253833049404,0.9972956266419409
E1/B/XGBoost,roc,0.012776831345826235,0.9972956266419409
E1/B/XGBoost,roc,0.022998296422487224,0.9972956266419409
E1/B/XGBoost,roc,0.026405451448040886,0.9972956266419409
E1/B/XGBoost,roc,0.028109028960817718,0.9972956266419409
E1/B/XGBoost,roc,0.03577512776831346,0.9972956266419409
E1/B/XGBoost,roc,0.05110732538330494,0.9972956266419409
E1/B/XGBoost,roc,0.05281090289608177,0.9972956266419409
E1/B/XGBoost,roc,0.054514480408858604,0.9972956266419409
E1/B/XGBoost,roc,0.05706984667802385,0.9972956266419409
E1/B/XGBoost,roc,0.05706984667802385,0.9973213825786844
E1/B/XGBoost,roc,0.06047700170357751,0.9973213825786844
E1/B/XGBoost,roc,0.06047700170357751,0.9973471385154278
E1/B/XGBoost,roc,0.06303236797274275,0.9973471385154278
E1/B/XGBoost,roc,0.07921635434412266,0.9973471385154278
E1/B/XGBoost,roc,0.0817717206132879,0.9973471385154278
E1/B/XGBoost,roc,0.08262350936967632,0.9973471385154278
E1/B/XGBoost,roc,0.08858603066439523,0.9973471385154278
E1/B/XGBoost,roc,0.09028960817717206,0.9973471385154278
E1/B/XGBoost,roc,0.09454855195911414,0.9973471385154278
E1/B/XGBoost,roc,0.09540034071550256,0.9973471385154278
E1/B/XGBoost,roc,0.09625212947189098,0.9973728944521713
E1/B/XGBoost,roc,0.09625212947189098,0.9974244063256581
E1/B/XGBoost,roc,0.10221465076660988,0.9974244063256581
E1/B/XGBoost,roc,0.10391822827938671,0.9974244063256581
E1/B/XGBoost,roc,0.10817717206132879,0.9974244063256581
E1/B/XGBoost,roc,0.11328790459965929,0.9974244063256581
E1/B/XGBoost,roc,0.11499148211243612,0.9974244063256581
E1/B/XGBoost,roc,0.12180579216354344,0.9975274300726318
E1/B/XGBoost,roc,0.12350936967632027,0.9975274300726318
E1/B/XGBoost,roc,0.14991482112436116,0.9975274300726318
E1/B/XGBoost,roc,0.15076660988074958,0.9975274300726318
E1/B/XGBoost,roc,0.15332197614991483,0.9975274300726318
E1/B/XGBoost,roc,0.16609880749574105,0.9975274300726318
E1/B/XGBoost,roc,0.16695059625212946,0.9975274300726318
E1/B/XGBoost,roc,0.17206132879045996,0.9975274300726318
E1/B/XGBoost,roc,0.1737649063032368,0.9975274300726318
E1/B/XGBoost,roc,0.17632027257240204,0.9975274300726318
E1/B/XGBoost,roc,0.17802385008517888,0.9975274300726318
E1/B/XGBoost,roc,0.1797274275979557,0.9975274300726318
E1/B/XGBoost,roc,0.18313458262350937,0.9975274300726318
E1/B/XGBoost,roc,0.18568994889267462,0.9975274300726318
E1/B/XGBoost,roc,0.18739352640545145,0.9975274300726318
E1/B/XGBoost,roc,0.18824531516183987,0.9975274300726318
E1/B/XGBoost,roc,0.19165247018739354,0.9975274300726318
E1/B/XGBoost,roc,0.19335604770017037,0.9975274300726318
E1/B/XGBoost,roc,0.2010221465076661,0.9975274300726318
E1/B/XGBoost,roc,0.20528109028960817,0.9975274300726318
E1/B/XGBoost,roc,0.206984667802385,0.9975274300726318
E1/B/XGBoost,roc,0.20954003407155025,0.9975274300726318
E1/B/XGBoost,roc,0.21124361158432708,0.9975274300726318
E1/B/XGBoost,roc,0.2120954003407155,0.9975274300726318
E1/B/XGBoost,roc,0.21465076660988075,0.9978622572502962
E1/B/XGBoost,roc,0.21550255536626917,0.9978622572502962
E1/B/XGBoost,roc,0.21976149914821125,0.9978622572502962
E1/B/XGBoost,roc,0.22487223168654175,0.9978622572502962
E1/B/XGBoost,roc,0.22657580919931858,0.9978622572502962
E1/B/XGBoost,roc,0.22657580919931858,0.997913769123783
E1/B/XGBoost,roc,0.22657580919931858,0.9979395250605264
E1/B/XGBoost,roc,0.23509369676320271,0.9979395250605264
E1/B/XGBoost,roc,0.23679727427597955,0.9979395250605264
E1/B/XGBoost,roc,0.2393526405451448,0.9979910369340133
E1/B/XGBoost,roc,0.2402044293015332,0.9980167928707567
E1/B/XGBoost,roc,0.24190800681431004,0.9980167928707567
E1/B/XGBoost,roc,0.24361158432708688,0.9980167928707567
E1/B/XGBoost,roc,0.24616695059625213,0.9980167928707567
E1/B/XGBoost,roc,0.24701873935264054,0.9980167928707567
E1/B/XGBoost,roc,0.29471890971039183,0.9980167928707567
E1/B/XGBoost,roc,0.29471890971039183,0.9980425488075001
E1/B/XGBoost,roc,0.3083475298126065,0.9980425488075001
E1/B/XGBoost,roc,0.31090289608177174,0.9980425488075001
E1/B/XGBoost,roc,0.3126064735945486,0.9980425488075001
E1/B/XGBoost,roc,0.32112436115843274,0.9980425488075001
E1/B/XGBoost,roc,0.32453151618398635,0.9980425488075001
E1/B/XGBoost,roc,0.34582623509369675,0.9981198166177304
E1/B/XGBoost,roc,0.34667802385008517,0.9981198166177304
E1/B/XGBoost,roc,0.3492333901192504,0.9981198166177304
E1/B/XGBoost,roc,0.36030664395229983,0.9981198166177304
E1/B/XGBoost,roc,0.36201022146507666,0.9981198166177304
E1/B/XGBoost,roc,0.36626916524701875,0.9981198166177304
E1/B/XGBoost,roc,0.368824531516184,0.9981198166177304
E1/B/XGBoost,roc,0.37052810902896083,0.9981198166177304
E1/B/XGBoost,roc,0.40119250425894376,0.9981198166177304
E1/B/XGBoost,roc,0.40119250425894376,0.9981455725544738
E1/B/XGBoost,roc,0.4045996592844974,0.9981455725544738
E1/B/XGBoost,roc,0.4071550255536627,0.9981455725544738
E1/B/XGBoost,roc,0.4080068143100511,0.9981455725544738
E1/B/XGBoost,roc,0.4080068143100511,0.9981713284912173
E1/B/XGBoost,roc,0.41141396933560476,0.9981713284912173
E1/B/XGBoost,roc,0.4148211243611584,0.9981713284912173
E1/B/XGBoost,roc,0.41567291311754684,0.9981713284912173
E1/B/XGBoost,roc,0.4190800681431005,0.9981713284912173
E1/B/XGBoost,roc,0.42163543441226575,0.9981713284912173
E1/B/XGBoost,roc,0.424190800681431,0.9981713284912173
E1/B/XGBoost,roc,0.42589437819420783,0.998712203162829
E1/B/XGBoost,roc,0.4778534923339012,0.998712203162829
E1/B/XGBoost,roc,0.4787052810902896,0.998712203162829
E1/B/XGBoost,roc,0.5195911413969335,0.9987379590995724
E1/B/XGBoost,roc,0.5221465076660988,0.9987379590995724
E1/B/XGBoost,roc,0.5229982964224872,0.9987379590995724
E1/B/XGBoost,roc,0.5485519591141397,0.9987379590995724
E1/B/XGBoost,roc,0.5519591141396933,0.9987379590995724
E1/B/XGBoost,roc,0.5519591141396933,0.9987637150363159
E1/B/XGBoost,roc,0.6695059625212947,0.9987637150363159
E1/B/XGBoost,roc,0.6746166950596252,0.9987637150363159
E1/B/XGBoost,roc,0.6746166950596252,0.9987894709730593
E1/B/XGBoost,roc,0.682282793867121,0.9987894709730593
E1/B/XGBoost,roc,0.6916524701873935,0.9989697625302633
E1/B/XGBoost,roc,0.7035775127768313,0.9989697625302633
E1/B/XGBoost,roc,0.7044293015332198,0.9989697625302633
E1/B/XGBoost,roc,0.8781942078364565,0.9989697625302633
E1/B/XGBoost,roc,0.8850085178875639,0.9990470303404935
E1/B/XGBoost,roc,0.8884156729131175,0.9990470303404935
E1/B/XGBoost,roc,0.889267461669506,0.9990470303404935
E1/B/XGBoost,roc,0.8918228279386712,0.999072786277237
E1/B/XGBoost,roc,0.9327086882453152,0.999072786277237
E1/B/XGBoost,roc,0.9352640545144804,0.999072786277237
E1/B/XGBoost,roc,0.9395229982964225,0.999072786277237
E1/B/XGBoost,roc,0.9471890971039182,0.999072786277237
E1/B/XGBoost,roc,0.9480408858603067,0.999072786277237
E1/B/XGBoost,roc,0.948892674616695,0.9991500540874672
E1/B/XGBoost,roc,0.965076660988075,0.9991500540874672
E1/B/XGBoost,roc,0.9659284497444633,0.9991500540874672
E1/B/XGBoost,roc,0.9659284497444633,0.9991758100242106
E1/B/XGBoost,roc,0.9667802385008518,0.9991758100242106
E1/B/XGBoost,roc,0.9667802385008518,0.9992530778344408
E1/B/XGBoost,roc,0.9684838160136287,0.9997939525060526
E1/B/XGBoost,roc,0.9701873935264055,0.9997939525060526
E1/B/XGBoost,roc,0.975298126064736,0.9997939525060526
E1/B/XGBoost,roc,0.9761499148211243,0.9997939525060526
E1/B/XGBoost,roc,0.9761499148211243,0.9998454643795395
E1/B/XGBoost,roc,0.9770017035775128,0.9998454643795395
E1/B/XGBoost,roc,0.9787052810902896,0.9998454643795395
E1/B/XGBoost,roc,0.9804088586030665,0.9998454643795395
E1/B/XGBoost,roc,0.9846678023850085,1.0
E1/B/XGBoost,roc,1.0,1.0
E1/B/XGBoost,pr,0.0,1.0
E1/B/XGBoost,pr,0.242414876629063,1.0
E1/B/XGBoost,pr,0.4652809972698707,1.0
E1/B/XGBoost,pr,0.5568948642662134,1.0
E1/B/XGBoost,pr,0.5852263946839746,1.0
E1/B/XGBoost,pr,0.6020965332509144,1.0
E1/B/XGBoost,pr,0.6896924741152836,1.0
E1/B/XGBoost,pr,0.7284036470406429,1.0
E1/B/XGBoost,pr,0.8091227527945192,1.0
E1/B/XGBoost,pr,0.8459279864008654,1.0
E1/B/XGBoost,pr,0.8537320352341214,1.0
E1/B/XGBoost,pr,0.871941482511719,1.0
E1/B/XGBoost,pr,0.8836089218564879,1.0
E1/B/XGBoost,pr,0.8857981764796785,1.0
E1/B/XGBoost,pr,0.8861845155308299,1.0
E1/B/XGBoost,pr,0.888708597331685,1.0
E1/B/XGBoost,pr,0.889146448256323,1.0
E1/B/XGBoost,pr,0.8924174522227374,1.0
E1/B/XGBoost,pr,0.8925977437799413,1.0
E1/B/XGBoost,pr,0.8930871065780662,1.0
E1/B/XGBoost,pr,0.8932416421985268,1.0
E1/B/XGBoost,pr,0.8932931540720136,1.0
E1/B/XGBoost,pr,0.9033637253386906,1.0
E1/B/XGBoost,pr,0.903878844073559,1.0
E1/B/XGBoost,pr,0.905965074949776,1.0
E1/B/XGBoost,pr,0.9061453665069799,1.0
E1/B/XGBoost,pr,0.9066604852418483,1.0
E1/B/XGBoost,pr,0.9074074074074074,1.0
E1/B/XGBoost,pr,0.9170658836861897,1.0
E1/B/XGBoost,pr,0.9205686910832948,1.0
E1/B/XGBoost,pr,0.9206717148302683,1.0
E1/B/XGBoost,pr,0.920774738577242,1.0
E1/B/XGBoost,pr,0.9208777623242157,1.0
E1/B/XGBoost,pr,0.9219337557306959,1.0
E1/B/XGBoost,pr,0.922242826971617,1.0
E1/B/XGBoost,pr,0.9226549219595117,1.0
E1/B/XGBoost,pr,0.9229124813269458,1.0
E1/B/XGBoost,pr,0.9232473085046103,1.0
E1/B/XGBoost,pr,0.9246896409622418,1.0
E1/B/XGBoost,pr,0.9249987122031629,1.0
E1/B/XGBoost,pr,0.9272652346365837,1.0
E1/B/XGBoost,pr,0.9273167465100706,1.0
E1/B/XGBoost,pr,0.9274197702570443,1.0
E1/B/XGBoost,pr,0.9274455261937876,1.0
E1/B/XGBoost,pr,0.9277288414979653,1.0
E1/B/XGBoost,pr,0.9277545974347087,1.0
E1/B/XGBoost,pr,0.927831865244939,1.0
E1/B/XGBoost,pr,0.927960644928656,1.0
E1/B/XGBoost,pr,0.9281666924226034,1.0
E1/B/XGBoost,pr,0.9285015196002678,1.0
E1/B/XGBoost,pr,0.9292226858290836,1.0
E1/B/XGBoost,pr,0.9292741977025705,1.0
E1/B/XGBoost,pr,0.9296605367537217,1.0
E1/B/XGBoost,pr,0.934837480039149,1.0
E1/B/XGBoost,pr,0.9357904496986555,1.0
E1/B/XGBoost,pr,0.9359449853191161,1.0
E1/B/XGBoost,pr,0.9366661515479318,1.0
E1/B/XGBoost,pr,0.9366919074846752,1.0
E1/B/XGBoost,pr,0.9367176634214186,1.0
E1/B/XGBoost,pr,0.9367949312316489,1.0
E1/B/XGBoost,pr,0.9385463349302015,1.0
E1/B/XGBoost,pr,0.9385720908669448,1.0
E1/B/XGBoost,pr,0.9387523824241487,1.0
E1/B/XGBoost,pr,0.9389326739813527,1.0
E1/B/XGBoost,pr,0.9405037861227012,1.0
E1/B/XGBoost,pr,0.9406840776799053,1.0
E1/B/XGBoost,pr,0.9407613454901355,1.0
E1/B/XGBoost,pr,0.9408386133003658,1.0
E1/B/XGBoost,pr,0.9418688507701025,1.0
E1/B/XGBoost,pr,0.9426672848091485,1.0
E1/B/XGBoost,pr,0.942821820429609,1.0
E1/B/XGBoost,pr,0.9428475763663524,1.0
E1/B/XGBoost,pr,0.9429506001133261,1.0
E1/B/XGBoost,pr,0.9433884510379642,1.0
E1/B/XGBoost,pr,0.9434142069747077,1.0
E1/B/XGBoost,pr,0.9437747900891156,1.0
E1/B/XGBoost,pr,0.9441353732035234,1.0
E1/B/XGBoost,pr,0.9441868850770102,1.0
E1/B/XGBoost,pr,0.9442126410137537,1.0
E1/B/XGBoost,pr,0.9443414206974707,1.0
E1/B/XGBoost,pr,0.9444702003811879,1.0
E1/B/XGBoost,pr,0.9444959563179313,1.0
E1/B/XGBoost,pr,0.944598980064905,1.0
E1/B/XGBoost,pr,0.9448050275588523,1.0
E1/B/XGBoost,pr,0.9448565394323392,1.0
E1/B/XGBoost,pr,0.9450883428630299,1.0
E1/B/XGBoost,pr,0.9473291093597074,1.0
E1/B/XGBoost,pr,0.9479987637150363,1.0
E1/B/XGBoost,pr,0.9486169061968783,1.0
E1/B/XGBoost,pr,0.9610055117704631,1.0
E1/B/XGBoost,pr,0.9610312677072065,1.0
E1/B/XGBoost,pr,0.9613918508216144,1.0
E1/B/XGBoost,pr,0.9616236542523051,1.0
E1/B/XGBoost,pr,0.9620872611136867,1.0
E1/B/XGBoost,pr,0.9621130170504302,1.0
E1/B/XGBoost,pr,0.9622675526708906,1.0
E1/B/XGBoost,pr,0.9623190645443774,1.0
E1/B/XGBoost,pr,0.9623705764178643,1.0
E1/B/XGBoost,pr,0.9649461700922063,1.0
E1/B/XGBoost,pr,0.9650234379024365,1.0
E1/B/XGBoost,pr,0.96504919383918,1.0
E1/B/XGBoost,pr,0.9651522175861537,1.0
E1/B/XGBoost,pr,0.965177973522897,1.0
E1/B/XGBoost,pr,0.9658218719414825,1.0
E1/B/XGBoost,pr,0.9698913099469427,1.0
E1/B/XGBoost,pr,0.9699170658836862,1.0
E1/B/XGBoost,pr,0.9702261371246073,1.0
E1/B/XGBoost,pr,0.9717714933292124,1.0
E1/B/XGBoost,pr,0.9718230052026993,1.0
E1/B/XGBoost,pr,0.971926028949673,1.0
E1/B/XGBoost,pr,0.9730335342296399,1.0
E1/B/XGBoost,pr,0.9740122598258899,1.0
E1/B/XGBoost,pr,0.9741925513830938,1.0
E1/B/XGBoost,pr,0.9742440632565806,1.0
E1/B/XGBoost,pr,0.9742698191933241,1.0
E1/B/XGBoost,pr,0.9743985988770412,1.0
E1/B/XGBoost,pr,0.9745788904342451,1.0
E1/B/XGBoost,pr,0.9748106938649359,1.0
E1/B/XGBoost,pr,0.9748364498016793,1.0
E1/B/XGBoost,pr,0.9755576160304951,1.0
E1/B/XGBoost,pr,0.9756606397774688,1.0
E1/B/XGBoost,pr,0.9759954669551332,1.0
E1/B/XGBoost,pr,0.9763560500695411,1.0
E1/B/XGBoost,pr,0.9764590738165148,1.0
E1/B/XGBoost,pr,0.9764848297532581,1.0
E1/B/XGBoost,pr,0.976536341626745,1.0
E1/B/XGBoost,pr,0.9773090197290475,1.0
E1/B/XGBoost,pr,0.9774893112862515,1.0
E1/B/XGBoost,pr,0.9775923350332252,1.0
E1/B/XGBoost,pr,0.9776180909699685,1.0
E1/B/XGBoost,pr,0.9782104775150672,1.0
E1/B/XGBoost,pr,0.978261989388554,1.0
E1/B/XGBoost,pr,0.9782877453252975,1.0
E1/B/XGBoost,pr,0.9783650131355277,1.0
E1/B/XGBoost,pr,0.9796785659094421,1.0
E1/B/XGBoost,pr,0.9797815896564158,1.0
E1/B/XGBoost,pr,0.9798073455931592,1.0
E1/B/XGBoost,pr,0.9798846134033895,1.0
E1/B/XGBoost,pr,0.9800133930871066,1.0
E1/B/XGBoost,pr,0.9801164168340802,1.0
E1/B/XGBoost,pr,0.9801421727708237,1.0
E1/B/XGBoost,pr,0.9801679287075671,1.0
E1/B/XGBoost,pr,0.9801936846443106,1.0
E1/B/XGBoost,pr,0.9803224643280276,1.0
E1/B/XGBoost,pr,0.9803997321382578,1.0
E1/B/XGBoost,pr,0.9804512440117447,1.0
E1/B/XGBoost,pr,0.9804769999484881,1.0
E1/B/XGBoost,pr,0.980528511821975,1.0
E1/B/XGBoost,pr,0.9806315355689487,1.0
E1/B/XGBoost,pr,0.9806830474424355,1.0
E1/B/XGBoost,pr,0.981455725544738,1.0
E1/B/XGBoost,pr,0.9818935764693761,1.0
E1/B/XGBoost,pr,0.982125379900067,1.0
E1/B/XGBoost,pr,0.9822799155205275,1.0
E1/B/XGBoost,pr,0.9824086952042446,1.0
E1/B/XGBoost,pr,0.982743522381909,1.0
E1/B/XGBoost,pr,0.9827692783186525,1.0
E1/B/XGBoost,pr,0.9827950342553958,1.0
E1/B/XGBoost,pr,0.9828207901921393,1.0
E1/B/XGBoost,pr,0.984829753258126,1.0
E1/B/XGBoost,pr,0.9848555091948694,1.0
E1/B/XGBoost,pr,0.9849327770050996,1.0
E1/B/XGBoost,pr,0.9850615566888168,1.0
E1/B/XGBoost,pr,0.9850873126255602,1.0
E1/B/XGBoost,pr,0.9851903363725338,1.0
E1/B/XGBoost,pr,0.9852160923092773,1.0
E1/B/XGBoost,pr,0.9852933601195075,1.0
E1/B/XGBoost,pr,0.9861433060320404,1.0
E1/B/XGBoost,pr,0.9863235975892444,1.0
E1/B/XGBoost,pr,0.9864523772729614,1.0
E1/B/XGBoost,pr,0.9865038891464483,1.0
E1/B/XGBoost,pr,0.9865296450831916,1.0
E1/B/XGBoost,pr,0.9870190078813167,1.0
E1/B/XGBoost,pr,0.9870705197548035,1.0
E1/B/XGBoost,pr,0.9871220316282904,1.0
E1/B/XGBoost,pr,0.9879719775408231,1.0
E1/B/XGBoost,pr,0.98802348941431,1.0
E1/B/XGBoost,pr,0.9881007572245403,1.0
E1/B/XGBoost,pr,0.9882552928450008,1.0
E1/B/XGBoost,pr,0.9883068047184876,1.0
E1/B/XGBoost,pr,0.9883840725287178,1.0
E1/B/XGBoost,pr,0.9889764590738165,1.0
E1/B/XGBoost,pr,0.9891567506310205,1.0
E1/B/XGBoost,pr,0.9894143099984546,1.0
E1/B/XGBoost,pr,0.9897233812393756,1.0
E1/B/XGBoost,pr,0.9898521609230928,1.0
E1/B/XGBoost,pr,0.9899551846700665,1.0
E1/B/XGBoost,pr,0.9901869881007572,1.0
E1/B/XGBoost,pr,0.9902127440375006,1.0
E1/B/XGBoost,pr,0.9902384999742441,1.0
E1/B/XGBoost,pr,0.9904445474681914,1.0
E1/B/XGBoost,pr,0.9904703034049348,1.0
E1/B/XGBoost,pr,0.9905475712151651,1.0
E1/B/XGBoost,pr,0.9905733271519085,1.0
E1/B/XGBoost,pr,0.9906763508988822,1.0
E1/B/XGBoost,pr,0.9907536187091125,1.0
E1/B/XGBoost,pr,0.9908823983928295,1.0
E1/B/XGBoost,pr,0.9909339102663164,1.0
E1/B/XGBoost,pr,0.9910626899500334,1.0
E1/B/XGBoost,pr,0.9911142018235203,1.0
E1/B/XGBoost,pr,0.9911914696337506,1.0
E1/B/XGBoost,pr,0.991397517127698,1.0
E1/B/XGBoost,pr,0.9914490290011848,1.0
E1/B/XGBoost,pr,0.9914747849379282,1.0
E1/B/XGBoost,pr,0.9915005408746717,1.0
E1/B/XGBoost,pr,0.991526296811415,1.0
E1/B/XGBoost,pr,0.9916035646216453,1.0
E1/B/XGBoost,pr,0.9918611239890794,1.0
E1/B/XGBoost,pr,0.9918868799258229,1.0
E1/B/XGBoost,pr,0.9919126358625663,1.0
E1/B/XGBoost,pr,0.9920414155462834,1.0
E1/B/XGBoost,pr,0.9920671714830268,1.0
E1/B/XGBoost,pr,0.9921186833565137,1.0
E1/B/XGBoost,pr,0.9921701952300005,1.0
E1/B/XGBoost,pr,0.9922217071034873,1.0
E1/B/XGBoost,pr,0.9922474630402308,1.0
E1/B/XGBoost,pr,0.9922989749137177,1.0
E1/B/XGBoost,pr,0.9923504867872045,1.0
E1/B/XGBoost,pr,0.9925565342811518,1.0
E1/B/XGBoost,pr,0.9928656055220728,1.0
E1/B/XGBoost,pr,0.9928913614588163,1.0
E1/B/XGBoost,pr,0.9929428733323031,1.0
E1/B/XGBoost,pr,0.99299438520579,1.0
E1/B/XGBoost,pr,0.9930201411425333,1.0
E1/B/XGBoost,pr,0.9931489208262505,1.0
E1/B/XGBoost,pr,0.9932519445732241,1.0
E1/B/XGBoost,pr,0.9934322361304281,1.0
E1/B/XGBoost,pr,0.9934579920671714,1.0
E1/B/XGBoost,pr,0.9934837480039149,1.0
E1/B/XGBoost,pr,0.9935095039406583,1.0
E1/B/XGBoost,pr,0.9935610158141451,1.0
E1/B/XGBoost,pr,0.993612527687632,1.0
E1/B/XGBoost,pr,0.9936897954978623,1.0
E1/B/XGBoost,pr,0.9937413073713491,1.0
E1/B/XGBoost,pr,0.993792819244836,1.0
E1/B/XGBoost,pr,0.9938185751815793,1.0
E1/B/XGBoost,pr,0.9938443311183228,1.0
E1/B/XGBoost,pr,0.9938700870550662,1.0
E1/B/XGBoost,pr,0.9939988667387832,1.0
E1/B/XGBoost,pr,0.9940246226755267,1.0
E1/B/XGBoost,pr,0.9940503786122701,1.0
E1/B/XGBoost,pr,0.9941018904857569,1.0
E1/B/XGBoost,pr,0.9941276464225004,1.0
E1/B/XGBoost,pr,0.9941534023592438,1.0
E1/B/XGBoost,pr,0.9941791582959872,1.0
E1/B/XGBoost,pr,0.9942306701694741,1.0
E1/B/XGBoost,pr,0.9942564261062175,1.0
E1/B/XGBoost,pr,0.9942821820429609,1.0
E1/B/XGBoost,pr,0.9943079379797043,1.0
E1/B/XGBoost,pr,0.9944367176634215,1.0
E1/B/XGBoost,pr,0.9944624736001648,1.0
E1/B/XGBoost,pr,0.9944882295369083,1.0
E1/B/XGBoost,pr,0.9945139854736517,1.0
E1/B/XGBoost,pr,0.9945654973471385,1.0
E1/B/XGBoost,pr,0.994591253283882,1.0
E1/B/XGBoost,pr,0.9946427651573688,1.0
E1/B/XGBoost,pr,0.9946685210941122,1.0
E1/B/XGBoost,pr,0.994720032967599,1.0
E1/B/XGBoost,pr,0.9947457889043424,1.0
E1/B/XGBoost,pr,0.9947973007778292,1.0
E1/B/XGBoost,pr,0.9948230567145727,1.0
E1/B/XGBoost,pr,0.9948745685880596,1.0
E1/B/XGBoost,pr,0.9949003245248029,1.0
E1/B/XGBoost,pr,0.9949260804615464,1.0
E1/B/XGBoost,pr,0.9949518363982898,1.0
E1/B/XGBoost,pr,0.9949775923350332,0.9999741147235452
E1/B/XGBoost,pr,0.9950033482717766,0.9999741153935754
E1/B/XGBoost,pr,0.9953381754494411,0.9999741241008125
E1/B/XGBoost,pr,0.9953639313861845,0.9999741247703573
E1/B/XGBoost,pr,0.9972956266419409,0.9999483511091599
E1/B/XGBoost,pr,0.9972956266419409,0.9996643775494398
E1/B/XGBoost,pr,0.9972956266419409,0.9996127633209417
E1/B/XGBoost,pr,0.9972956266419409,0.9995869582053334
E1/B/XGBoost,pr,0.9972956266419409,0.9993031898420563
E1/B/XGBoost,pr,0.9972956266419409,0.9992000412881916
E1/B/XGBoost,pr,0.9972956266419409,0.9991484749961295
E1/B/XGBoost,pr,0.9972956266419409,0.9989164925315378
E1/B/XGBoost,pr,0.9972956266419409,0.9986073500967118
E1/B/XGBoost,pr,0.9972956266419409,0.9984528506227276
E1/B/XGBoost,pr,0.9972956266419409,0.9984013614212413
E1/B/XGBoost,pr,0.9972956266419409,0.9983756188118812
E1/B/XGBoost,pr,0.9972956266419409,0.9982726616479324
E1/B/XGBoost,pr,0.9973213825786844,0.998272706179587
E1/B/XGBoost,pr,0.9973213825786844,0.9982212368848444
E1/B/XGBoost,pr,0.9973213825786844,0.9981697728971721
E1/B/XGBoost,pr,0.9973471385154278,0.9981440907333419
E1/B/XGBoost,pr,0.9973471385154278,0.998118362717806
E1/B/XGBoost,pr,0.9973471385154278,0.9980926360285589
E1/B/XGBoost,pr,0.9973471385154278,0.9976040807914263
E1/B/XGBoost,pr,0.9973471385154278,0.9975012879958784
E1/B/XGBoost,pr,0.9973471385154278,0.9973214515672084
E1/B/XGBoost,pr,0.9973471385154278,0.9972700816400113
E1/B/XGBoost,pr,0.9973471385154278,0.9971416799711593
E1/B/XGBoost,pr,0.9973728944521713,0.9970904034812164
E1/B/XGBoost,pr,0.9974244063256581,0.9970905533098174
E1/B/XGBoost,pr,0.9974244063256581,0.9969108788549658
E1/B/XGBoost,pr,0.9974244063256581,0.9968595551894563
E1/B/XGBoost,pr,0.9974244063256581,0.9965773694639595
E1/B/XGBoost,pr,0.9974244063256581,0.9965260801317516
E1/B/XGBoost,pr,0.9975274300726318,0.9963213541532684
E1/B/XGBoost,pr,0.9975274300726318,0.9962700964630226
E1/B/XGBoost,pr,0.9975274300726318,0.9954506901071787
E1/B/XGBoost,pr,0.9975274300726318,0.9953739398612182
E1/B/XGBoost,pr,0.9975274300726318,0.994990366088632
E1/B/XGBoost,pr,0.9975274300726318,0.9949648050146431
E1/B/XGBoost,pr,0.9975274300726318,0.9947603636924025
E1/B/XGBoost,pr,0.9975274300726318,0.9947348144343136
E1/B/XGBoost,pr,0.9975274300726318,0.9947092664885967
E1/B/XGBoost,pr,0.9975274300726318,0.9946837198551506
E1/B/XGBoost,pr,0.9975274300726318,0.9946070878274268
E1/B/XGBoost,pr,0.9975274300726318,0.9945815464420533
E1/B/XGBoost,pr,0.9975274300726318,0.9944793940172038
E1/B/XGBoost,pr,0.9975274300726318,0.9944538591896472
E1/B/XGBoost,pr,0.9975274300726318,0.994402793468214
E1/B/XGBoost,pr,0.9975274300726318,0.9943517329910141
E1/B/XGBoost,pr,0.9975274300726318,0.9943262047187492
E1/B/XGBoost,pr,0.9975274300726318,0.9942241047362341
E1/B/XGBoost,pr,0.9975274300726318,0.9939434378689114
E1/B/XGBoost,pr,0.9975274300726318,0.9938159143978856
E1/B/XGBoost,pr,0.9975274300726318,0.9937649141713494
E1/B/XGBoost,pr,0.9975274300726318,0.9936374365026425
E1/B/XGBoost,pr,0.9975274300726318,0.9936119448934041
E1/B/XGBoost,pr,0.9978622572502962,0.9935376330298756
E1/B/XGBoost,pr,0.9978622572502962,0.9935121550928301
E1/B/XGBoost,pr,0.9978622572502962,0.9932319840028713
E1/B/XGBoost,pr,0.9978622572502962,0.9931810607808454
E1/B/XGBoost,pr,0.997913769123783,0.9931814103714337
E1/B/XGBoost,pr,0.9979395250605264,0.9931815851532861
E1/B/XGBoost,pr,0.9979395250605264,0.9928761787617876
E1/B/XGBoost,pr,0.9979910369340133,0.992800225473366
E1/B/XGBoost,pr,0.9980167928707567,0.992774973738823
E1/B/XGBoost,pr,0.9980167928707567,0.9927241052442805
E1/B/XGBoost,pr,0.9980167928707567,0.9926732419623415
E1/B/XGBoost,pr,0.9980167928707567,0.9925969568113121
E1/B/XGBoost,pr,0.9980167928707567,0.9925715310330695
E1/B/XGBoost,pr,0.9980167928707567,0.9911497633968538
E1/B/XGBoost,pr,0.9980425488075001,0.9907445285334424
E1/B/XGBoost,pr,0.9980425488075001,0.9906685414802505
E1/B/XGBoost,pr,0.9980425488075001,0.9906432150526638
E1/B/XGBoost,pr,0.9980425488075001,0.9906178899199837
E1/B/XGBoost,pr,0.9980425488075001,0.9902634739720426
E1/B/XGBoost,pr,0.9981198166177304,0.9896320130748998
E1/B/XGBoost,pr,0.9981198166177304,0.9896067415730337
E1/B/XGBoost,pr,0.9981198166177304,0.9895309348109185
E1/B/XGBoost,pr,0.9981198166177304,0.9891773234295632
E1/B/XGBoost,pr,0.9981198166177304,0.9891520751442135
E1/B/XGBoost,pr,0.9981198166177304,0.989025853048516
E1/B/XGBoost,pr,0.9981198166177304,0.9889501352523861
E1/B/XGBoost,pr,0.9981198166177304,0.9888996631621925
E1/B/XGBoost,pr,0.9981198166177304,0.9879920456863145
E1/B/XGBoost,pr,0.9981455725544738,0.9879923518164436
E1/B/XGBoost,pr,0.9981455725544738,0.987891610798134
E1/B/XGBoost,pr,0.9981455725544738,0.9877908903219229
E1/B/XGBoost,pr,0.9981713284912173,0.9877912015088953
E1/B/XGBoost,pr,0.9981713284912173,0.9876905041031653
E1/B/XGBoost,pr,0.9981713284912173,0.9876401630988787
E1/B/XGBoost,pr,0.9981713284912173,0.9875646612134649
E1/B/XGBoost,pr,0.9981713284912173,0.9874640099880245
E1/B/XGBoost,pr,0.9981713284912173,0.9873885350318471
E1/B/XGBoost,pr,0.9981713284912173,0.987363379276961
E1/B/XGBoost,pr,0.9981713284912173,0.9873130716123608
E1/B/XGBoost,pr,0.998712203162829,0.987269579386903
E1/B/XGBoost,pr,0.998712203162829,0.9857386175864962
E1/B/XGBoost,pr,0.998712203162829,0.9857135594082058
E1/B/XGBoost,pr,0.9987379590995724,0.9844376745366844
E1/B/XGBoost,pr,0.9987379590995724,0.9844126831002006
E1/B/XGBoost,pr,0.9987379590995724,0.9836635295908273
E1/B/XGBoost,pr,0.9987379590995724,0.983563728598605
E1/B/XGBoost,pr,0.9987637150363159,0.9801334546557476
E1/B/XGBoost,pr,0.9987637150363159,0.9800591401925848
E1/B/XGBoost,pr,0.9987637150363159,0.9799848369977255
E1/B/XGBoost,pr,0.9987894709730593,0.9799853428015466
E1/B/XGBoost,pr,0.9989697625302633,0.9794939138340321
E1/B/XGBoost,pr,0.9989697625302633,0.9793207928291883
E1/B/XGBoost,pr,0.9989697625302633,0.979147733010199
E1/B/XGBoost,pr,0.9989697625302633,0.979123015171787
E1/B/XGBoost,pr,0.9990470303404935,0.973912825148137
E1/B/XGBoost,pr,0.9990470303404935,0.9738150230970074
E1/B/XGBoost,pr,0.9990470303404935,0.9737905756533527
E1/B/XGBoost,pr,0.999072786277237,0.9737179004443106
E1/B/XGBoost,pr,0.999072786277237,0.9725216868074011
E1/B/XGBoost,pr,0.999072786277237,0.9724973048863038
E1/B/XGBoost,pr,0.999072786277237,0.9724729241877257
E1/B/XGBoost,pr,0.999072786277237,0.9723510390294037
E1/B/XGBoost,pr,0.999072786277237,0.9721073603488459
E1/B/XGBoost,pr,0.9991500540874672,0.9720850978525071
E1/B/XGBoost,pr,0.9991500540874672,0.9716225016280118
E1/B/XGBoost,pr,0.9991500540874672,0.9715981666541438
E1/B/XGBoost,pr,0.9991758100242106,0.9715745448170503
E1/B/XGBoost,pr,0.9992530778344408,0.9715766803566063
E1/B/XGBoost,pr,0.9997939525060526,0.9715429858590915
E1/B/XGBoost,pr,0.9997939525060526,0.9715186705375913
E1/B/XGBoost,pr,0.9997939525060526,0.971348497360058
E1/B/XGBoost,pr,0.9997939525060526,0.9713241917725953
E1/B/XGBoost,pr,0.9998454643795395,0.9713256267827654
E1/B/XGBoost,pr,0.9998454643795395,0.9713013235919634
E1/B/XGBoost,pr,0.9998454643795395,0.971228421315987
E1/B/XGBoost,pr,0.9998454643795395,0.9712041229891671
E1/B/XGBoost,pr,1.0,0.9710869891451153
E1/B/XGBoost,pr,1.0,0.97065
E9/B/1D-CNN,roc,0.0,0.0
E9/B/1D-CNN,roc,0.2921635434412266,0.9648946582187194
E9/B/1D-CNN,roc,0.2938671209540034,0.9683201978055942
E9/B/1D-CNN,roc,0.29642248722316866,0.969788286199969
E9/B/1D-CNN,roc,0.2972742759795571,0.9706124761757585
E9/B/1D-CNN,roc,0.2972742759795571,0.9712306186576006
E9/B/1D-CNN,roc,0.2981260647359455,0.9715912017720084
E9/B/1D-CNN,roc,0.2989778534923339,0.9719775408231598
E9/B/1D-CNN,roc,0.30068143100511074,0.972363879874311
E9/B/1D-CNN,roc,0.30068143100511074,0.9726729511152321
E9/B/1D-CNN,roc,0.30153321976149916,0.972853242672436
E9/B/1D-CNN,roc,0.3023850085178876,0.9730850461031267
E9/B/1D-CNN,roc,0.3023850085178876,0.9731880698501004
E9/B/1D-CNN,roc,0.3023850085178876,0.9733168495338176
E9/B/1D-CNN,roc,0.3040885860306644,0.9736001648379952
E9/B/1D-CNN,roc,0.3040885860306644,0.9737804563951991
E9/B/1D-CNN,roc,0.3040885860306644,0.9739865038891464
E9/B/1D-CNN,roc,0.3040885860306644,0.9740637716993767
E9/B/1D-CNN,roc,0.3040885860306644,0.9742955751300675
E9/B/1D-CNN,roc,0.3049403747870528,0.9744758666872714
E9/B/1D-CNN,roc,0.30579216354344124,0.9745531344975017
E9/B/1D-CNN,roc,0.30579216354344124,0.9746819141812187
E9/B/1D-CNN,roc,0.30579216354344124,0.9747334260547056
E9/B/1D-CNN,roc,0.30664395229982966,0.9747849379281924
E9/B/1D-CNN,roc,0.30664395229982966,0.9748879616751661
E9/B/1D-CNN,roc,0.30664395229982966,0.9749137176119096
E9/B/1D-CNN,roc,0.3083475298126065,0.9749652294853964
E9/B/1D-CNN,roc,0.3083475298126065,0.97506825323237
E9/B/1D-CNN,roc,0.3100511073253833,0.9751970329160872
E9/B/1D-CNN,roc,0.3100511073253833,0.9754030804100345
E9/B/1D-CNN,roc,0.31090289608177174,0.9755318600937516
E9/B/1D-CNN,roc,0.31090289608177174,0.9756606397774688
E9/B/1D-CNN,roc,0.31090289608177174,0.9756863957142121
E9/B/1D-CNN,roc,0.31090289608177174,0.9758151753979292
E9/B/1D-CNN,roc,0.31090289608177174,0.9758409313346726
E9/B/1D-CNN,roc,0.31090289608177174,0.9759697110183897
E9/B/1D-CNN,roc,0.31090289608177174,0.9760727347653634
E9/B/1D-CNN,roc,0.31090289608177174,0.9762272703858239
E9/B/1D-CNN,roc,0.31175468483816016,0.9762787822593108
E9/B/1D-CNN,roc,0.31175468483816016,0.9763818060062844
E9/B/1D-CNN,roc,0.31175468483816016,0.976536341626745
E9/B/1D-CNN,roc,0.31175468483816016,0.9765878535002318
E9/B/1D-CNN,roc,0.31175468483816016,0.9766908772472055
E9/B/1D-CNN,roc,0.31175468483816016,0.9767423891206923
E9/B/1D-CNN,roc,0.3126064735945486,0.9767939009941792
E9/B/1D-CNN,roc,0.3126064735945486,0.9769484366146397
E9/B/1D-CNN,roc,0.3126064735945486,0.9770514603616134
E9/B/1D-CNN,roc,0.3126064735945486,0.9770772162983568
E9/B/1D-CNN,roc,0.3126064735945486,0.9771544841085871
E9/B/1D-CNN,roc,0.3126064735945486,0.9772575078555608
E9/B/1D-CNN,roc,0.3126064735945486,0.9772832637923041
E9/B/1D-CNN,roc,0.3126064735945486,0.9773862875392778
E9/B/1D-CNN,roc,0.3126064735945486,0.977463555349508
E9/B/1D-CNN,roc,0.3126064735945486,0.9774893112862515
E9/B/1D-CNN,roc,0.3126064735945486,0.9775408231597383
E9/B/1D-CNN,roc,0.313458262350937,0.9776180909699685
E9/B/1D-CNN,roc,0.313458262350937,0.9777468706536857
E9/B/1D-CNN,roc,0.313458262350937,0.9778498944006594
E9/B/1D-CNN,roc,0.3143100511073254,0.9778498944006594
E9/B/1D-CNN,roc,0.3143100511073254,0.9780559418946068
E9/B/1D-CNN,roc,0.3143100511073254,0.9781074537680935
E9/B/1D-CNN,roc,0.3151618398637138,0.9781589656415803
E9/B/1D-CNN,roc,0.3151618398637138,0.9781847215783238
E9/B/1D-CNN,roc,0.3151618398637138,0.9782877453252975
E9/B/1D-CNN,roc,0.3151618398637138,0.9783650131355277
E9/B/1D-CNN,roc,0.31686541737649065,0.9783907690722712
E9/B/1D-CNN,roc,0.31686541737649065,0.978442280945758
E9/B/1D-CNN,roc,0.31686541737649065,0.9784680368825014
E9/B/1D-CNN,roc,0.31686541737649065,0.9785195487559882
E9/B/1D-CNN,roc,0.31771720613287907,0.9785710606294751
E9/B/1D-CNN,roc,0.31771720613287907,0.9785968165662186
E9/B/1D-CNN,roc,0.31771720613287907,0.9786740843764488
E9/B/1D-CNN,roc,0.31771720613287907,0.9787513521866791
E9/B/1D-CNN,roc,0.31771720613287907,0.9788028640601659
E9/B/1D-CNN,roc,0.31771720613287907,0.9789058878071395
E9/B/1D-CNN,roc,0.31771720613287907,0.9789831556173698
E9/B/1D-CNN,roc,0.31771720613287907,0.9790861793643435
E9/B/1D-CNN,roc,0.3185689948892675,0.9790861793643435
E9/B/1D-CNN,roc,0.3185689948892675,0.9791634471745737
E9/B/1D-CNN,roc,0.3185689948892675,0.979240714984804
E9/B/1D-CNN,roc,0.3194207836456559,0.9792664709215474
E9/B/1D-CNN,roc,0.3194207836456559,0.9793179827950342
E9/B/1D-CNN,roc,0.3194207836456559,0.9794210065420079
E9/B/1D-CNN,roc,0.3194207836456559,0.9794467624787514
E9/B/1D-CNN,roc,0.3194207836456559,0.9794982743522382
E9/B/1D-CNN,roc,0.3194207836456559,0.9795240302889816
E9/B/1D-CNN,roc,0.3194207836456559,0.9796270540359553
E9/B/1D-CNN,roc,0.3194207836456559,0.9796528099726987
E9/B/1D-CNN,roc,0.3194207836456559,0.9797043218461855
E9/B/1D-CNN,roc,0.3202725724020443,0.979730077782929
E9/B/1D-CNN,roc,0.3202725724020443,0.9798331015299027
E9/B/1D-CNN,roc,0.3202725724020443,0.9800133930871066
E9/B/1D-CNN,roc,0.32112436115843274,0.9800133930871066
E9/B/1D-CNN,roc,0.32112436115843274,0.9801164168340802
E9/B/1D-CNN,roc,0.32112436115843274,0.9801679287075671
E9/B/1D-CNN,roc,0.32112436115843274,0.980348220264771
E9/B/1D-CNN,roc,0.3219761499148211,0.980348220264771
E9/B/1D-CNN,roc,0.3219761499148211,0.9803739762015145
E9/B/1D-CNN,roc,0.3228279386712095,0.9803739762015145
E9/B/1D-CNN,roc,0.3228279386712095,0.9803997321382578
E9/B/1D-CNN,roc,0.32367972742759793,0.9803997321382578
E9/B/1D-CNN,roc,0.32367972742759793,0.980528511821975
E9/B/1D-CNN,roc,0.32453151618398635,0.9806057796322052
E9/B/1D-CNN,roc,0.32453151618398635,0.980657291505692
E9/B/1D-CNN,roc,0.32453151618398635,0.9807088033791789
E9/B/1D-CNN,roc,0.32453151618398635,0.9808118271261526
E9/B/1D-CNN,roc,0.32538330494037476,0.9808118271261526
E9/B/1D-CNN,roc,0.32538330494037476,0.980837583062896
E9/B/1D-CNN,roc,0.32538330494037476,0.9808890949363829
E9/B/1D-CNN,roc,0.32538330494037476,0.9814814814814815
E9/B/1D-CNN,roc,0.3262350936967632,0.9814814814814815
E9/B/1D-CNN,roc,0.3262350936967632,0.9815587492917117
E9/B/1D-CNN,roc,0.3262350936967632,0.9816102611651986
E9/B/1D-CNN,roc,0.3262350936967632,0.981945088342863
E9/B/1D-CNN,roc,0.3270868824531516,0.981945088342863
E9/B/1D-CNN,roc,0.3270868824531516,0.9821511358368104
E9/B/1D-CNN,roc,0.32793867120954,0.9821511358368104
E9/B/1D-CNN,roc,0.32793867120954,0.9822284036470407
E9/B/1D-CNN,roc,0.32793867120954,0.9822799155205275
E9/B/1D-CNN,roc,0.32793867120954,0.9831041054963169
E9/B/1D-CNN,roc,0.3287904599659284,0.9831298614330604
E9/B/1D-CNN,roc,0.3287904599659284,0.9834904445474681
E9/B/1D-CNN,roc,0.32964224872231684,0.9834904445474681
E9/B/1D-CNN,roc,0.32964224872231684,0.9836964920414155
E9/B/1D-CNN,roc,0.33049403747870526,0.9836964920414155
E9/B/1D-CNN,roc,0.33049403747870526,0.9839282954721064
E9/B/1D-CNN,roc,0.3321976149914821,0.9839282954721064
E9/B/1D-CNN,roc,0.3321976149914821,0.9845464379539484
E9/B/1D-CNN,roc,0.3330494037478705,0.9845464379539484
E9/B/1D-CNN,roc,0.3330494037478705,0.9845979498274352
E9/B/1D-CNN,roc,0.3339011925042589,0.9845979498274352
E9/B/1D-CNN,roc,0.3339011925042589,0.984649461700922
E9/B/1D-CNN,roc,0.33475298126064734,0.984649461700922
E9/B/1D-CNN,roc,0.33475298126064734,0.9849070210683563
E9/B/1D-CNN,roc,0.33560477001703576,0.9849070210683563
E9/B/1D-CNN,roc,0.33560477001703576,0.9855509194869417
E9/B/1D-CNN,roc,0.3364565587734242,0.9855509194869417
E9/B/1D-CNN,roc,0.3364565587734242,0.9855766754236852
E9/B/1D-CNN,roc,0.3373083475298126,0.9855766754236852
E9/B/1D-CNN,roc,0.3373083475298126,0.9856539432339154
E9/B/1D-CNN,roc,0.338160136286201,0.9856539432339154
E9/B/1D-CNN,roc,0.338160136286201,0.9857054551074023
E9/B/1D-CNN,roc,0.3390119250425894,0.9857054551074023
E9/B/1D-CNN,roc,0.3390119250425894,0.9859115026013496
E9/B/1D-CNN,roc,0.33986371379897784,0.9859115026013496
E9/B/1D-CNN,roc,0.33986371379897784,0.9861690619687838
E9/B/1D-CNN,roc,0.34071550255536626,0.9861690619687838
E9/B/1D-CNN,roc,0.34071550255536626,0.9861948179055272
E9/B/1D-CNN,roc,0.3415672913117547,0.9861948179055272
E9/B/1D-CNN,roc,0.3415672913117547,0.9862978416525009
E9/B/1D-CNN,roc,0.3432708688245315,0.9862978416525009
E9/B/1D-CNN,roc,0.3432708688245315,0.9864008653994746
E9/B/1D-CNN,roc,0.3441226575809199,0.9864008653994746
E9/B/1D-CNN,roc,0.3441226575809199,0.986426621336218
E9/B/1D-CNN,roc,0.34497444633730834,0.986426621336218
E9/B/1D-CNN,roc,0.34497444633730834,0.9865811569566785
E9/B/1D-CNN,roc,0.34582623509369675,0.9865811569566785
E9/B/1D-CNN,roc,0.34582623509369675,0.9866326688301653
E9/B/1D-CNN,roc,0.34667802385008517,0.9866326688301653
E9/B/1D-CNN,roc,0.34667802385008517,0.9867872044506258
E9/B/1D-CNN,roc,0.3475298126064736,0.9867872044506258
E9/B/1D-CNN,roc,0.3475298126064736,0.9870705197548035
E9/B/1D-CNN,roc,0.348381601362862,0.9870705197548035
E9/B/1D-CNN,roc,0.348381601362862,0.9871220316282904
E9/B/1D-CNN,roc,0.3492333901192504,0.9871220316282904
E9/B/1D-CNN,roc,0.3492333901192504,0.9873795909957245
E9/B/1D-CNN,roc,0.35008517887563884,0.9873795909957245
E9/B/1D-CNN,roc,0.35008517887563884,0.9874311028692113
E9/B/1D-CNN,roc,0.35093696763202725,0.9874311028692113
E9/B/1D-CNN,roc,0.35093696763202725,0.9875083706794416
E9/B/1D-CNN,roc,0.3526405451448041,0.9875083706794416
E9/B/1D-CNN,roc,0.3526405451448041,0.9877401741101324
E9/B/1D-CNN,roc,0.3534923339011925,0.9877401741101324
E9/B/1D-CNN,roc,0.3534923339011925,0.9877659300468759
E9/B/1D-CNN,roc,0.3543441226575809,0.9877659300468759
E9/B/1D-CNN,roc,0.3543441226575809,0.9879977334775666
E9/B/1D-CNN,roc,0.35519591141396933,0.9879977334775666
E9/B/1D-CNN,roc,0.35519591141396933,0.9881007572245403
E9/B/1D-CNN,roc,0.35604770017035775,0.9881007572245403
E9/B/1D-CNN,roc,0.35604770017035775,0.9883068047184876
E9/B/1D-CNN,roc,0.35689948892674617,0.9883068047184876
E9/B/1D-CNN,roc,0.35689948892674617,0.9884613403389482
E9/B/1D-CNN,roc,0.3577512776831346,0.9884613403389482
E9/B/1D-CNN,roc,0.3577512776831346,0.989130994694277
E9/B/1D-CNN,roc,0.358603066439523,0.989130994694277
E9/B/1D-CNN,roc,0.358603066439523,0.9892340184412507
E9/B/1D-CNN,roc,0.3594548551959114,0.9892340184412507
E9/B/1D-CNN,roc,0.3594548551959114,0.9897491371761191
E9/B/1D-CNN,roc,0.36115843270868825,0.9897491371761191
E9/B/1D-CNN,roc,0.36115843270868825,0.9900066965435533
E9/B/1D-CNN,roc,0.36201022146507666,0.9900066965435533
E9/B/1D-CNN,roc,0.36201022146507666,0.9901354762272704
E9/B/1D-CNN,roc,0.3628620102214651,0.9901354762272704
E9/B/1D-CNN,roc,0.3628620102214651,0.9901869881007572
E9/B/1D-CNN,roc,0.3645655877342419,0.9901869881007572
E9/B/1D-CNN,roc,0.3645655877342419,0.9903672796579611
E9/B/1D-CNN,roc,0.36541737649063033,0.9903672796579611
E9/B/1D-CNN,roc,0.36541737649063033,0.9904445474681914
E9/B/1D-CNN,roc,0.36626916524701875,0.9904445474681914
E9/B/1D-CNN,roc,0.36626916524701875,0.990599083088652
E9/B/1D-CNN,roc,0.36712095400340716,0.990599083088652
E9/B/1D-CNN,roc,0.36712095400340716,0.9906248390253953
E9/B/1D-CNN,roc,0.3679727427597956,0.9906248390253953
E9/B/1D-CNN,roc,0.3679727427597956,0.9907793746458559
E9/B/1D-CNN,roc,0.368824531516184,0.9907793746458559
E9/B/1D-CNN,roc,0.368824531516184,0.9909339102663164
E9/B/1D-CNN,roc,0.3696763202725724,0.9909339102663164
E9/B/1D-CNN,roc,0.3696763202725724,0.9910884458867769
E9/B/1D-CNN,roc,0.37052810902896083,0.9910884458867769
E9/B/1D-CNN,roc,0.37052810902896083,0.9911142018235203
E9/B/1D-CNN,roc,0.37137989778534924,0.9911142018235203
E9/B/1D-CNN,roc,0.37137989778534924,0.9911657136970071
E9/B/1D-CNN,roc,0.37223168654173766,0.9911657136970071
E9/B/1D-CNN,roc,0.37223168654173766,0.9912429815072374
E9/B/1D-CNN,roc,0.3739352640545145,0.9912429815072374
E9/B/1D-CNN,roc,0.3739352640545145,0.9913460052542111
E9/B/1D-CNN,roc,0.3747870528109029,0.9913460052542111
E9/B/1D-CNN,roc,0.3747870528109029,0.9913717611909545
E9/B/1D-CNN,roc,0.37734241908006816,0.9913717611909545
E9/B/1D-CNN,roc,0.37734241908006816,0.9915005408746717
E9/B/1D-CNN,roc,0.3781942078364566,0.9915005408746717
E9/B/1D-CNN,roc,0.3781942078364566,0.9916293205583887
E9/B/1D-CNN,roc,0.3798977853492334,0.9916293205583887
E9/B/1D-CNN,roc,0.3798977853492334,0.9916550764951322
E9/B/1D-CNN,roc,0.3807495741056218,0.9916550764951322
E9/B/1D-CNN,roc,0.3807495741056218,0.9917323443053624
E9/B/1D-CNN,roc,0.38160136286201024,0.9917323443053624
E9/B/1D-CNN,roc,0.38160136286201024,0.9918611239890794
E9/B/1D-CNN,roc,0.38245315161839866,0.9918611239890794
E9/B/1D-CNN,roc,0.38245315161839866,0.9919383917993098
E9/B/1D-CNN,roc,0.3833049403747871,0.9919383917993098
E9/B/1D-CNN,roc,0.3833049403747871,0.9920671714830268
E9/B/1D-CNN,roc,0.38756388415672915,0.9920671714830268
E9/B/1D-CNN,roc,0.38756388415672915,0.9921186833565137
E9/B/1D-CNN,roc,0.389267461669506,0.9921186833565137
E9/B/1D-CNN,roc,0.389267461669506,0.9922474630402308
E9/B/1D-CNN,roc,0.393526405451448,0.9922474630402308
E9/B/1D-CNN,roc,0.393526405451448,0.9923504867872045
E9/B/1D-CNN,roc,0.39522998296422485,0.9923504867872045
E9/B/1D-CNN,roc,0.39522998296422485,0.9923762427239479
E9/B/1D-CNN,roc,0.3969335604770017,0.9923762427239479
E9/B/1D-CNN,roc,0.3969335604770017,0.9924277545974347
E9/B/1D-CNN,roc,0.3977853492333901,0.9924277545974347
E9/B/1D-CNN,roc,0.3977853492333901,0.9925050224076649
E9/B/1D-CNN,roc,0.3986371379897785,0.9925050224076649
E9/B/1D-CNN,roc,0.3986371379897785,0.9926080461546386
E9/B/1D-CNN,roc,0.40034071550255534,0.9926080461546386
E9/B/1D-CNN,roc,0.40034071550255534,0.9926595580281254
E9/B/1D-CNN,roc,0.40119250425894376,0.9926595580281254
E9/B/1D-CNN,roc,0.40119250425894376,0.9927368258383558
E9/B/1D-CNN,roc,0.4028960817717206,0.9927368258383558
E9/B/1D-CNN,roc,0.4028960817717206,0.992814093648586
E9/B/1D-CNN,roc,0.4071550255536627,0.992814093648586
E9/B/1D-CNN,roc,0.4071550255536627,0.9928398495853294
E9/B/1D-CNN,roc,0.4088586030664395,0.9928398495853294
E9/B/1D-CNN,roc,0.4088586030664395,0.9928913614588163
E9/B/1D-CNN,roc,0.41056218057921634,0.9928913614588163
E9/B/1D-CNN,roc,0.41056218057921634,0.9929171173955597
E9/B/1D-CNN,roc,0.41141396933560476,0.9929171173955597
E9/B/1D-CNN,roc,0.41141396933560476,0.9929686292690465
E9/B/1D-CNN,roc,0.41396933560477,0.9929686292690465
E9/B/1D-CNN,roc,0.41396933560477,0.993123164889507
E9/B/1D-CNN,roc,0.41567291311754684,0.993123164889507
E9/B/1D-CNN,roc,0.41567291311754684,0.9932004326997372
E9/B/1D-CNN,roc,0.41652470187393525,0.9932004326997372
E9/B/1D-CNN,roc,0.41652470187393525,0.9932519445732241
E9/B/1D-CNN,roc,0.4190800681431005,0.9932519445732241
E9/B/1D-CNN,roc,0.4190800681431005,0.9933034564467109
E9/B/1D-CNN,roc,0.4199318568994889,0.9933034564467109
E9/B/1D-CNN,roc,0.4199318568994889,0.9934837480039149
E9/B/1D-CNN,roc,0.42163543441226575,0.9934837480039149
E9/B/1D-CNN,roc,0.42163543441226575,0.9935352598774018
E9/B/1D-CNN,roc,0.4233390119250426,0.9935352598774018
E9/B/1D-CNN,roc,0.4233390119250426,0.9935610158141451
E9/B/1D-CNN,roc,0.42589437819420783,0.9935610158141451
E9/B/1D-CNN,roc,0.42589437819420783,0.993612527687632
E9/B/1D-CNN,roc,0.42674616695059625,0.993612527687632
E9/B/1D-CNN,roc,0.42674616695059625,0.9936382836243755
E9/B/1D-CNN,roc,0.4293015332197615,0.9936382836243755
E9/B/1D-CNN,roc,0.4293015332197615,0.9936640395611188
E9/B/1D-CNN,roc,0.4403747870528109,0.9936640395611188
E9/B/1D-CNN,roc,0.4403747870528109,0.9936897954978623
E9/B/1D-CNN,roc,0.4437819420783646,0.9936897954978623
E9/B/1D-CNN,roc,0.4437819420783646,0.9937155514346057
E9/B/1D-CNN,roc,0.4463373083475298,0.9937155514346057
E9/B/1D-CNN,roc,0.4463373083475298,0.9937413073713491
E9/B/1D-CNN,roc,0.4488926746166951,0.9937413073713491
E9/B/1D-CNN,roc,0.4488926746166951,0.9937670633080925
E9/B/1D-CNN,roc,0.45229982964224874,0.9937670633080925
E9/B/1D-CNN,roc,0.45229982964224874,0.993792819244836
E9/B/1D-CNN,roc,0.4540034071550256,0.993792819244836
E9/B/1D-CNN,roc,0.4540034071550256,0.9938443311183228
E9/B/1D-CNN,roc,0.454855195911414,0.9938443311183228
E9/B/1D-CNN,roc,0.454855195911414,0.9938700870550662
E9/B/1D-CNN,roc,0.4565587734241908,0.9938700870550662
E9/B/1D-CNN,roc,0.4565587734241908,0.9938958429918097
E9/B/1D-CNN,roc,0.45826235093696766,0.9938958429918097
E9/B/1D-CNN,roc,0.45826235093696766,0.993921598928553
E9/B/1D-CNN,roc,0.45911413969335607,0.993921598928553
E9/B/1D-CNN,roc,0.45911413969335607,0.9939731108020399
E9/B/1D-CNN,roc,0.4676320272572402,0.9939731108020399
E9/B/1D-CNN,roc,0.4676320272572402,0.9939988667387832
E9/B/1D-CNN,roc,0.4778534923339012,0.9939988667387832
E9/B/1D-CNN,roc,0.4778534923339012,0.9940503786122701
E9/B/1D-CNN,roc,0.4855195911413969,0.9940503786122701
E9/B/1D-CNN,roc,0.4855195911413969,0.9940761345490136
E9/B/1D-CNN,roc,0.49233390119250425,0.9940761345490136
E9/B/1D-CNN,roc,0.49233390119250425,0.9941018904857569
E9/B/1D-CNN,roc,0.5153321976149915,0.9941018904857569
E9/B/1D-CNN,roc,0.5153321976149915,0.9941276464225004
E9/B/1D-CNN,roc,0.5195911413969335,0.9941276464225004
E9/B/1D-CNN,roc,0.5195911413969335,0.9941534023592438
E9/B/1D-CNN,roc,0.524701873935264,0.9941534023592438
E9/B/1D-CNN,roc,0.524701873935264,0.9941791582959872
E9/B/1D-CNN,roc,0.5315161839863713,0.9941791582959872
E9/B/1D-CNN,roc,0.5315161839863713,0.9942049142327306
E9/B/1D-CNN,roc,0.5417376490630323,0.9942049142327306
E9/B/1D-CNN,roc,0.5417376490630323,0.9942306701694741
E9/B/1D-CNN,roc,0.5587734241908007,0.9942306701694741
E9/B/1D-CNN,roc,0.5587734241908007,0.9942564261062175
E9/B/1D-CNN,roc,0.5706984667802385,0.9942564261062175
E9/B/1D-CNN,roc,0.5706984667802385,0.9942821820429609
E9/B/1D-CNN,roc,0.5783645655877342,0.9942821820429609
E9/B/1D-CNN,roc,0.5783645655877342,0.9943079379797043
E9/B/1D-CNN,roc,0.580068143100511,0.9943079379797043
E9/B/1D-CNN,roc,0.580068143100511,0.9943336939164478
E9/B/1D-CNN,roc,0.5817717206132879,0.9943336939164478
E9/B/1D-CNN,roc,0.5817717206132879,0.9943594498531911
E9/B/1D-CNN,roc,0.5843270868824532,0.9943594498531911
E9/B/1D-CNN,roc,0.5843270868824532,0.9943852057899346
E9/B/1D-CNN,roc,0.590289608177172,0.9943852057899346
E9/B/1D-CNN,roc,0.590289608177172,0.994410961726678
E9/B/1D-CNN,roc,0.5971039182282794,0.994410961726678
E9/B/1D-CNN,roc,0.5971039182282794,0.9944367176634215
E9/B/1D-CNN,roc,0.5979557069846678,0.9944367176634215
E9/B/1D-CNN,roc,0.5979557069846678,0.9944882295369083
E9/B/1D-CNN,roc,0.6056218057921635,0.9944882295369083
E9/B/1D-CNN,roc,0.6056218057921635,0.9945397414103951
E9/B/1D-CNN,roc,0.6090289608177172,0.9945397414103951
E9/B/1D-CNN,roc,0.6090289608177172,0.9945654973471385
E9/B/1D-CNN,roc,0.610732538330494,0.9945654973471385
E9/B/1D-CNN,roc,0.610732538330494,0.9946170092206253
E9/B/1D-CNN,roc,0.6115843270868825,0.9946170092206253
E9/B/1D-CNN,roc,0.6115843270868825,0.9946427651573688
E9/B/1D-CNN,roc,0.6158432708688245,0.9946427651573688
E9/B/1D-CNN,roc,0.6158432708688245,0.9946685210941122
E9/B/1D-CNN,roc,0.616695059625213,0.9946685210941122
E9/B/1D-CNN,roc,0.616695059625213,0.9946942770308557
E9/B/1D-CNN,roc,0.6183986371379898,0.9946942770308557
E9/B/1D-CNN,roc,0.6183986371379898,0.994720032967599
E9/B/1D-CNN,roc,0.6218057921635435,0.994720032967599
E9/B/1D-CNN,roc,0.6218057921635435,0.9947457889043424
E9/B/1D-CNN,roc,0.6286201022146508,0.9947457889043424
E9/B/1D-CNN,roc,0.6286201022146508,0.9947715448410859
E9/B/1D-CNN,roc,0.6303236797274276,0.9947715448410859
E9/B/1D-CNN,roc,0.6303236797274276,0.9947973007778292
E9/B/1D-CNN,roc,0.6405451448040886,0.9947973007778292
E9/B/1D-CNN,roc,0.6405451448040886,0.9948230567145727
E9/B/1D-CNN,roc,0.645655877342419,0.9948230567145727
E9/B/1D-CNN,roc,1.0,1.0
E9/B/1D-CNN,pr,0.0,1.0
E9/B/1D-CNN,pr,0.9683201978055942,0.9909069344508579
E9/B/1D-CNN,pr,0.9712306186576006,0.9908297861159283
E9/B/1D-CNN,pr,0.972363879874311,0.9907363669763292
E9/B/1D-CNN,pr,0.972853242672436,0.9907149976394062
E9/B/1D-CNN,pr,0.9733168495338176,0.9906934067374492
E9/B/1D-CNN,pr,0.9739865038891464,0.9906478400964032
E9/B/1D-CNN,pr,0.9742955751300675,0.9906507791017415
E9/B/1D-CNN,pr,0.9746819141812187,0.9906025862520287
E9/B/1D-CNN,pr,0.9748879616751661,0.9905786291905472
E9/B/1D-CNN,pr,0.9749652294853964,0.9905275277370735
E9/B/1D-CNN,pr,0.9753000566630609,0.9904789307106798
E9/B/1D-CNN,pr,0.9756606397774688,0.9904565183287141
E9/B/1D-CNN,pr,0.9758151753979292,0.9904580152671756
E9/B/1D-CNN,pr,0.9760212228918765,0.990460010454783
E9/B/1D-CNN,pr,0.9762272703858239,0.9904620048081948
E9/B/1D-CNN,pr,0.9763818060062844,0.9904376224689745
E9/B/1D-CNN,pr,0.9765878535002318,0.9904396207193794
E9/B/1D-CNN,pr,0.9767939009941792,0.9904157526376267
E9/B/1D-CNN,pr,0.9769484366146397,0.9904172541647084
E9/B/1D-CNN,pr,0.9771544841085871,0.9904192554691171
E9/B/1D-CNN,pr,0.9773862875392778,0.9904215059376223
E9/B/1D-CNN,pr,0.9774893112862515,0.9904225058065189
E9/B/1D-CNN,pr,0.9777468706536857,0.9903991651447952
E9/B/1D-CNN,pr,0.9778498944006594,0.9903743315508021
E9/B/1D-CNN,pr,0.9780559418946068,0.9903763398795087
E9/B/1D-CNN,pr,0.9781847215783238,0.9903517692769043
E9/B/1D-CNN,pr,0.9783650131355277,0.9903535300865575
E9/B/1D-CNN,pr,0.978442280945758,0.990302651130054
E9/B/1D-CNN,pr,0.9785710606294751,0.9902781035785961
E9/B/1D-CNN,pr,0.9786998403131922,0.9902793703742312
E9/B/1D-CNN,pr,0.9787513521866791,0.9902798770000522
E9/B/1D-CNN,pr,0.9788543759336527,0.9902808900932826
E9/B/1D-CNN,pr,0.9789831556173698,0.9902821561628846
E9/B/1D-CNN,pr,0.9790346674908567,0.9902826624983717
E9/B/1D-CNN,pr,0.9790861793643435,0.9902573720954465
E9/B/1D-CNN,pr,0.9792149590480606,0.9902586408980804
E9/B/1D-CNN,pr,0.9792664709215474,0.990233357641421
E9/B/1D-CNN,pr,0.9794467624787514,0.9902351378798532
E9/B/1D-CNN,pr,0.9796270540359553,0.990236917469409
E9/B/1D-CNN,pr,0.9797043218461855,0.9902376799520995
E9/B/1D-CNN,pr,0.9798331015299027,0.9902131757724043
E9/B/1D-CNN,pr,0.9799103693401329,0.9902139399302483
E9/B/1D-CNN,pr,0.9799618812136197,0.9902144493025192
E9/B/1D-CNN,pr,0.9800133930871066,0.9901891898925235
E9/B/1D-CNN,pr,0.9800906608973369,0.9901899557637263
E9/B/1D-CNN,pr,0.9801679287075671,0.9901907215153644
E9/B/1D-CNN,pr,0.9802451965177974,0.990191487147466
E9/B/1D-CNN,pr,0.9803224643280276,0.9901922526600588
E9/B/1D-CNN,pr,0.980348220264771,0.9901667490439895
E9/B/1D-CNN,pr,0.9803997321382578,0.9901415045260639
E9/B/1D-CNN,pr,0.9804512440117447,0.9901162639477723
E9/B/1D-CNN,pr,0.9805027558852315,0.9901167780696507
E9/B/1D-CNN,pr,0.9806315355689487,0.990092315693668
E9/B/1D-CNN,pr,0.9807345593159223,0.9900933461608467
E9/B/1D-CNN,pr,0.9807860711894092,0.9900938613140584
E9/B/1D-CNN,pr,0.980837583062896,0.9900686356073212
E9/B/1D-CNN,pr,0.9809406068098697,0.9900696682957263
E9/B/1D-CNN,pr,0.9809921186833566,0.9900701845593969
E9/B/1D-CNN,pr,0.9810693864935868,0.9900709588542614
E9/B/1D-CNN,pr,0.981146654303817,0.9900717330283814
E9/B/1D-CNN,pr,0.9811981661773038,0.9900722490773949
E9/B/1D-CNN,pr,0.9812754339875341,0.9900730230503365
E9/B/1D-CNN,pr,0.9813527017977643,0.9900737969026089
E9/B/1D-CNN,pr,0.9814042136712512,0.9900743127370992
E9/B/1D-CNN,pr,0.9814814814814815,0.9900750863883188
E9/B/1D-CNN,pr,0.9815329933549684,0.9900498804946483
E9/B/1D-CNN,pr,0.9816102611651986,0.9900506559293415
E9/B/1D-CNN,pr,0.9816875289754289,0.9900514312431815
E9/B/1D-CNN,pr,0.9817647967856591,0.9900522064361965
E9/B/1D-CNN,pr,0.9818163086591459,0.9900527231644287
E9/B/1D-CNN,pr,0.9818935764693761,0.9900534981561315
E9/B/1D-CNN,pr,0.981945088342863,0.9900283050715417
E9/B/1D-CNN,pr,0.9819966002163498,0.9900288229337072
E9/B/1D-CNN,pr,0.9820738680265801,0.99002959962611
E9/B/1D-CNN,pr,0.9821511358368104,0.9900303761975232
E9/B/1D-CNN,pr,0.9821768917735538,0.9900049326306498
E9/B/1D-CNN,pr,0.9822799155205275,0.9900059704592062
E9/B/1D-CNN,pr,0.9823571833307577,0.9900067486891969
E9/B/1D-CNN,pr,0.9824086952042446,0.9900072674418605
E9/B/1D-CNN,pr,0.9824859630144749,0.9900080454698814
E9/B/1D-CNN,pr,0.9825632308247051,0.9900088233767582
E9/B/1D-CNN,pr,0.9826147426981919,0.9900093419140544
E9/B/1D-CNN,pr,0.9826920105084221,0.9900101196190871
E9/B/1D-CNN,pr,0.9827692783186525,0.9900108972030512
E9/B/1D-CNN,pr,0.9828207901921393,0.9900114155251142
E9/B/1D-CNN,pr,0.9828980580023695,0.9900121929073599
E9/B/1D-CNN,pr,0.9829753258125998,0.9900129701686122
E9/B/1D-CNN,pr,0.9830268376860867,0.9900134882755759
E9/B/1D-CNN,pr,0.9831041054963169,0.9900142653352354
E9/B/1D-CNN,pr,0.9831813733065472,0.9899893669441635
E9/B/1D-CNN,pr,0.983232885180034,0.9899898861544048
E9/B/1D-CNN,pr,0.9833101529902643,0.9899906648687895
E9/B/1D-CNN,pr,0.9833874208004945,0.9899914434620272
E9/B/1D-CNN,pr,0.9834389326739813,0.9899919624568955
E9/B/1D-CNN,pr,0.9834904445474681,0.9899668153064399
E9/B/1D-CNN,pr,0.9835677123576985,0.9899675955930006
E9/B/1D-CNN,pr,0.9836192242311853,0.9899681157166187
E9/B/1D-CNN,pr,0.9836964920414155,0.9899688958009332
E9/B/1D-CNN,pr,0.9837480039149024,0.9899437576134567
E9/B/1D-CNN,pr,0.9837995157883892,0.9899442788648438
E9/B/1D-CNN,pr,0.9838767835986195,0.9899450606406137
E9/B/1D-CNN,pr,0.9839282954721064,0.989919929517245
E9/B/1D-CNN,pr,0.9839540514088497,0.9898945404607054
E9/B/1D-CNN,pr,0.98403131921908,0.989895325940512
E9/B/1D-CNN,pr,0.9841085870293103,0.9898961112982202
E9/B/1D-CNN,pr,0.9841600989027971,0.9898966348022072
E9/B/1D-CNN,pr,0.9842373667130273,0.9898974199564812
E9/B/1D-CNN,pr,0.9843146345232576,0.9898982049887326
E9/B/1D-CNN,pr,0.9843661463967445,0.9898987282757906
E9/B/1D-CNN,pr,0.9844434142069747,0.9898995131047342
E9/B/1D-CNN,pr,0.984520682017205,0.9899002978117312
E9/B/1D-CNN,pr,0.9845464379539484,0.9898749255509232
E9/B/1D-CNN,pr,0.9845979498274352,0.9898498187467634
E9/B/1D-CNN,pr,0.984649461700922,0.9898247158428916
E9/B/1D-CNN,pr,0.9847009735744089,0.9898252427184466
E9/B/1D-CNN,pr,0.9847782413846392,0.9898260329294812
E9/B/1D-CNN,pr,0.9848555091948694,0.9898268230177837
E9/B/1D-CNN,pr,0.9849070210683563,0.9898273496751482
E9/B/1D-CNN,pr,0.9849585329418431,0.9898022569624185
E9/B/1D-CNN,pr,0.9850358007520733,0.9898030487331453
E9/B/1D-CNN,pr,0.9850873126255602,0.989803576511995
E9/B/1D-CNN,pr,0.9851645804357905,0.9898043680778388
E9/B/1D-CNN,pr,0.9852418482460207,0.9898051595207907
E9/B/1D-CNN,pr,0.9852933601195075,0.9898056870811663
E9/B/1D-CNN,pr,0.9853706279297378,0.9898064783193625
E9/B/1D-CNN,pr,0.985447895739968,0.9898072694347433
E9/B/1D-CNN,pr,0.9854994076134549,0.9898077967767804
E9/B/1D-CNN,pr,0.9855509194869417,0.9897827211588205
E9/B/1D-CNN,pr,0.9856024313604286,0.9897576494322737
E9/B/1D-CNN,pr,0.9856539432339154,0.9897581792318635
E9/B/1D-CNN,pr,0.9857054551074023,0.9897331126512879
E9/B/1D-CNN,pr,0.9857569669808891,0.9897080499599182
E9/B/1D-CNN,pr,0.9858342347911193,0.98970884832187
E9/B/1D-CNN,pr,0.9858857466646062,0.9897093804943634
E9/B/1D-CNN,pr,0.985937258538093,0.9896843248274257
E9/B/1D-CNN,pr,0.9860145263483233,0.989685124864278
E9/B/1D-CNN,pr,0.9860660382218102,0.9896856581532416
E9/B/1D-CNN,pr,0.9861433060320404,0.9896864579833019
E9/B/1D-CNN,pr,0.9861948179055272,0.9896614112173688
E9/B/1D-CNN,pr,0.9862205738422707,0.9896361004858886
E9/B/1D-CNN,pr,0.9862978416525009,0.9896369039927639
E9/B/1D-CNN,pr,0.9863235975892444,0.9895860251175771
E9/B/1D-CNN,pr,0.9863751094627312,0.9895865633074935
E9/B/1D-CNN,pr,0.986426621336218,0.9895615326977237
E9/B/1D-CNN,pr,0.9864781332097048,0.989536505968067
E9/B/1D-CNN,pr,0.9865296450831916,0.9895370466053529
E9/B/1D-CNN,pr,0.9865811569566785,0.9895120250058123
E9/B/1D-CNN,pr,0.9866326688301653,0.9894870072841866
E9/B/1D-CNN,pr,0.9866841807036522,0.9894875503667734
E9/B/1D-CNN,pr,0.9867614485138825,0.9894883648854568
E9/B/1D-CNN,pr,0.9868129603873693,0.9894633541655906
E9/B/1D-CNN,pr,0.9868644722608562,0.9894638983576077
E9/B/1D-CNN,pr,0.9869417400710864,0.9894647145402432
E9/B/1D-CNN,pr,0.9870190078813167,0.9894655305964368
E9/B/1D-CNN,pr,0.9870705197548035,0.9894660745636683
E9/B/1D-CNN,pr,0.9871220316282904,0.9894410739641152
E9/B/1D-CNN,pr,0.9871735435017771,0.9894160772368217
E9/B/1D-CNN,pr,0.987225055375264,0.9894166236448115
E9/B/1D-CNN,pr,0.9873023231854943,0.9894174431510209
E9/B/1D-CNN,pr,0.9873795909957245,0.9894182625303257
E9/B/1D-CNN,pr,0.987405346932468,0.9893930009290802
E9/B/1D-CNN,pr,0.9874568588059548,0.9893680163092565
E9/B/1D-CNN,pr,0.9875083706794416,0.9893430355576198
E9/B/1D-CNN,pr,0.987534126616185,0.9893177830529466
E9/B/1D-CNN,pr,0.9876113944264153,0.9893186098712557
E9/B/1D-CNN,pr,0.9876886622366455,0.989319436561581
E9/B/1D-CNN,pr,0.9877401741101324,0.9893199876173769
E9/B/1D-CNN,pr,0.9877659300468759,0.9892692238243868
E9/B/1D-CNN,pr,0.9878431978571061,0.989270054165592
E9/B/1D-CNN,pr,0.9878947097305929,0.9892706076550087
E9/B/1D-CNN,pr,0.9879719775408231,0.989271437782076
E9/B/1D-CNN,pr,0.98802348941431,0.9892464799628655
E9/B/1D-CNN,pr,0.9880750012877968,0.9892470345538937
E9/B/1D-CNN,pr,0.9881265131612836,0.9892220818399814
E9/B/1D-CNN,pr,0.988203780971514,0.9892229154849688
E9/B/1D-CNN,pr,0.9882552928450008,0.9892234711766525
E9/B/1D-CNN,pr,0.9883068047184876,0.9891985254311567
E9/B/1D-CNN,pr,0.9883840725287178,0.9891993607258854
E9/B/1D-CNN,pr,0.9884355844022047,0.9891999175172698
E9/B/1D-CNN,pr,0.9884870962756915,0.9891749787365653
E9/B/1D-CNN,pr,0.9885643640859219,0.9891758156796041
E9/B/1D-CNN,pr,0.9886158759594087,0.9891763735697351
E9/B/1D-CNN,pr,0.9886931437696389,0.9891772102971114
E9/B/1D-CNN,pr,0.9887704115798691,0.9891780468951301
E9/B/1D-CNN,pr,0.988821923453356,0.9891786045552922
E9/B/1D-CNN,pr,0.9888991912635863,0.9891794409377818
E9/B/1D-CNN,pr,0.9889764590738165,0.9891802771909939
E9/B/1D-CNN,pr,0.9890279709473033,0.9891808346213292
E9/B/1D-CNN,pr,0.9891052387575336,0.9891816706591453
E9/B/1D-CNN,pr,0.9891567506310205,0.9891567506310205
E9/B/1D-CNN,pr,0.9892082625045073,0.9891573091583393
E9/B/1D-CNN,pr,0.9892597743779942,0.989132394221112
E9/B/1D-CNN,pr,0.9893370421882244,0.9891332337642272
E9/B/1D-CNN,pr,0.9893885540617112,0.9891337933875786
E9/B/1D-CNN,pr,0.9894658218719414,0.9891346327145395
E9/B/1D-CNN,pr,0.9895430896821718,0.989135471911848
E9/B/1D-CNN,pr,0.9895946015556586,0.989136031304706
E9/B/1D-CNN,pr,0.9896718693658888,0.9891368702859937
E9/B/1D-CNN,pr,0.9897491371761191,0.9891377091377092
E9/B/1D-CNN,pr,0.9897491371761191,0.9890867908987955
E9/B/1D-CNN,pr,0.9898264049863493,0.9890876335092009
E9/B/1D-CNN,pr,0.9899036727965796,0.9890884759895002
E9/B/1D-CNN,pr,0.9899551846700665,0.9890890375707668
E9/B/1D-CNN,pr,0.9900066965435533,0.9890641484188045
E9/B/1D-CNN,pr,0.9900839643537835,0.9890649925384655
E9/B/1D-CNN,pr,0.9901354762272704,0.9890655552125142
E9/B/1D-CNN,pr,0.9901869881007572,0.9890406729952921
E9/B/1D-CNN,pr,0.9902127440375006,0.9889900704841282
E9/B/1D-CNN,pr,0.9902642559109874,0.9889906368968001
E9/B/1D-CNN,pr,0.9903415237212178,0.9889914864065433
E9/B/1D-CNN,pr,0.9903930355947046,0.9889666169435729
E9/B/1D-CNN,pr,0.9904445474681914,0.9889671844460447
E9/B/1D-CNN,pr,0.9904960593416783,0.9889423200555456
E9/B/1D-CNN,pr,0.9905733271519085,0.9889431730521985
E9/B/1D-CNN,pr,0.990599083088652,0.9889180294147897
E9/B/1D-CNN,pr,0.9906505949621388,0.988893173929811
E9/B/1D-CNN,pr,0.990727862772369,0.988894030541416
E9/B/1D-CNN,pr,0.9907793746458559,0.9888946015424165
E9/B/1D-CNN,pr,0.9908308865193427,0.988869752975349
E9/B/1D-CNN,pr,0.990908154329573,0.9888706112167789
E9/B/1D-CNN,pr,0.9909339102663164,0.9888454816490182
E9/B/1D-CNN,pr,0.9910111780765466,0.988846341651461
E9/B/1D-CNN,pr,0.9910884458867769,0.9888472015213033
E9/B/1D-CNN,pr,0.9911142018235203,0.9888220783225409
E9/B/1D-CNN,pr,0.9911657136970071,0.988797245561294
E9/B/1D-CNN,pr,0.991217225570494,0.9887724166281281
E9/B/1D-CNN,pr,0.9912429815072374,0.9887473024355153
E9/B/1D-CNN,pr,0.9912944933807243,0.9887224805404988
E9/B/1D-CNN,pr,0.9913460052542111,0.988697662471102
E9/B/1D-CNN,pr,0.9913717611909545,0.9886725572793589
E9/B/1D-CNN,pr,0.991397517127698,0.9886220624117118
E9/B/1D-CNN,pr,0.9914747849379282,0.9886229390312805
E9/B/1D-CNN,pr,0.9915005408746717,0.988597842835131
E9/B/1D-CNN,pr,0.9915778086849019,0.9885987212079193
E9/B/1D-CNN,pr,0.9916293205583887,0.9885739228675602
E9/B/1D-CNN,pr,0.9916550764951322,0.9885488343432268
E9/B/1D-CNN,pr,0.9917065883686189,0.9885240430284203
E9/B/1D-CNN,pr,0.9917581002421058,0.9884992555321661
E9/B/1D-CNN,pr,0.9918096121155926,0.9884998459800801
E9/B/1D-CNN,pr,0.9918611239890794,0.9884750635283247
E9/B/1D-CNN,pr,0.9919383917993098,0.9884759509265438
E9/B/1D-CNN,pr,0.9919641477360531,0.9884508777332923
E9/B/1D-CNN,pr,0.9920414155462834,0.9884517668796674
E9/B/1D-CNN,pr,0.9920671714830268,0.988401334359764
E9/B/1D-CNN,pr,0.9920671714830268,0.9883506106948579
E9/B/1D-CNN,pr,0.9921186833565137,0.9883258499037845
E9/B/1D-CNN,pr,0.9921444392932571,0.9882754374262405
E9/B/1D-CNN,pr,0.992195951166744,0.9882760389943561
E9/B/1D-CNN,pr,0.9922474630402308,0.9882512890234205
E9/B/1D-CNN,pr,0.9922474630402308,0.9881752423947058
E9/B/1D-CNN,pr,0.9922732189769742,0.9881502000615574
E9/B/1D-CNN,pr,0.9923504867872045,0.9881511117950296
E9/B/1D-CNN,pr,0.9923762427239479,0.9881007334461712
E9/B/1D-CNN,pr,0.9923762427239479,0.9880500564160427
E9/B/1D-CNN,pr,0.9924277545974347,0.9880253339829227
E9/B/1D-CNN,pr,0.9925050224076649,0.9880262550638429
E9/B/1D-CNN,pr,0.9925307783444084,0.9880012306430109
E9/B/1D-CNN,pr,0.9926080461546386,0.9880021534596355
E9/B/1D-CNN,pr,0.9926338020913821,0.9879518072289156
E9/B/1D-CNN,pr,0.9926595580281254,0.9879267917563826
E9/B/1D-CNN,pr,0.9927368258383558,0.987927720107651
E9/B/1D-CNN,pr,0.9927625817750991,0.9878773899225999
E9/B/1D-CNN,pr,0.992814093648586,0.9878780112762686
E9/B/1D-CNN,pr,0.992814093648586,0.9878020654485816
E9/B/1D-CNN,pr,0.9928398495853294,0.9877517552400964
E9/B/1D-CNN,pr,0.9928656055220728,0.987701452765892
E9/B/1D-CNN,pr,0.9928913614588163,0.987676462299198
E9/B/1D-CNN,pr,0.9929171173955597,0.9876261720551315
E9/B/1D-CNN,pr,0.9929686292690465,0.9876015062632887
E9/B/1D-CNN,pr,0.9929686292690465,0.9875509106278337
E9/B/1D-CNN,pr,0.9930458970792768,0.9875518672199171
E9/B/1D-CNN,pr,0.993123164889507,0.987552823665002
E9/B/1D-CNN,pr,0.993123164889507,0.9875022408891848
E9/B/1D-CNN,pr,0.9932004326997372,0.9875032010243278
E9/B/1D-CNN,pr,0.9932519445732241,0.9874785547845236
E9/B/1D-CNN,pr,0.9932519445732241,0.9874279861733453
E9/B/1D-CNN,pr,0.9933034564467109,0.9874033488657893
E9/B/1D-CNN,pr,0.9933549683201978,0.9873787153426692
E9/B/1D-CNN,pr,0.9934064801936846,0.9873793615441723
E9/B/1D-CNN,pr,0.9934837480039149,0.9873803307223673
E9/B/1D-CNN,pr,0.9935095039406583,0.9873301082699839
E9/B/1D-CNN,pr,0.9935352598774018,0.9873051623966624
E9/B/1D-CNN,pr,0.9935610158141451,0.9872549521420894
E9/B/1D-CNN,pr,0.9935867717508886,0.9872047495969496
E9/B/1D-CNN,pr,0.993612527687632,0.98717981524604
E9/B/1D-CNN,pr,0.9936382836243755,0.9871296248912543
E9/B/1D-CNN,pr,0.9936640395611188,0.987079442241269
E9/B/1D-CNN,pr,0.9936640395611188,0.9870289354516847
E9/B/1D-CNN,pr,0.9936640395611188,0.9869531849577897
E9/B/1D-CNN,pr,0.9936640395611188,0.9868774460900929
E9/B/1D-CNN,pr,0.9936640395611188,0.9868269599693056
E9/B/1D-CNN,pr,0.9936897954978623,0.9867768172285027
E9/B/1D-CNN,pr,0.9936897954978623,0.9867011073885579
E9/B/1D-CNN,pr,0.9937155514346057,0.9866762141012199
E9/B/1D-CNN,pr,0.9937155514346057,0.9866005216590804
E9/B/1D-CNN,pr,0.9937413073713491,0.98655041039147
E9/B/1D-CNN,pr,0.9937670633080925,0.9865255299020735
E9/B/1D-CNN,pr,0.9937670633080925,0.986449864498645
E9/B/1D-CNN,pr,0.993792819244836,0.9863997750338728
E9/B/1D-CNN,pr,0.9938185751815793,0.9863749073340321
E9/B/1D-CNN,pr,0.9938700870550662,0.9863503910843004
E9/B/1D-CNN,pr,0.9938958429918097,0.9863003194888179
E9/B/1D-CNN,pr,0.9938958429918097,0.9862499041582539
E9/B/1D-CNN,pr,0.9939473548652965,0.9862254025044723
E9/B/1D-CNN,pr,0.9939731108020399,0.9861753507270079
E9/B/1D-CNN,pr,0.9939731108020399,0.9861249520889229
E9/B/1D-CNN,pr,0.9939731108020399,0.9860493637896673
E9/B/1D-CNN,pr,0.9939731108020399,0.9859737870774891
E9/B/1D-CNN,pr,0.9939988667387832,0.9859489563906702
E9/B/1D-CNN,pr,0.9939988667387832,0.9858733970265161
E9/B/1D-CNN,pr,0.9939988667387832,0.9857978492426371
E9/B/1D-CNN,pr,0.9939988667387832,0.9857474904855559
E9/B/1D-CNN,pr,0.9939988667387832,0.9856719619962201
E9/B/1D-CNN,pr,0.9940503786122701,0.9856475215159486
E9/B/1D-CNN,pr,0.9940503786122701,0.9855971807247376
E9/B/1D-CNN,pr,0.9940503786122701,0.9855216791787957
E9/B/1D-CNN,pr,0.9940503786122701,0.9854461891995404
E9/B/1D-CNN,pr,0.9940761345490136,0.9854214006689305
E9/B/1D-CNN,pr,0.9940761345490136,0.9853459280061272
E9/B/1D-CNN,pr,0.9940761345490136,0.9852704669032242
E9/B/1D-CNN,pr,0.9941018904857569,0.9852456924058711
E9/B/1D-CNN,pr,0.9941018904857569,0.9851702486089131
E9/B/1D-CNN,pr,0.9941018904857569,0.9850948163650749
E9/B/1D-CNN,pr,0.9941018904857569,0.9850445346196054
E9/B/1D-CNN,pr,0.9941018904857569,0.9849691216250702
E9/B/1D-CNN,pr,0.9941018904857569,0.9848937201765802
E9/B/1D-CNN,pr,0.9941018904857569,0.9848434589574137
E9/B/1D-CNN,pr,0.9941018904857569,0.9847680767464407
E9/B/1D-CNN,pr,0.9941018904857569,0.9846927060744445
E9/B/1D-CNN,pr,0.9941018904857569,0.9846424653690146
E9/B/1D-CNN,pr,0.9941018904857569,0.9845671139227591
E9/B/1D-CNN,pr,0.9941276464225004,0.9845172809590613
E9/B/1D-CNN,pr,0.9941276464225004,0.984467059453669
E9/B/1D-CNN,pr,0.9941534023592438,0.9844172404998724
E9/B/1D-CNN,pr,0.9941534023592438,0.9843419274220284
E9/B/1D-CNN,pr,0.9941534023592438,0.9842917251051894
E9/B/1D-CNN,pr,0.9941791582959872,0.9842419297261461
E9/B/1D-CNN,pr,0.9941791582959872,0.9841666454195457
E9/B/1D-CNN,pr,0.9941791582959872,0.9841164622797848
E9/B/1D-CNN,pr,0.9942049142327306,0.984066690460409
E9/B/1D-CNN,pr,0.9942049142327306,0.9839914349078488
E9/B/1D-CNN,pr,0.9942049142327306,0.9839412709337004
E9/B/1D-CNN,pr,0.9942049142327306,0.9838660345618596
E9/B/1D-CNN,pr,0.9942049142327306,0.9837908096949308
E9/B/1D-CNN,pr,0.9942306701694741,0.9837661510232167
E9/B/1D-CNN,pr,0.9942306701694741,0.983690943376994
E9/B/1D-CNN,pr,0.9942306701694741,0.9836157472289464
E9/B/1D-CNN,pr,0.9942306701694741,0.9835656228501541
E9/B/1D-CNN,pr,0.9942306701694741,0.9834904458598727
E9/B/1D-CNN,pr,0.9942306701694741,0.9834152803607368
E9/B/1D-CNN,pr,0.9942306701694741,0.9833651764106484
E9/B/1D-CNN,pr,0.9942306701694741,0.9832900300575679
E9/B/1D-CNN,pr,0.9942564261062175,0.9832403657573674
E9/B/1D-CNN,pr,0.9942564261062175,0.9831902809260628
E9/B/1D-CNN,pr,0.9942564261062175,0.9831151632455559
E9/B/1D-CNN,pr,0.9942564261062175,0.9830400570424508
E9/B/1D-CNN,pr,0.9942564261062175,0.982989992615416
E9/B/1D-CNN,pr,0.9942821820429609,0.9829403676732699
E9/B/1D-CNN,pr,0.9942821820429609,0.9828652901188991
E9/B/1D-CNN,pr,0.9942821820429609,0.9828152447872909
E9/B/1D-CNN,pr,0.9942821820429609,0.9827401863448908
E9/B/1D-CNN,pr,0.9943079379797043,0.9826905943744432
E9/B/1D-CNN,pr,0.9943336939164478,0.9826660218392853
E9/B/1D-CNN,pr,0.9943594498531911,0.982616441842708
E9/B/1D-CNN,pr,0.9943594498531911,0.9825414195912758
E9/B/1D-CNN,pr,0.9943852057899346,0.9825168596513552
E9/B/1D-CNN,pr,0.9943852057899346,0.9824418545473053
E9/B/1D-CNN,pr,0.9943852057899346,0.9823668608941248
E9/B/1D-CNN,pr,0.994410961726678,0.9823423148360176
E9/B/1D-CNN,pr,0.994410961726678,0.9822673383198494
E9/B/1D-CNN,pr,0.994410961726678,0.9821923732478567
E9/B/1D-CNN,pr,0.9944367176634215,0.982167841062298
E9/B/1D-CNN,pr,0.9944882295369083,0.9821437655796917
E9/B/1D-CNN,pr,0.9944882295369083,0.9820688251901213
E9/B/1D-CNN,pr,0.9944882295369083,0.9820188712836033
E9/B/1D-CNN,pr,0.9944882295369083,0.981943949951681
E9/B/1D-CNN,pr,0.9945397414103951,0.9819198982835347
E9/B/1D-CNN,pr,0.9945397414103951,0.9818699621125435
E9/B/1D-CNN,pr,0.9945654973471385,0.9818204932621408
E9/B/1D-CNN,pr,0.994591253283882,0.9817710319578979
E9/B/1D-CNN,pr,0.9946170092206253,0.9817465361637219
E9/B/1D-CNN,pr,0.9946427651573688,0.9816970867863135
E9/B/1D-CNN,pr,0.9946427651573688,0.9816222261762538
E9/B/1D-CNN,pr,0.9946685210941122,0.9815977429275856
E9/B/1D-CNN,pr,0.9946942770308557,0.9815483149494231
E9/B/1D-CNN,pr,0.994720032967599,0.9814988945081197
E9/B/1D-CNN,pr,0.994720032967599,0.9814490101903383
E9/B/1D-CNN,pr,0.9947457889043424,0.9813996035981095
E9/B/1D-CNN,pr,0.9947457889043424,0.9813247960972635
E9/B/1D-CNN,pr,0.9947457889043424,0.9812749307655174
E9/B/1D-CNN,pr,0.9947715448410859,0.9812255474823434
E9/B/1D-CNN,pr,0.9947973007778292,0.9811761717261527
E9/B/1D-CNN,pr,0.9947973007778292,0.9811263240785429
E9/B/1D-CNN,pr,0.9947973007778292,0.9810515621031242
E9/B/1D-CNN,pr,0.9947973007778292,0.9809768115205851
E9/B/1D-CNN,pr,0.9947973007778292,0.9809269841269841
E9/B/1D-CNN,pr,0.9948230567145727,0.9808776474173396
E9/B/1D-CNN,pr,0.9948230567145727,0.9808029252685305
E9/B/1D-CNN,pr,1.0,0.97065
E9/B/Autoencoder,roc,0.0,0.0
E9/B/Autoencoder,roc,0.0,0.00010302374697367743
E9/B/Autoencoder,roc,0.004258943781942078,0.00010302374697367743
E9/B/Autoencoder,roc,0.004258943781942078,0.00015453562046051616
E9/B/Autoencoder,roc,0.02129471890971039,0.00015453562046051616
E9/B/Autoencoder,roc,0.02129471890971039,0.0001802915572039355
E9/B/Autoencoder,roc,0.08603066439522998,0.0001802915572039355
E9/B/Autoencoder,roc,0.08603066439522998,0.00020604749394735486
E9/B/Autoencoder,roc,0.141396933560477,0.00020604749394735486
E9/B/Autoencoder,roc,0.141396933560477,0.0002318034306907742
E9/B/Autoencoder,roc,0.14310051107325383,0.0002318034306907742
E9/B/Autoencoder,roc,0.14310051107325383,0.00025755936743419356
E9/B/Autoencoder,roc,0.1575809199318569,0.00025755936743419356
E9/B/Autoencoder,roc,0.1575809199318569,0.0002833153041776129
E9/B/Autoencoder,roc,0.15928449744463374,0.0002833153041776129
E9/B/Autoencoder,roc,0.15928449744463374,0.0003090712409210323
E9/B/Autoencoder,roc,0.16098807495741055,0.0003090712409210323
E9/B/Autoencoder,roc,0.16098807495741055,0.000360583114407871
E9/B/Autoencoder,roc,0.16183986371379896,0.000360583114407871
E9/B/Autoencoder,roc,0.16183986371379896,0.00038633905115129037
E9/B/Autoencoder,roc,0.1643952299829642,0.00038633905115129037
E9/B/Autoencoder,roc,0.1643952299829642,0.0004120949878947097
E9/B/Autoencoder,roc,0.16609880749574105,0.0004120949878947097
E9/B/Autoencoder,roc,0.16609880749574105,0.0004378509246381291
E9/B/Autoencoder,roc,0.17120954003407154,0.0004378509246381291
E9/B/Autoencoder,roc,0.17120954003407154,0.0004636068613815484
E9/B/Autoencoder,roc,0.17546848381601363,0.0004636068613815484
E9/B/Autoencoder,roc,0.17546848381601363,0.0004893627981249678
E9/B/Autoencoder,roc,0.17802385008517888,0.0004893627981249678
E9/B/Autoencoder,roc,0.17802385008517888,0.0005151187348683871
E9/B/Autoencoder,roc,0.1797274275979557,0.0005151187348683871
E9/B/Autoencoder,roc,0.1797274275979557,0.0006181424818420646
E9/B/Autoencoder,roc,0.18228279386712096,0.0006181424818420646
E9/B/Autoencoder,roc,0.18228279386712096,0.0006438984185854839
E9/B/Autoencoder,roc,0.18313458262350937,0.0006438984185854839
E9/B/Autoencoder,roc,0.18313458262350937,0.0006696543553289033
E9/B/Autoencoder,roc,0.1890971039182283,0.0006696543553289033
E9/B/Autoencoder,roc,0.1890971039182283,0.0006954102920723226
E9/B/Autoencoder,roc,0.1899488926746167,0.0006954102920723226
E9/B/Autoencoder,roc,0.1899488926746167,0.000721166228815742
E9/B/Autoencoder,roc,0.19165247018739354,0.000721166228815742
E9/B/Autoencoder,roc,0.19165247018739354,0.0007469221655591613
E9/B/Autoencoder,roc,0.19591141396933562,0.0007469221655591613
E9/B/Autoencoder,roc,0.19591141396933562,0.0007726781023025807
E9/B/Autoencoder,roc,0.20017035775127767,0.0007726781023025807
E9/B/Autoencoder,roc,0.20017035775127767,0.0007984340390460001
E9/B/Autoencoder,roc,0.20272572402044292,0.0007984340390460001
E9/B/Autoencoder,roc,0.20272572402044292,0.0008499459125328389
E9/B/Autoencoder,roc,0.20357751277683134,0.0008499459125328389
E9/B/Autoencoder,roc,0.20357751277683134,0.0008757018492762581
E9/B/Autoencoder,roc,0.20528109028960817,0.0008757018492762581
E9/B/Autoencoder,roc,0.20528109028960817,0.0009014577860196776
E9/B/Autoencoder,roc,0.2061328790459966,0.0009014577860196776
E9/B/Autoencoder,roc,0.2061328790459966,0.0009529696595065163
E9/B/Autoencoder,roc,0.20868824531516184,0.0009529696595065163
E9/B/Autoencoder,roc,0.20868824531516184,0.0009787255962499357
E9/B/Autoencoder,roc,0.21124361158432708,0.0009787255962499357
E9/B/Autoencoder,roc,0.21124361158432708,0.0010559934064801938
E9/B/Autoencoder,roc,0.217206132879046,0.0010559934064801938
E9/B/Autoencoder,roc,0.217206132879046,0.001081749343223613
E9/B/Autoencoder,roc,0.21890971039182283,0.001081749343223613
E9/B/Autoencoder,roc,0.21890971039182283,0.0011075052799670324
E9/B/Autoencoder,roc,0.21976149914821125,0.0011075052799670324
E9/B/Autoencoder,roc,0.21976149914821125,0.0011332612167104517
E9/B/Autoencoder,roc,0.2231686541737649,0.0011332612167104517
E9/B/Autoencoder,roc,0.2231686541737649,0.0011590171534538712
E9/B/Autoencoder,roc,0.22913117546848383,0.0011590171534538712
E9/B/Autoencoder,roc,0.22913117546848383,0.0011847730901972905
E9/B/Autoencoder,roc,0.23083475298126066,0.0011847730901972905
E9/B/Autoencoder,roc,0.23083475298126066,0.0012105290269407098
E9/B/Autoencoder,roc,0.23594548551959113,0.0012105290269407098
E9/B/Autoencoder,roc,0.23594548551959113,0.0012362849636841293
E9/B/Autoencoder,roc,0.23679727427597955,0.0012362849636841293
E9/B/Autoencoder,roc,0.23679727427597955,0.0012620409004275486
E9/B/Autoencoder,roc,0.2453151618398637,0.0012620409004275486
E9/B/Autoencoder,roc,0.2453151618398637,0.0013135527739143872
E9/B/Autoencoder,roc,0.24616695059625213,0.0013135527739143872
E9/B/Autoencoder,roc,0.24616695059625213,0.0013908205841446453
E9/B/Autoencoder,roc,0.2495741056218058,0.0013908205841446453
E9/B/Autoencoder,roc,0.2495741056218058,0.0014165765208880648
E9/B/Autoencoder,roc,0.2504258943781942,0.0014165765208880648
E9/B/Autoencoder,roc,0.2504258943781942,0.0014680883943749034
E9/B/Autoencoder,roc,0.25298126064735943,0.0014680883943749034
E9/B/Autoencoder,roc,0.25298126064735943,0.0014938443311183227
E9/B/Autoencoder,roc,0.2563884156729131,0.0014938443311183227
E9/B/Autoencoder,roc,0.2563884156729131,0.0015196002678617422
E9/B/Autoencoder,roc,0.2572402044293015,0.0015196002678617422
E9/B/Autoencoder,roc,0.2572402044293015,0.0015711121413485808
E9/B/Autoencoder,roc,0.26405451448040884,0.0015711121413485808
E9/B/Autoencoder,roc,0.26405451448040884,0.0015968680780920003
E9/B/Autoencoder,roc,0.2657580919931857,0.0015968680780920003
E9/B/Autoencoder,roc,0.2657580919931857,0.0016226240148354196
E9/B/Autoencoder,roc,0.2734241908006814,0.0016226240148354196
E9/B/Autoencoder,roc,0.2734241908006814,0.001648379951578839
E9/B/Autoencoder,roc,0.2785349233390119,0.001648379951578839
E9/B/Autoencoder,roc,0.2785349233390119,0.0016998918250656777
E9/B/Autoencoder,roc,0.27938671209540034,0.0016998918250656777
E9/B/Autoencoder,roc,0.27938671209540034,0.0017514036985525163
E9/B/Autoencoder,roc,0.2836456558773424,0.0017514036985525163
E9/B/Autoencoder,roc,0.2836456558773424,0.0017771596352959358
E9/B/Autoencoder,roc,0.29557069846678025,0.0017771596352959358
E9/B/Autoencoder,roc,0.29557069846678025,0.001802915572039355
E9/B/Autoencoder,roc,0.2989778534923339,0.001802915572039355
E9/B/Autoencoder,roc,0.2989778534923339,0.0018286715087827744
E9/B/Autoencoder,roc,0.29982964224872233,0.0018286715087827744
E9/B/Autoencoder,roc,0.29982964224872233,0.0019316952557564518
E9/B/Autoencoder,roc,0.3023850085178876,0.0019316952557564518
E9/B/Autoencoder,roc,0.3023850085178876,0.0019574511924998713
E9/B/Autoencoder,roc,0.30579216354344124,0.0019574511924998713
E9/B/Autoencoder,roc,0.30579216354344124,0.0019832071292432904
E9/B/Autoencoder,roc,0.3100511073253833,0.0019832071292432904
E9/B/Autoencoder,roc,0.3100511073253833,0.0020604749394735485
E9/B/Autoencoder,roc,0.31090289608177174,0.0020604749394735485
E9/B/Autoencoder,roc,0.31090289608177174,0.002086230876216968
E9/B/Autoencoder,roc,0.31175468483816016,0.002086230876216968
E9/B/Autoencoder,roc,0.31175468483816016,0.0021377427497038066
E9/B/Autoencoder,roc,0.313458262350937,0.0021377427497038066
E9/B/Autoencoder,roc,0.313458262350937,0.0021892546231906456
E9/B/Autoencoder,roc,0.32112436115843274,0.0021892546231906456
E9/B/Autoencoder,roc,0.32112436115843274,0.0022407664966774842
E9/B/Autoencoder,roc,0.3219761499148211,0.0022407664966774842
E9/B/Autoencoder,roc,0.3219761499148211,0.0022665224334209033
E9/B/Autoencoder,roc,0.3228279386712095,0.0022665224334209033
E9/B/Autoencoder,roc,0.3228279386712095,0.0023180343069077423
E9/B/Autoencoder,roc,0.32453151618398635,0.0023180343069077423
E9/B/Autoencoder,roc,0.32453151618398635,0.0023437902436511614
E9/B/Autoencoder,roc,0.32538330494037476,0.0023437902436511614
E9/B/Autoencoder,roc,0.32538330494037476,0.002369546180394581
E9/B/Autoencoder,roc,0.32793867120954,0.002369546180394581
E9/B/Autoencoder,roc,0.32793867120954,0.0023953021171380004
E9/B/Autoencoder,roc,0.3339011925042589,0.0023953021171380004
E9/B/Autoencoder,roc,0.3339011925042589,0.0024210580538814195
E9/B/Autoencoder,roc,0.33560477001703576,0.0024210580538814195
E9/B/Autoencoder,roc,0.33560477001703576,0.002524081800855097
E9/B/Autoencoder,roc,0.338160136286201,0.002524081800855097
E9/B/Autoencoder,roc,0.338160136286201,0.0025498377375985167
E9/B/Autoencoder,roc,0.3441226575809199,0.0025498377375985167
E9/B/Autoencoder,roc,0.3441226575809199,0.0026013496110853553
E9/B/Autoencoder,roc,0.34497444633730834,0.0026013496110853553
E9/B/Autoencoder,roc,0.34497444633730834,0.0026271055478287743
E9/B/Autoencoder,roc,0.34582623509369675,0.0026271055478287743
E9/B/Autoencoder,roc,0.34582623509369675,0.0027043733580590324
E9/B/Autoencoder,roc,0.35093696763202725,0.0027043733580590324
E9/B/Autoencoder,roc,0.35093696763202725,0.002730129294802452
E9/B/Autoencoder,roc,0.3534923339011925,0.002730129294802452
E9/B/Autoencoder,roc,0.3534923339011925,0.0027558852315458715
E9/B/Autoencoder,roc,0.35604770017035775,0.0027558852315458715
E9/B/Autoencoder,roc,0.35604770017035775,0.0027816411682892906
E9/B/Autoencoder,roc,0.36115843270868825,0.0027816411682892906
E9/B/Autoencoder,roc,0.36115843270868825,0.00280739710503271
E9/B/Autoencoder,roc,0.38671209540034074,0.00280739710503271
E9/B/Autoencoder,roc,0.38671209540034074,0.0028331530417761296
E9/B/Autoencoder,roc,0.39522998296422485,0.0028331530417761296
E9/B/Autoencoder,roc,0.39522998296422485,0.002884664915262968
E9/B/Autoencoder,roc,0.39948892674616693,0.002884664915262968
E9/B/Autoencoder,roc,0.39948892674616693,0.0029361767887498068
E9/B/Autoencoder,roc,0.4020442930153322,0.0029361767887498068
E9/B/Autoencoder,roc,0.4020442930153322,0.0029619327254932263
E9/B/Autoencoder,roc,0.4088586030664395,0.0029619327254932263
E9/B/Autoencoder,roc,0.4088586030664395,0.0029876886622366454
E9/B/Autoencoder,roc,0.4182282793867121,0.0029876886622366454
E9/B/Autoencoder,roc,0.4182282793867121,0.0030392005357234844
E9/B/Autoencoder,roc,0.4301533219761499,0.0030392005357234844
E9/B/Autoencoder,roc,0.4301533219761499,0.0030649564724669035
E9/B/Autoencoder,roc,0.43611584327086883,0.0030649564724669035
E9/B/Autoencoder,roc,0.43611584327086883,0.0031164683459537425
E9/B/Autoencoder,roc,0.43696763202725725,0.0031164683459537425
E9/B/Autoencoder,roc,0.43696763202725725,0.003167980219440581
E9/B/Autoencoder,roc,0.444633730834753,0.003167980219440581
E9/B/Autoencoder,roc,0.444633730834753,0.003245248029670839
E9/B/Autoencoder,roc,0.4463373083475298,0.003245248029670839
E9/B/Autoencoder,roc,0.4463373083475298,0.0032710039664142583
E9/B/Autoencoder,roc,0.4505962521294719,0.0032710039664142583
E9/B/Autoencoder,roc,0.4505962521294719,0.003296759903157678
E9/B/Autoencoder,roc,0.454855195911414,0.003296759903157678
E9/B/Autoencoder,roc,0.454855195911414,0.0033225158399010973
E9/B/Autoencoder,roc,0.4565587734241908,0.0033225158399010973
E9/B/Autoencoder,roc,0.4565587734241908,0.0033482717766445164
E9/B/Autoencoder,roc,0.46678023850085176,0.0033482717766445164
E9/B/Autoencoder,roc,0.46678023850085176,0.003374027713387936
E9/B/Autoencoder,roc,0.47103918228279384,0.003374027713387936
E9/B/Autoencoder,roc,0.47103918228279384,0.0033997836501313554
E9/B/Autoencoder,roc,0.47614991482112434,0.0033997836501313554
E9/B/Autoencoder,roc,0.47614991482112434,0.0034255395868747745
E9/B/Autoencoder,roc,0.49233390119250425,0.0034255395868747745
E9/B/Autoencoder,roc,0.49233390119250425,0.003451295523618194
E9/B/Autoencoder,roc,0.4940374787052811,0.003451295523618194
E9/B/Autoencoder,roc,0.4940374787052811,0.0034770514603616135
E9/B/Autoencoder,roc,0.4948892674616695,0.0034770514603616135
E9/B/Autoencoder,roc,0.4948892674616695,0.003528563333848452
E9/B/Autoencoder,roc,0.5136286201022147,0.003528563333848452
E9/B/Autoencoder,roc,0.5136286201022147,0.00360583114407871
E9/B/Autoencoder,roc,0.5161839863713799,0.00360583114407871
E9/B/Autoencoder,roc,0.5161839863713799,0.0036315870808221293
E9/B/Autoencoder,roc,0.5195911413969335,0.0036315870808221293
E9/B/Autoencoder,roc,0.5195911413969335,0.003657343017565549
E9/B/Autoencoder,roc,0.5264054514480409,0.003657343017565549
E9/B/Autoencoder,roc,0.5264054514480409,0.0036830989543089683
E9/B/Autoencoder,roc,0.5298126064735945,0.0036830989543089683
E9/B/Autoencoder,roc,0.5298126064735945,0.0037088548910523874
E9/B/Autoencoder,roc,0.5417376490630323,0.0037088548910523874
E9/B/Autoencoder,roc,0.5417376490630323,0.003734610827795807
E9/B/Autoencoder,roc,0.5468483816013628,0.003734610827795807
E9/B/Autoencoder,roc,0.5468483816013628,0.0037603667645392264
E9/B/Autoencoder,roc,0.5519591141396933,0.0037603667645392264
E9/B/Autoencoder,roc,0.5519591141396933,0.0037861227012826455
E9/B/Autoencoder,roc,0.5647359454855196,0.0037861227012826455
E9/B/Autoencoder,roc,0.5647359454855196,0.003811878638026065
E9/B/Autoencoder,roc,0.565587734241908,0.003811878638026065
E9/B/Autoencoder,roc,0.565587734241908,0.0038376345747694845
E9/B/Autoencoder,roc,0.5724020442930153,0.0038376345747694845
E9/B/Autoencoder,roc,0.5724020442930153,0.003914902384999743
E9/B/Autoencoder,roc,0.5885860306643952,0.003914902384999743
E9/B/Autoencoder,roc,0.5885860306643952,0.003940658321743162
E9/B/Autoencoder,roc,0.5928449744463373,0.003940658321743162
E9/B/Autoencoder,roc,0.5928449744463373,0.003966414258486581
E9/B/Autoencoder,roc,0.6039182282793867,0.003966414258486581
E9/B/Autoencoder,roc,0.6039182282793867,0.00401792613197342
E9/B/Autoencoder,roc,0.6115843270868825,0.00401792613197342
E9/B/Autoencoder,roc,0.6115843270868825,0.004095193942203678
E9/B/Autoencoder,roc,0.6218057921635435,0.004095193942203678
E9/B/Autoencoder,roc,0.6218057921635435,0.004120949878947097
E9/B/Autoencoder,roc,0.6473594548551959,0.004120949878947097
E9/B/Autoencoder,roc,0.6473594548551959,0.0041467058156905165
E9/B/Autoencoder,roc,0.6550255536626917,0.0041467058156905165
E9/B/Autoencoder,roc,0.6550255536626917,0.004172461752433936
E9/B/Autoencoder,roc,0.6584327086882453,0.004172461752433936
E9/B/Autoencoder,roc,0.6584327086882453,0.0041982176891773556
E9/B/Autoencoder,roc,0.6592844974446337,0.0041982176891773556
E9/B/Autoencoder,roc,0.6592844974446337,0.004223973625920775
E9/B/Autoencoder,roc,0.6609880749574105,0.004223973625920775
E9/B/Autoencoder,roc,0.6609880749574105,0.004249729562664194
E9/B/Autoencoder,roc,0.6712095400340715,0.004249729562664194
E9/B/Autoencoder,roc,0.6712095400340715,0.004275485499407613
E9/B/Autoencoder,roc,0.6839863713798978,0.004275485499407613
E9/B/Autoencoder,roc,0.6839863713798978,0.004301241436151033
E9/B/Autoencoder,roc,0.6848381601362862,0.004301241436151033
E9/B/Autoencoder,roc,0.6848381601362862,0.004352753309637872
E9/B/Autoencoder,roc,0.6873935264054515,0.004352753309637872
E9/B/Autoencoder,roc,0.6873935264054515,0.004378509246381291
E9/B/Autoencoder,roc,0.6890971039182283,0.004378509246381291
E9/B/Autoencoder,roc,0.6890971039182283,0.00440426518312471
E9/B/Autoencoder,roc,0.7197614991482112,0.00440426518312471
E9/B/Autoencoder,roc,0.7197614991482112,0.004455777056611549
E9/B/Autoencoder,roc,0.7206132879045997,0.004455777056611549
E9/B/Autoencoder,roc,0.7206132879045997,0.0044815329933549685
E9/B/Autoencoder,roc,0.7282793867120954,0.0044815329933549685
E9/B/Autoencoder,roc,0.7282793867120954,0.004507288930098388
E9/B/Autoencoder,roc,0.7453151618398637,0.004507288930098388
E9/B/Autoencoder,roc,0.7453151618398637,0.004533044866841807
E9/B/Autoencoder,roc,0.75809199318569,0.004533044866841807
E9/B/Autoencoder,roc,0.75809199318569,0.004558800803585226
E9/B/Autoencoder,roc,0.7742759795570698,0.004558800803585226
E9/B/Autoencoder,roc,0.7742759795570698,0.004584556740328646
E9/B/Autoencoder,roc,0.7836456558773425,0.004584556740328646
E9/B/Autoencoder,roc,0.7836456558773425,0.004610312677072065
E9/B/Autoencoder,roc,0.7913117546848382,0.004610312677072065
E9/B/Autoencoder,roc,0.7913117546848382,0.004636068613815485
E9/B/Autoencoder,roc,0.7947189097103918,0.004636068613815485
E9/B/Autoencoder,roc,0.7947189097103918,0.004661824550558904
E9/B/Autoencoder,roc,0.7955706984667802,0.004661824550558904
E9/B/Autoencoder,roc,0.7955706984667802,0.004687580487302323
E9/B/Autoencoder,roc,0.803236797274276,0.004687580487302323
E9/B/Autoencoder,roc,0.803236797274276,0.004713336424045742
E9/B/Autoencoder,roc,0.8057921635434412,0.004713336424045742
E9/B/Autoencoder,roc,0.8057921635434412,0.004739092360789162
E9/B/Autoencoder,roc,0.8083475298126065,0.004739092360789162
E9/B/Autoencoder,roc,0.8083475298126065,0.004764848297532581
E9/B/Autoencoder,roc,0.8219761499148212,0.004764848297532581
E9/B/Autoencoder,roc,0.8219761499148212,0.0048163601710194195
E9/B/Autoencoder,roc,0.8228279386712095,0.0048163601710194195
E9/B/Autoencoder,roc,0.8228279386712095,0.004842116107762839
E9/B/Autoencoder,roc,0.8245315161839863,0.004842116107762839
E9/B/Autoencoder,roc,0.8245315161839863,0.004867872044506259
E9/B/Autoencoder,roc,0.82793867120954,0.004867872044506259
E9/B/Autoencoder,roc,0.82793867120954,0.004893627981249678
E9/B/Autoencoder,roc,0.8287904599659285,0.004893627981249678
E9/B/Autoencoder,roc,0.8287904599659285,0.004919383917993098
E9/B/Autoencoder,roc,0.8296422487223168,0.004919383917993098
E9/B/Autoencoder,roc,0.8296422487223168,0.004945139854736517
E9/B/Autoencoder,roc,0.8304940374787053,0.004945139854736517
E9/B/Autoencoder,roc,0.8304940374787053,0.004970895791479936
E9/B/Autoencoder,roc,0.8321976149914821,0.004970895791479936
E9/B/Autoencoder,roc,0.8321976149914821,0.004996651728223355
E9/B/Autoencoder,roc,0.838160136286201,0.004996651728223355
E9/B/Autoencoder,roc,0.838160136286201,0.005022407664966775
E9/B/Autoencoder,roc,0.8398637137989778,0.005022407664966775
E9/B/Autoencoder,roc,0.8398637137989778,0.005048163601710194
E9/B/Autoencoder,roc,0.8407155025553663,0.005048163601710194
E9/B/Autoencoder,roc,0.8407155025553663,0.005073919538453614
E9/B/Autoencoder,roc,0.8500851788756388,0.005073919538453614
E9/B/Autoencoder,roc,0.8500851788756388,0.005099675475197033
E9/B/Autoencoder,roc,0.8509369676320273,0.005099675475197033
E9/B/Autoencoder,roc,0.8509369676320273,0.0051511873486838715
E9/B/Autoencoder,roc,0.858603066439523,0.0051511873486838715
E9/B/Autoencoder,roc,0.858603066439523,0.005176943285427291
E9/B/Autoencoder,roc,0.862862010221465,0.005176943285427291
E9/B/Autoencoder,roc,0.862862010221465,0.0052026992221707105
E9/B/Autoencoder,roc,0.8637137989778535,0.0052026992221707105
E9/B/Autoencoder,roc,0.8637137989778535,0.00522845515891413
E9/B/Autoencoder,roc,0.8875638841567292,0.00522845515891413
E9/B/Autoencoder,roc,0.8875638841567292,0.005254211095657549
E9/B/Autoencoder,roc,0.9011925042589438,0.005254211095657549
E9/B/Autoencoder,roc,0.9011925042589438,0.005279967032400968
E9/B/Autoencoder,roc,0.9182282793867121,0.005279967032400968
E9/B/Autoencoder,roc,0.9182282793867121,0.005305722969144388
E9/B/Autoencoder,roc,0.9190800681431005,0.005305722969144388
E9/B/Autoencoder,roc,0.9190800681431005,0.005331478905887807
E9/B/Autoencoder,roc,0.924190800681431,0.005331478905887807
E9/B/Autoencoder,roc,0.924190800681431,0.005357234842631227
E9/B/Autoencoder,roc,0.9250425894378195,0.005357234842631227
E9/B/Autoencoder,roc,0.9250425894378195,0.005382990779374646
E9/B/Autoencoder,roc,0.9258943781942078,0.005382990779374646
E9/B/Autoencoder,roc,0.9258943781942078,0.005408746716118065
E9/B/Autoencoder,roc,0.9293015332197615,0.005408746716118065
E9/B/Autoencoder,roc,0.9293015332197615,0.005434502652861484
E9/B/Autoencoder,roc,0.9318568994889267,0.005434502652861484
E9/B/Autoencoder,roc,0.9318568994889267,0.005460258589604904
E9/B/Autoencoder,roc,0.9327086882453152,0.005460258589604904
E9/B/Autoencoder,roc,0.9327086882453152,0.005486014526348323
E9/B/Autoencoder,roc,0.9463373083475298,0.005486014526348323
E9/B/Autoencoder,roc,0.9463373083475298,0.005511770463091743
E9/B/Autoencoder,roc,0.9471890971039182,0.005511770463091743
E9/B/Autoencoder,roc,0.9471890971039182,0.005537526399835162
E9/B/Autoencoder,roc,0.9625212947189097,0.005537526399835162
E9/B/Autoencoder,roc,0.9625212947189097,0.005563282336578581
E9/B/Autoencoder,roc,0.965076660988075,0.005563282336578581
E9/B/Autoencoder,roc,0.965076660988075,0.005589038273322001
E9/B/Autoencoder,roc,0.9667802385008518,0.005589038273322001
E9/B/Autoencoder,roc,0.9667802385008518,0.00564055014680884
E9/B/Autoencoder,roc,0.9676320272572402,0.00564055014680884
E9/B/Autoencoder,roc,0.9676320272572402,0.005666306083552259
E9/B/Autoencoder,roc,0.9744463373083475,0.005666306083552259
E9/B/Autoencoder,roc,0.9744463373083475,0.005692062020295678
E9/B/Autoencoder,roc,0.975298126064736,0.005692062020295678
E9/B/Autoencoder,roc,0.975298126064736,0.005717817957039097
E9/B/Autoencoder,roc,0.9770017035775128,0.005717817957039097
E9/B/Autoencoder,roc,0.9770017035775128,0.005769329830525936
E9/B/Autoencoder,roc,0.9778534923339012,0.005769329830525936
E9/B/Autoencoder,roc,0.9778534923339012,0.005820841704012775
E9/B/Autoencoder,roc,0.9821124361158433,0.005820841704012775
E9/B/Autoencoder,roc,0.9821124361158433,0.005846597640756194
E9/B/Autoencoder,roc,0.9829642248722317,0.005846597640756194
E9/B/Autoencoder,roc,0.9829642248722317,0.0058723535774996135
E9/B/Autoencoder,roc,0.9838160136286201,0.0058723535774996135
E9/B/Autoencoder,roc,0.9838160136286201,0.0059238654509864526
E9/B/Autoencoder,roc,0.9846678023850085,0.0059238654509864526
E9/B/Autoencoder,roc,0.9846678023850085,0.005975377324473291
E9/B/Autoencoder,roc,0.9872231686541738,0.005975377324473291
E9/B/Autoencoder,roc,0.9872231686541738,0.00602688919796013
E9/B/Autoencoder,roc,0.989778534923339,0.00602688919796013
E9/B/Autoencoder,roc,0.989778534923339,0.006104157008190388
E9/B/Autoencoder,roc,0.9914821124361158,0.006104157008190388
E9/B/Autoencoder,roc,0.9914821124361158,0.006181424818420646
E9/B/Autoencoder,roc,1.0,1.0
E9/B/Autoencoder,pr,0.0,1.0
E9/B/Autoencoder,pr,0.00010302374697367743,0.6666666666666666
E9/B/Autoencoder,pr,0.00012877968371709678,0.5
E9/B/Autoencoder,pr,0.00015453562046051616,0.46153846153846156
E9/B/Autoencoder,pr,0.00015453562046051616,0.35294117647058826
E9/B/Autoencoder,pr,0.00015453562046051616,0.3
E9/B/Autoencoder,pr,0.00015453562046051616,0.25
E9/B/Autoencoder,pr,0.00015453562046051616,0.2222222222222222
E9/B/Autoencoder,pr,0.00015453562046051616,0.1935483870967742
E9/B/Autoencoder,pr,0.0001802915572039355,0.20588235294117646
E9/B/Autoencoder,pr,0.0001802915572039355,0.18421052631578946
E9/B/Autoencoder,pr,0.0001802915572039355,0.17073170731707318
E9/B/Autoencoder,pr,0.0001802915572039355,0.15555555555555556
E9/B/Autoencoder,pr,0.0001802915572039355,0.14583333333333334
E9/B/Autoencoder,pr,0.0001802915572039355,0.1346153846153846
E9/B/Autoencoder,pr,0.0001802915572039355,0.12727272727272726
E9/B/Autoencoder,pr,0.0001802915572039355,0.11864406779661017
E9/B/Autoencoder,pr,0.0001802915572039355,0.11290322580645161
E9/B/Autoencoder,pr,0.0001802915572039355,0.10606060606060606
E9/B/Autoencoder,pr,0.0001802915572039355,0.10144927536231885
E9/B/Autoencoder,pr,0.0001802915572039355,0.0958904109589041
E9/B/Autoencoder,pr,0.0001802915572039355,0.09210526315789473
E9/B/Autoencoder,pr,0.0001802915572039355,0.0875
E9/B/Autoencoder,pr,0.0001802915572039355,0.08433734939759036
E9/B/Autoencoder,pr,0.0001802915572039355,0.08045977011494253
E9/B/Autoencoder,pr,0.0001802915572039355,0.07777777777777778
E9/B/Autoencoder,pr,0.0001802915572039355,0.07446808510638298
E9/B/Autoencoder,pr,0.0001802915572039355,0.07216494845360824
E9/B/Autoencoder,pr,0.0001802915572039355,0.06930693069306931
E9/B/Autoencoder,pr,0.0001802915572039355,0.0673076923076923
E9/B/Autoencoder,pr,0.0001802915572039355,0.06481481481481481
E9/B/Autoencoder,pr,0.00020604749394735486,0.07207207207207207
E9/B/Autoencoder,pr,0.00020604749394735486,0.06956521739130435
E9/B/Autoencoder,pr,0.00020604749394735486,0.06779661016949153
E9/B/Autoencoder,pr,0.00020604749394735486,0.06557377049180328
E9/B/Autoencoder,pr,0.00020604749394735486,0.064
E9/B/Autoencoder,pr,0.00020604749394735486,0.06201550387596899
E9/B/Autoencoder,pr,0.00020604749394735486,0.06015037593984962
E9/B/Autoencoder,pr,0.00020604749394735486,0.058823529411764705
E9/B/Autoencoder,pr,0.00020604749394735486,0.05714285714285714
E9/B/Autoencoder,pr,0.00020604749394735486,0.055944055944055944
E9/B/Autoencoder,pr,0.00020604749394735486,0.05442176870748299
E9/B/Autoencoder,pr,0.00020604749394735486,0.05333333333333334
E9/B/Autoencoder,pr,0.00020604749394735486,0.05194805194805195
E9/B/Autoencoder,pr,0.00020604749394735486,0.050955414012738856
E9/B/Autoencoder,pr,0.00020604749394735486,0.049689440993788817
E9/B/Autoencoder,pr,0.00020604749394735486,0.04878048780487805
E9/B/Autoencoder,pr,0.00020604749394735486,0.047619047619047616
E9/B/Autoencoder,pr,0.00020604749394735486,0.04678362573099415
E9/B/Autoencoder,pr,0.0002318034306907742,0.05142857142857143
E9/B/Autoencoder,pr,0.00025755936743419356,0.056179775280898875
E9/B/Autoencoder,pr,0.00025755936743419356,0.054945054945054944
E9/B/Autoencoder,pr,0.00025755936743419356,0.05405405405405406
E9/B/Autoencoder,pr,0.00025755936743419356,0.05291005291005291
E9/B/Autoencoder,pr,0.00025755936743419356,0.052083333333333336
E9/B/Autoencoder,pr,0.0002833153041776129,0.05612244897959184
E9/B/Autoencoder,pr,0.0003090712409210323,0.06030150753768844
E9/B/Autoencoder,pr,0.000360583114407871,0.06896551724137931
E9/B/Autoencoder,pr,0.00038633905115129037,0.07281553398058252
E9/B/Autoencoder,pr,0.0004120949878947097,0.0761904761904762
E9/B/Autoencoder,pr,0.0004378509246381291,0.07981220657276995
E9/B/Autoencoder,pr,0.0004378509246381291,0.07834101382488479
E9/B/Autoencoder,pr,0.0004636068613815484,0.08181818181818182
E9/B/Autoencoder,pr,0.0004636068613815484,0.08035714285714286
E9/B/Autoencoder,pr,0.0004893627981249678,0.08370044052863436
E9/B/Autoencoder,pr,0.0005151187348683871,0.08658008658008658
E9/B/Autoencoder,pr,0.0005923865450986452,0.09829059829059829
E9/B/Autoencoder,pr,0.0006181424818420646,0.10084033613445378
E9/B/Autoencoder,pr,0.0006696543553289033,0.1078838174273859
E9/B/Autoencoder,pr,0.0006696543553289033,0.10612244897959183
E9/B/Autoencoder,pr,0.0006696543553289033,0.10483870967741936
E9/B/Autoencoder,pr,0.000721166228815742,0.1111111111111111
E9/B/Autoencoder,pr,0.0007469221655591613,0.11372549019607843
E9/B/Autoencoder,pr,0.0007469221655591613,0.11196911196911197
E9/B/Autoencoder,pr,0.0007726781023025807,0.11406844106463879
E9/B/Autoencoder,pr,0.0007984340390460001,0.11654135338345864
E9/B/Autoencoder,pr,0.0008241899757894194,0.11851851851851852
E9/B/Autoencoder,pr,0.0008757018492762581,0.12454212454212454
E9/B/Autoencoder,pr,0.0009014577860196776,0.1263537906137184
E9/B/Autoencoder,pr,0.0009529696595065163,0.13214285714285715
E9/B/Autoencoder,pr,0.0009787255962499357,0.13380281690140844
E9/B/Autoencoder,pr,0.001004481532993355,0.13588850174216027
E9/B/Autoencoder,pr,0.0010559934064801938,0.140893470790378
E9/B/Autoencoder,pr,0.0010559934064801938,0.13945578231292516
E9/B/Autoencoder,pr,0.001081749343223613,0.14093959731543623
E9/B/Autoencoder,pr,0.0011075052799670324,0.14285714285714285
E9/B/Autoencoder,pr,0.0011332612167104517,0.14426229508196722
E9/B/Autoencoder,pr,0.0011590171534538712,0.1461038961038961
E9/B/Autoencoder,pr,0.0011590171534538712,0.14423076923076922
E9/B/Autoencoder,pr,0.0011847730901972905,0.14603174603174604
E9/B/Autoencoder,pr,0.0012105290269407098,0.14733542319749215
E9/B/Autoencoder,pr,0.0012105290269407098,0.14596273291925466
E9/B/Autoencoder,pr,0.0012362849636841293,0.147239263803681
E9/B/Autoencoder,pr,0.0012620409004275486,0.14893617021276595
E9/B/Autoencoder,pr,0.0012620409004275486,0.14714714714714713
E9/B/Autoencoder,pr,0.0012620409004275486,0.14583333333333334
E9/B/Autoencoder,pr,0.0013135527739143872,0.15
E9/B/Autoencoder,pr,0.0013908205841446453,0.15743440233236153
E9/B/Autoencoder,pr,0.0013908205841446453,0.15561959654178675
E9/B/Autoencoder,pr,0.001442332457631484,0.16
E9/B/Autoencoder,pr,0.0014680883943749034,0.16101694915254236
E9/B/Autoencoder,pr,0.0014938443311183227,0.16246498599439776
E9/B/Autoencoder,pr,0.0015196002678617422,0.1634349030470914
E9/B/Autoencoder,pr,0.0015711121413485808,0.16758241758241757
E9/B/Autoencoder,pr,0.0015711121413485808,0.16576086956521738
E9/B/Autoencoder,pr,0.0015711121413485808,0.16442048517520216
E9/B/Autoencoder,pr,0.0016226240148354196,0.168
E9/B/Autoencoder,pr,0.0016226240148354196,0.16666666666666666
E9/B/Autoencoder,pr,0.0016226240148354196,0.1649214659685864
E9/B/Autoencoder,pr,0.001648379951578839,0.16580310880829016
E9/B/Autoencoder,pr,0.001648379951578839,0.16452442159383032
E9/B/Autoencoder,pr,0.0016998918250656777,0.16793893129770993
E9/B/Autoencoder,pr,0.0017514036985525163,0.1717171717171717
E9/B/Autoencoder,pr,0.0017514036985525163,0.17
E9/B/Autoencoder,pr,0.0017771596352959358,0.17121588089330025
E9/B/Autoencoder,pr,0.0017771596352959358,0.16953316953316952
E9/B/Autoencoder,pr,0.0017771596352959358,0.16829268292682928
E9/B/Autoencoder,pr,0.0017771596352959358,0.16666666666666666
E9/B/Autoencoder,pr,0.001802915572039355,0.16786570743405277
E9/B/Autoencoder,pr,0.001802915572039355,0.166270783847981
E9/B/Autoencoder,pr,0.0018544274455261937,0.16981132075471697
E9/B/Autoencoder,pr,0.0019316952557564518,0.17523364485981308
E9/B/Autoencoder,pr,0.0019574511924998713,0.17633410672853828
E9/B/Autoencoder,pr,0.0019574511924998713,0.17471264367816092
E9/B/Autoencoder,pr,0.0019832071292432904,0.17579908675799086
E9/B/Autoencoder,pr,0.00200896306598671,0.17647058823529413
E9/B/Autoencoder,pr,0.0020604749394735485,0.1797752808988764
E9/B/Autoencoder,pr,0.0021377427497038066,0.18485523385300667
E9/B/Autoencoder,pr,0.002163498686447226,0.18584070796460178
E9/B/Autoencoder,pr,0.0021892546231906456,0.18640350877192982
E9/B/Autoencoder,pr,0.0021892546231906456,0.18518518518518517
E9/B/Autoencoder,pr,0.0022150105599340647,0.1857451403887689
E9/B/Autoencoder,pr,0.0022665224334209033,0.1888412017167382
E9/B/Autoencoder,pr,0.0023180343069077423,0.19148936170212766
E9/B/Autoencoder,pr,0.0023437902436511614,0.19238900634249473
E9/B/Autoencoder,pr,0.002369546180394581,0.1928721174004193
E9/B/Autoencoder,pr,0.0023953021171380004,0.19375
E9/B/Autoencoder,pr,0.0023953021171380004,0.1921487603305785
E9/B/Autoencoder,pr,0.0024210580538814195,0.19301848049281314
E9/B/Autoencoder,pr,0.0024983258641116776,0.1975560081466395
E9/B/Autoencoder,pr,0.002524081800855097,0.19838056680161945
E9/B/Autoencoder,pr,0.0025498377375985167,0.19879518072289157
E9/B/Autoencoder,pr,0.0025498377375985167,0.19760479041916168
E9/B/Autoencoder,pr,0.0026013496110853553,0.2
E9/B/Autoencoder,pr,0.0026271055478287743,0.20078740157480315
E9/B/Autoencoder,pr,0.0027043733580590324,0.205078125
E9/B/Autoencoder,pr,0.0027043733580590324,0.20348837209302326
E9/B/Autoencoder,pr,0.002730129294802452,0.20423892100192678
E9/B/Autoencoder,pr,0.0027558852315458715,0.2045889101338432
E9/B/Autoencoder,pr,0.0027816411682892906,0.20532319391634982
E9/B/Autoencoder,pr,0.0027816411682892906,0.2037735849056604
E9/B/Autoencoder,pr,0.00280739710503271,0.2045028142589118
E9/B/Autoencoder,pr,0.00280739710503271,0.20297951582867785
E9/B/Autoencoder,pr,0.00280739710503271,0.20185185185185187
E9/B/Autoencoder,pr,0.00280739710503271,0.20036764705882354
E9/B/Autoencoder,pr,0.00280739710503271,0.19926873857404023
E9/B/Autoencoder,pr,0.00280739710503271,0.19782214156079855
E9/B/Autoencoder,pr,0.00280739710503271,0.1967509025270758
E9/B/Autoencoder,pr,0.00280739710503271,0.1953405017921147
E9/B/Autoencoder,pr,0.00280739710503271,0.19429590017825313
E9/B/Autoencoder,pr,0.0028331530417761296,0.19469026548672566
E9/B/Autoencoder,pr,0.0028331530417761296,0.1936619718309859
E9/B/Autoencoder,pr,0.0028331530417761296,0.19230769230769232
E9/B/Autoencoder,pr,0.0028589089785195487,0.19304347826086957
E9/B/Autoencoder,pr,0.002884664915262968,0.19343696027633853
E9/B/Autoencoder,pr,0.0029104208520063877,0.19415807560137457
E9/B/Autoencoder,pr,0.0029361767887498068,0.1945392491467577
E9/B/Autoencoder,pr,0.0029619327254932263,0.19524617996604415
E9/B/Autoencoder,pr,0.0029619327254932263,0.19392917369308602
E9/B/Autoencoder,pr,0.0029876886622366454,0.19463087248322147
E9/B/Autoencoder,pr,0.0029876886622366454,0.19333333333333333
E9/B/Autoencoder,pr,0.0029876886622366454,0.19237147595356552
E9/B/Autoencoder,pr,0.0029876886622366454,0.19110378912685339
E9/B/Autoencoder,pr,0.0030392005357234844,0.19344262295081968
E9/B/Autoencoder,pr,0.0030392005357234844,0.19218241042345277
E9/B/Autoencoder,pr,0.0030392005357234844,0.1912479740680713
E9/B/Autoencoder,pr,0.0030392005357234844,0.19001610305958133
E9/B/Autoencoder,pr,0.0030649564724669035,0.1907051282051282
E9/B/Autoencoder,pr,0.0030649564724669035,0.18949044585987262
E9/B/Autoencoder,pr,0.0030649564724669035,0.18858954041204437
E9/B/Autoencoder,pr,0.0031422242826971616,0.1921259842519685
E9/B/Autoencoder,pr,0.003167980219440581,0.19278996865203762
E9/B/Autoencoder,pr,0.003167980219440581,0.19158878504672897
E9/B/Autoencoder,pr,0.0031937361561840006,0.19195046439628483
E9/B/Autoencoder,pr,0.003245248029670839,0.1941448382126348
E9/B/Autoencoder,pr,0.0032710039664142583,0.19448698315467075
E9/B/Autoencoder,pr,0.0032710039664142583,0.19359756097560976
E9/B/Autoencoder,pr,0.003296759903157678,0.19393939393939394
E9/B/Autoencoder,pr,0.0033225158399010973,0.19457013574660634
E9/B/Autoencoder,pr,0.0033482717766445164,0.19490254872563717
E9/B/Autoencoder,pr,0.0033482717766445164,0.19402985074626866
E9/B/Autoencoder,pr,0.0033482717766445164,0.19287833827893175
E9/B/Autoencoder,pr,0.0033482717766445164,0.19202363367799113
E9/B/Autoencoder,pr,0.003374027713387936,0.19236417033773862
E9/B/Autoencoder,pr,0.003374027713387936,0.1915204678362573
E9/B/Autoencoder,pr,0.0033997836501313554,0.19186046511627908
E9/B/Autoencoder,pr,0.0033997836501313554,0.191027496382055
E9/B/Autoencoder,pr,0.0034255395868747745,0.19136690647482013
E9/B/Autoencoder,pr,0.0034255395868747745,0.19054441260744986
E9/B/Autoencoder,pr,0.0034255395868747745,0.18945868945868946
E9/B/Autoencoder,pr,0.0034255395868747745,0.18865248226950354
E9/B/Autoencoder,pr,0.0034255395868747745,0.18758815232722145
E9/B/Autoencoder,pr,0.003451295523618194,0.18820224719101122
E9/B/Autoencoder,pr,0.0034770514603616135,0.18854748603351956
E9/B/Autoencoder,pr,0.003528563333848452,0.1905424200278164
E9/B/Autoencoder,pr,0.003528563333848452,0.18948824343015214
E9/B/Autoencoder,pr,0.003528563333848452,0.1887052341597796
E9/B/Autoencoder,pr,0.003528563333848452,0.18767123287671234
E9/B/Autoencoder,pr,0.003528563333848452,0.1869031377899045
E9/B/Autoencoder,pr,0.003528563333848452,0.18588873812754408
E9/B/Autoencoder,pr,0.003528563333848452,0.18513513513513513
E9/B/Autoencoder,pr,0.00360583114407871,0.1881720430107527
E9/B/Autoencoder,pr,0.0036315870808221293,0.18875502008032127
E9/B/Autoencoder,pr,0.0036315870808221293,0.1877496671105193
E9/B/Autoencoder,pr,0.003657343017565549,0.1883289124668435
E9/B/Autoencoder,pr,0.003657343017565549,0.18733509234828497
E9/B/Autoencoder,pr,0.0036830989543089683,0.18791064388961892
E9/B/Autoencoder,pr,0.0036830989543089683,0.1869281045751634
E9/B/Autoencoder,pr,0.0037088548910523874,0.18725617685305593
E9/B/Autoencoder,pr,0.0037088548910523874,0.18652849740932642
E9/B/Autoencoder,pr,0.0037088548910523874,0.18556701030927836
E9/B/Autoencoder,pr,0.0037088548910523874,0.18485237483953787
E9/B/Autoencoder,pr,0.003734610827795807,0.18518518518518517
E9/B/Autoencoder,pr,0.003734610827795807,0.18447837150127228
E9/B/Autoencoder,pr,0.0037603667645392264,0.1848101265822785
E9/B/Autoencoder,pr,0.0037603667645392264,0.1841109709962169
E9/B/Autoencoder,pr,0.0037861227012826455,0.18444165621079048
E9/B/Autoencoder,pr,0.0037861227012826455,0.18375
E9/B/Autoencoder,pr,0.0037861227012826455,0.1828358208955224
E9/B/Autoencoder,pr,0.0037861227012826455,0.1821561338289963
E9/B/Autoencoder,pr,0.003811878638026065,0.18249075215782984
E9/B/Autoencoder,pr,0.0038376345747694845,0.18304668304668303
E9/B/Autoencoder,pr,0.0038376345747694845,0.1821515892420538
E9/B/Autoencoder,pr,0.0038376345747694845,0.1814859926918392
E9/B/Autoencoder,pr,0.003914902384999743,0.18424242424242424
E9/B/Autoencoder,pr,0.003914902384999743,0.18357487922705315
E9/B/Autoencoder,pr,0.003914902384999743,0.18269230769230768
E9/B/Autoencoder,pr,0.003914902384999743,0.18203592814371258
E9/B/Autoencoder,pr,0.003914902384999743,0.18116805721096543
E9/B/Autoencoder,pr,0.003914902384999743,0.18052256532066507
E9/B/Autoencoder,pr,0.003940658321743162,0.18085106382978725
E9/B/Autoencoder,pr,0.003940658321743162,0.18021201413427562
E9/B/Autoencoder,pr,0.003966414258486581,0.18053927315357562
E9/B/Autoencoder,pr,0.003966414258486581,0.17990654205607476
E9/B/Autoencoder,pr,0.003966414258486581,0.17906976744186046
E9/B/Autoencoder,pr,0.003966414258486581,0.17844727694090382
E9/B/Autoencoder,pr,0.00401792613197342,0.17993079584775087
E9/B/Autoencoder,pr,0.00401792613197342,0.1793103448275862
E9/B/Autoencoder,pr,0.00401792613197342,0.17848970251716248
E9/B/Autoencoder,pr,0.004095193942203678,0.18129988597491448
E9/B/Autoencoder,pr,0.004095193942203678,0.18047673098751418
E9/B/Autoencoder,pr,0.004095193942203678,0.17986425339366516
E9/B/Autoencoder,pr,0.004095193942203678,0.17905405405405406
E9/B/Autoencoder,pr,0.004120949878947097,0.17957351290684623
E9/B/Autoencoder,pr,0.004120949878947097,0.1787709497206704
E9/B/Autoencoder,pr,0.004120949878947097,0.17797552836484984
E9/B/Autoencoder,pr,0.004120949878947097,0.17738359201773837
E9/B/Autoencoder,pr,0.004120949878947097,0.17660044150110377
E9/B/Autoencoder,pr,0.004120949878947097,0.17601760176017603
E9/B/Autoencoder,pr,0.004120949878947097,0.17524644030668127
E9/B/Autoencoder,pr,0.004120949878947097,0.17467248908296942
E9/B/Autoencoder,pr,0.004120949878947097,0.17391304347826086
E9/B/Autoencoder,pr,0.0041467058156905165,0.1744312026002167
E9/B/Autoencoder,pr,0.0041467058156905165,0.17367853290183388
E9/B/Autoencoder,pr,0.0041467058156905165,0.17311827956989248
E9/B/Autoencoder,pr,0.004172461752433936,0.1734475374732334
E9/B/Autoencoder,pr,0.0041982176891773556,0.17395944503735325
E9/B/Autoencoder,pr,0.004249729562664194,0.17534537725823593
E9/B/Autoencoder,pr,0.004249729562664194,0.17478813559322035
E9/B/Autoencoder,pr,0.004249729562664194,0.17405063291139242
E9/B/Autoencoder,pr,0.004249729562664194,0.17350157728706625
E9/B/Autoencoder,pr,0.004275485499407613,0.17382198952879582
E9/B/Autoencoder,pr,0.004275485499407613,0.1732776617954071
E9/B/Autoencoder,pr,0.004275485499407613,0.17255717255717257
E9/B/Autoencoder,pr,0.004275485499407613,0.17202072538860103
E9/B/Autoencoder,pr,0.004275485499407613,0.17131062951496387
E9/B/Autoencoder,pr,0.004326997372894452,0.1728395061728395
E9/B/Autoencoder,pr,0.004352753309637872,0.17315573770491804
E9/B/Autoencoder,pr,0.004378509246381291,0.17364657814096016
E9/B/Autoencoder,pr,0.00440426518312471,0.17395727365208546
E9/B/Autoencoder,pr,0.00440426518312471,0.17342799188640973
E9/B/Autoencoder,pr,0.00440426518312471,0.17272727272727273
E9/B/Autoencoder,pr,0.00440426518312471,0.17220543806646527
E9/B/Autoencoder,pr,0.00440426518312471,0.1715145436308927
E9/B/Autoencoder,pr,0.00440426518312471,0.171
E9/B/Autoencoder,pr,0.00440426518312471,0.17031872509960158
E9/B/Autoencoder,pr,0.00440426518312471,0.16981132075471697
E9/B/Autoencoder,pr,0.00440426518312471,0.16913946587537093
E9/B/Autoencoder,pr,0.00440426518312471,0.16863905325443787
E9/B/Autoencoder,pr,0.004455777056611549,0.16994106090373282
E9/B/Autoencoder,pr,0.0044815329933549685,0.17042115572967678
E9/B/Autoencoder,pr,0.0044815329933549685,0.16975609756097562
E9/B/Autoencoder,pr,0.0044815329933549685,0.16909620991253643
E9/B/Autoencoder,pr,0.004507288930098388,0.1695736434108527
E9/B/Autoencoder,pr,0.004507288930098388,0.16891891891891891
E9/B/Autoencoder,pr,0.004507288930098388,0.16843118383060635
E9/B/Autoencoder,pr,0.004507288930098388,0.16778523489932887
E9/B/Autoencoder,pr,0.004507288930098388,0.16730401529636713
E9/B/Autoencoder,pr,0.004507288930098388,0.16666666666666666
E9/B/Autoencoder,pr,0.004533044866841807,0.1671415004748338
E9/B/Autoencoder,pr,0.004533044866841807,0.1665089877010407
E9/B/Autoencoder,pr,0.004533044866841807,0.1660377358490566
E9/B/Autoencoder,pr,0.004533044866841807,0.16541353383458646
E9/B/Autoencoder,pr,0.004558800803585226,0.16588566073102157
E9/B/Autoencoder,pr,0.004558800803585226,0.16526610644257703
E9/B/Autoencoder,pr,0.004558800803585226,0.164804469273743
E9/B/Autoencoder,pr,0.004558800803585226,0.16419294990723562
E9/B/Autoencoder,pr,0.004558800803585226,0.1637372802960222
E9/B/Autoencoder,pr,0.004558800803585226,0.1631336405529954
E9/B/Autoencoder,pr,0.004584556740328646,0.1636029411764706
E9/B/Autoencoder,pr,0.004584556740328646,0.163003663003663
E9/B/Autoencoder,pr,0.004584556740328646,0.16255707762557078
E9/B/Autoencoder,pr,0.004610312677072065,0.16287534121929026
E9/B/Autoencoder,pr,0.004610312677072065,0.16243194192377494
E9/B/Autoencoder,pr,0.004610312677072065,0.16184448462929477
E9/B/Autoencoder,pr,0.004636068613815485,0.1623083859332732
E9/B/Autoencoder,pr,0.004636068613815485,0.16172506738544473
E9/B/Autoencoder,pr,0.004687580487302323,0.16308243727598568
E9/B/Autoencoder,pr,0.004687580487302323,0.1625
E9/B/Autoencoder,pr,0.004687580487302323,0.1620658949243099
E9/B/Autoencoder,pr,0.004713336424045742,0.16237799467613132
E9/B/Autoencoder,pr,0.004739092360789162,0.16283185840707964
E9/B/Autoencoder,pr,0.004764848297532581,0.16313932980599646
E9/B/Autoencoder,pr,0.004764848297532581,0.1627088830255057
E9/B/Autoencoder,pr,0.004764848297532581,0.16213847502191062
E9/B/Autoencoder,pr,0.004764848297532581,0.16171328671328672
E9/B/Autoencoder,pr,0.004764848297532581,0.16114982578397213
E9/B/Autoencoder,pr,0.0048163601710194195,0.1623263888888889
E9/B/Autoencoder,pr,0.004842116107762839,0.16277056277056276
E9/B/Autoencoder,pr,0.004867872044506259,0.1630716134598792
E9/B/Autoencoder,pr,0.004893627981249678,0.16351118760757316
E9/B/Autoencoder,pr,0.004945139854736517,0.1646655231560892
E9/B/Autoencoder,pr,0.004970895791479936,0.165098374679213
E9/B/Autoencoder,pr,0.004996651728223355,0.16538789428815004
E9/B/Autoencoder,pr,0.004996651728223355,0.1649659863945578
E9/B/Autoencoder,pr,0.005022407664966775,0.1652542372881356
E9/B/Autoencoder,pr,0.005048163601710194,0.16568047337278108
E9/B/Autoencoder,pr,0.005073919538453614,0.16596461668070767
E9/B/Autoencoder,pr,0.005073919538453614,0.16554621848739495
E9/B/Autoencoder,pr,0.005073919538453614,0.16499162479061977
E9/B/Autoencoder,pr,0.005099675475197033,0.16541353383458646
E9/B/Autoencoder,pr,0.0051511873486838715,0.16652789342214822
E9/B/Autoencoder,pr,0.0051511873486838715,0.16611295681063123
E9/B/Autoencoder,pr,0.0051511873486838715,0.16556291390728478
E9/B/Autoencoder,pr,0.005176943285427291,0.16597853014037986
E9/B/Autoencoder,pr,0.0052026992221707105,0.1662551440329218
E9/B/Autoencoder,pr,0.00522845515891413,0.16666666666666666
E9/B/Autoencoder,pr,0.00522845515891413,0.16612111292962356
E9/B/Autoencoder,pr,0.00522845515891413,0.1657142857142857
E9/B/Autoencoder,pr,0.00522845515891413,0.16517493897477625
E9/B/Autoencoder,pr,0.00522845515891413,0.16477272727272727
E9/B/Autoencoder,pr,0.00522845515891413,0.16423948220064724
E9/B/Autoencoder,pr,0.00522845515891413,0.1638418079096045
E9/B/Autoencoder,pr,0.00522845515891413,0.16331456154465004
E9/B/Autoencoder,pr,0.005254211095657549,0.1637239165329053
E9/B/Autoencoder,pr,0.005254211095657549,0.1632
E9/B/Autoencoder,pr,0.005254211095657549,0.16280925778132482
E9/B/Autoencoder,pr,0.005254211095657549,0.162291169451074
E9/B/Autoencoder,pr,0.005254211095657549,0.1619047619047619
E9/B/Autoencoder,pr,0.005279967032400968,0.16218354430379747
E9/B/Autoencoder,pr,0.005279967032400968,0.16179952644041043
E9/B/Autoencoder,pr,0.005279967032400968,0.16129032258064516
E9/B/Autoencoder,pr,0.005279967032400968,0.1609105180533752
E9/B/Autoencoder,pr,0.005279967032400968,0.16040688575899845
E9/B/Autoencoder,pr,0.005279967032400968,0.15990639625585024
E9/B/Autoencoder,pr,0.005305722969144388,0.16031128404669262
E9/B/Autoencoder,pr,0.005331478905887807,0.16058960434445307
E9/B/Autoencoder,pr,0.005331478905887807,0.16021671826625386
E9/B/Autoencoder,pr,0.005382990779374646,0.16126543209876543
E9/B/Autoencoder,pr,0.005408746716118065,0.16166281755196305
E9/B/Autoencoder,pr,0.005434502652861484,0.16193399846508058
E9/B/Autoencoder,pr,0.005460258589604904,0.16232771822358347
E9/B/Autoencoder,pr,0.005486014526348323,0.16259541984732825
E9/B/Autoencoder,pr,0.005486014526348323,0.16222391469916222
E9/B/Autoencoder,pr,0.005486014526348323,0.16173120728929385
E9/B/Autoencoder,pr,0.005486014526348323,0.16136363636363638
E9/B/Autoencoder,pr,0.005486014526348323,0.1608761329305136
E9/B/Autoencoder,pr,0.005537526399835162,0.16201959306706856
E9/B/Autoencoder,pr,0.005537526399835162,0.1615326821938392
E9/B/Autoencoder,pr,0.005537526399835162,0.16116941529235382
E9/B/Autoencoder,pr,0.005537526399835162,0.16068759342301944
E9/B/Autoencoder,pr,0.005537526399835162,0.16032811334824756
E9/B/Autoencoder,pr,0.005537526399835162,0.15985130111524162
E9/B/Autoencoder,pr,0.005563282336578581,0.16023738872403562
E9/B/Autoencoder,pr,0.005589038273322001,0.16050295857988164
E9/B/Autoencoder,pr,0.00564055014680884,0.16162361623616237
E9/B/Autoencoder,pr,0.005666306083552259,0.16188373804267844
E9/B/Autoencoder,pr,0.005666306083552259,0.16152716593245228
E9/B/Autoencoder,pr,0.005692062020295678,0.1617862371888726
E9/B/Autoencoder,pr,0.005717817957039097,0.16216216216216217
E9/B/Autoencoder,pr,0.005795085767269356,0.1638747268754552
E9/B/Autoencoder,pr,0.005820841704012775,0.16424418604651161
E9/B/Autoencoder,pr,0.005846597640756194,0.1644927536231884
E9/B/Autoencoder,pr,0.0058723535774996135,0.1648590021691974
E9/B/Autoencoder,pr,0.005949621387729872,0.1665465032444124
E9/B/Autoencoder,pr,0.005975377324473291,0.1669064748201439
E9/B/Autoencoder,pr,0.00602688919796013,0.1678622668579627
E9/B/Autoencoder,pr,0.006052645134703549,0.16821760916249104
E9/B/Autoencoder,pr,0.006104157008190388,0.16916488222698073
E9/B/Autoencoder,pr,1.0,0.97065
E9/B/GNN,roc,0.0,0.0
E9/B/GNN,roc,0.0,0.00010296540362438221
E9/B/GNN,roc,0.0,0.014106260296540362
E9/B/GNN,roc,0.0,0.02656507413509061
E9/B/GNN,roc,0.0,0.026771004942339374
E9/B/GNN,roc,0.0,0.03088962108731466
E9/B/GNN,roc,0.0,0.036140856672158155
E9/B/GNN,roc,0.0,0.03634678747940692
E9/B/GNN,roc,0.0,0.06600082372322899
E9/B/GNN,roc,0.0,0.0700164744645799
E9/B/GNN,roc,0.0,0.07022240527182867
E9/B/GNN,roc,0.0,0.07053130148270181
E9/B/GNN,roc,0.0,0.07794481054365733
E9/B/GNN,roc,0.0,0.07815074135090609
E9/B/GNN,roc,0.0,0.08196046128500824
E9/B/GNN,roc,0.0,0.08515238879736409
E9/B/GNN,roc,0.0,0.08535831960461285
E9/B/GNN,roc,0.0,0.08824135090609556
E9/B/GNN,roc,0.0,0.09205107084019769
E9/B/GNN,roc,0.0,0.09225700164744646
E9/B/GNN,roc,0.0,0.0938014827018122
E9/B/GNN,roc,0.0,0.09678747940691927
E9/B/GNN,roc,0.0,0.09699341021416803
E9/B/GNN,roc,0.0,0.09771416803953871
E9/B/GNN,roc,0.0,0.10265650741350905
E9/B/GNN,roc,0.0,0.10286243822075783
E9/B/GNN,roc,0.0,0.10523064250411862
E9/B/GNN,roc,0.0,0.10852553542009885
E9/B/GNN,roc,0.0,0.10873146622734761
E9/B/GNN,roc,0.0,0.10996705107084019
E9/B/GNN,roc,0.0,0.11068780889621087
E9/B/GNN,roc,0.0,0.11089373970345964
E9/B/GNN,roc,0.0,0.12345551894563427
E9/B/GNN,roc,0.0,0.15516886326194398
E9/B/GNN,roc,0.0,0.15537479406919275
E9/B/GNN,roc,0.0,0.15609555189456342
E9/B/GNN,roc,0.0,0.16299423393739704
E9/B/GNN,roc,0.0,0.1632001647446458
E9/B/GNN,roc,0.0,0.16793657331136738
E9/B/GNN,roc,0.0,0.17411449752883032
E9/B/GNN,roc,0.0,0.17432042833607908
E9/B/GNN,roc,0.0,0.18389621087314661
E9/B/GNN,roc,0.0,0.19357495881383854
E9/B/GNN,roc,0.0,0.1937808896210873
E9/B/GNN,roc,0.0,0.19717874794069193
E9/B/GNN,roc,0.0,0.1991350906095552
E9/B/GNN,roc,0.0,0.19934102141680396
E9/B/GNN,roc,0.0,0.20273887973640856
E9/B/GNN,roc,0.0,0.2066515650741351
E9/B/GNN,roc,0.0,0.20685749588138386
E9/B/GNN,roc,0.0,0.21046128500823724
E9/B/GNN,roc,0.0,0.22353789126853377
E9/B/GNN,roc,0.0,0.22374382207578253
E9/B/GNN,roc,0.0,0.22817133443163098
E9/B/GNN,roc,0.0,0.2321869851729819
E9/B/GNN,roc,0.0,0.23249588138385502
E9/B/GNN,roc,0.0,0.2325988467874794
E9/B/GNN,roc,0.0,0.2332166392092257
E9/B/GNN,roc,0.0,0.23342257001647446
E9/B/GNN,roc,0.0,0.23795304777594728
E9/B/GNN,roc,0.0,0.24217462932454695
E9/B/GNN,roc,0.0,0.2423805601317957
E9/B/GNN,roc,0.0,0.24629324546952225
E9/B/GNN,roc,0.0,0.2477347611202636
E9/B/GNN,roc,0.0,0.24814662273476112
E9/B/GNN,roc,0.0,0.25308896210873144
E9/B/GNN,roc,0.0,0.25504530477759474
E9/B/GNN,roc,0.0,0.25525123558484347
E9/B/GNN,roc,0.0,0.2568986820428336
E9/B/GNN,roc,0.0,0.2585461285008237
E9/B/GNN,roc,0.0,0.2587520593080725
E9/B/GNN,roc,0.0,0.2603995057660626
E9/B/GNN,roc,0.0,0.26081136738056016
E9/B/GNN,roc,0.0,0.26112026359143325
E9/B/GNN,roc,0.0,0.26472405271828664
E9/B/GNN,roc,0.0,0.2674011532125206
E9/B/GNN,roc,0.0,0.26760708401976935
E9/B/GNN,roc,0.0,0.2741968698517298
E9/B/GNN,roc,0.0,0.2783154859967051
E9/B/GNN,roc,0.0,0.27852141680395387
E9/B/GNN,roc,0.0,0.2841845140032949
E9/B/GNN,roc,0.0,0.2853171334431631
E9/B/GNN,roc,0.0,0.28552306425041185
E9/B/GNN,roc,0.0,0.29242174629324547
E9/B/GNN,roc,0.0,0.29581960461285006
E9/B/GNN,roc,0.0,0.29602553542009885
E9/B/GNN,roc,0.0,0.304674629324547
E9/B/GNN,roc,0.0,0.30632207578253706
E9/B/GNN,roc,0.0,0.30652800658978585
E9/B/GNN,roc,0.0,0.3077635914332784
E9/B/GNN,roc,0.0,0.31558896210873144
E9/B/GNN,roc,0.0,0.31579489291598023
E9/B/GNN,roc,0.0,0.31620675453047775
E9/B/GNN,roc,0.0,0.3165156507413509
E9/B/GNN,roc,0.0,0.3167215815485997
E9/B/GNN,roc,0.0,0.3228995057660626
E9/B/GNN,roc,0.0,0.32444398682042835
E9/B/GNN,roc,0.0,0.3246499176276771
E9/B/GNN,roc,0.0,0.32537067545304776
E9/B/GNN,roc,0.0,0.3266062602965404
E9/B/GNN,roc,0.0,0.3268121911037891
E9/B/GNN,roc,0.0,0.328665568369028
E9/B/GNN,roc,0.0,0.33051894563426687
E9/B/GNN,roc,0.0,0.33072487644151566
E9/B/GNN,roc,0.0,0.3319604612850082
E9/B/GNN,roc,0.0,0.33278418451400327
E9/B/GNN,roc,0.0,0.33319604612850084
E9/B/GNN,roc,0.0,0.33607907742998355
E9/B/GNN,roc,0.0,0.33875617792421747
E9/B/GNN,roc,0.0,0.3389621087314662
E9/B/GNN,roc,0.0,0.3408154859967051
E9/B/GNN,roc,0.0,0.348331960461285
E9/B/GNN,roc,0.0,0.3485378912685338
E9/B/GNN,roc,0.0,0.34925864909390447
E9/B/GNN,roc,0.0,0.3524505766062603
E9/B/GNN,roc,0.0,0.35265650741350907
E9/B/GNN,roc,0.0,0.3532742998352554
E9/B/GNN,roc,0.0,0.3565691927512356
E9/B/GNN,roc,0.0,0.35677512355848434
E9/B/GNN,roc,0.0,0.35831960461285006
E9/B/GNN,roc,0.0,0.35914332784184516
E9/B/GNN,roc,0.0,0.3593492586490939
E9/B/GNN,roc,0.0,0.35965815485996705
E9/B/GNN,roc,0.0,0.3599670510708402
E9/B/GNN,roc,0.0,0.36017298187808894
E9/B/GNN,roc,0.0,0.3603789126853377
E9/B/GNN,roc,0.0,0.36367380560131796
E9/B/GNN,roc,0.0,0.36387973640856675
E9/B/GNN,roc,0.0,0.364497528830313
E9/B/GNN,roc,0.0,0.3664538714991763
E9/B/GNN,roc,0.0,0.36665980230642503
E9/B/GNN,roc,0.0,0.3683072487644152
E9/B/GNN,roc,0.0,0.36882207578253706
E9/B/GNN,roc,0.0,0.36902800658978585
E9/B/GNN,roc,0.0,0.3696457990115321
E9/B/GNN,roc,0.0,0.37129324546952225
E9/B/GNN,roc,0.0,0.371499176276771
E9/B/GNN,roc,0.0,0.3776771004942339
E9/B/GNN,roc,0.0,0.38045716639209226
E9/B/GNN,roc,0.0,0.380663097199341
E9/B/GNN,roc,0.0,0.3835461285008237
E9/B/GNN,roc,0.0,0.38519357495881384
E9/B/GNN,roc,0.0,0.3853995057660626
E9/B/GNN,roc,0.0,0.3870469522240527
E9/B/GNN,roc,0.0,0.3886943986820428
E9/B/GNN,roc,0.0,0.38900329489291596
E9/B/GNN,roc,0.0,0.3970345963756178
E9/B/GNN,roc,0.0,0.39888797364085665
E9/B/GNN,roc,0.0,0.39909390444810544
E9/B/GNN,roc,0.0,0.403006589785832
E9/B/GNN,roc,0.0,0.4068163097199341
E9/B/GNN,roc,0.0,0.4070222405271829
E9/B/GNN,roc,0.0,0.40877265238879734
E9/B/GNN,roc,0.0,0.41072899505766064
E9/B/GNN,roc,0.0,0.4109349258649094
E9/B/GNN,roc,0.0,0.4113467874794069
E9/B/GNN,roc,0.0,0.41628912685337727
E9/B/GNN,roc,0.0,0.41649505766062606
E9/B/GNN,roc,0.0,0.4171128500823723
E9/B/GNN,roc,0.0,0.41762767710049425
E9/B/GNN,roc,0.0,0.417833607907743
E9/B/GNN,roc,0.0,0.41793657331136735
E9/B/GNN,roc,0.0,0.42442339373970345
E9/B/GNN,roc,0.0,0.42462932454695224
E9/B/GNN,roc,0.0,0.42637973640856675
E9/B/GNN,roc,0.0,0.43132207578253706
E9/B/GNN,roc,0.0,0.43152800658978585
E9/B/GNN,roc,0.0,0.4332784184514003
E9/B/GNN,roc,0.0,0.43626441515650743
E9/B/GNN,roc,0.0,0.43647034596375617
E9/B/GNN,roc,0.0,0.4367792421746293
E9/B/GNN,roc,0.0,0.4370881383855025
E9/B/GNN,roc,0.0,0.4372940691927512
E9/B/GNN,roc,0.0,0.44141268533772654
E9/B/GNN,roc,0.0,0.44388385502471167
E9/B/GNN,roc,0.0,0.44408978583196046
E9/B/GNN,roc,0.0,0.44429571663920925
E9/B/GNN,roc,0.0,0.44481054365733114
E9/B/GNN,roc,0.0,0.4450164744645799
E9/B/GNN,roc,0.0,0.4467668863261944
E9/B/GNN,roc,0.0,0.4475906095551895
E9/B/GNN,roc,0.0,0.4477965403624382
E9/B/GNN,roc,0.0,0.4478995057660626
E9/B/GNN,roc,0.0,0.4518121911037891
E9/B/GNN,roc,0.0,0.4520181219110379
E9/B/GNN,roc,0.0,0.45222405271828664
E9/B/GNN,roc,0.0,0.4576812191103789
E9/B/GNN,roc,0.0,0.4578871499176277
E9/B/GNN,roc,0.0,0.46334431630971995
E9/B/GNN,roc,0.0,0.4670510708401977
E9/B/GNN,roc,0.0,0.4674629324546952
E9/B/GNN,roc,0.0,0.46828665568369027
E9/B/GNN,roc,0.0,0.47055189456342666
E9/B/GNN,roc,0.0,0.47075782537067545
E9/B/GNN,roc,0.0,0.4716845140032949
E9/B/GNN,roc,0.0,0.473331960461285
E9/B/GNN,roc,0.0,0.4735378912685338
E9/B/GNN,roc,0.0,0.480333607907743
E9/B/GNN,roc,0.0,0.4822899505766063
E9/B/GNN,roc,0.0,0.482495881383855
E9/B/GNN,roc,0.0,0.4828047775947282
E9/B/GNN,roc,0.0,0.48404036243822074
E9/B/GNN,roc,0.0,0.48424629324546953
E9/B/GNN,roc,0.0,0.4849670510708402
E9/B/GNN,roc,0.0,0.4887767710049423
E9/B/GNN,roc,0.0,0.4889827018121911
E9/B/GNN,roc,0.0,0.49052718286655683
E9/B/GNN,roc,0.0,0.49320428336079075
E9/B/GNN,roc,0.0,0.49341021416803954
E9/B/GNN,roc,0.0,0.4937191103789127
E9/B/GNN,roc,0.0,0.4948517298187809
E9/B/GNN,roc,0.0,0.4950576606260296
E9/B/GNN,roc,0.0,0.4953665568369028
E9/B/GNN,roc,0.0,0.49897034596375617
E9/B/GNN,roc,0.0,0.49917627677100496
E9/B/GNN,roc,0.0,0.5002059308072487
E9/B/GNN,roc,0.0,0.5012355848434926
E9/B/GNN,roc,0.0,0.5014415156507414
E9/B/GNN,roc,0.0,0.507001647446458
E9/B/GNN,roc,0.0,0.5079283360790774
E9/B/GNN,roc,0.0,0.5081342668863262
E9/B/GNN,roc,0.0,0.50916392092257
E9/B/GNN,roc,0.0,0.5154448105436573
E9/B/GNN,roc,0.0,0.515650741350906
E9/B/GNN,roc,0.0,0.5191515650741351
E9/B/GNN,roc,0.0,0.5215197693574959
E9/B/GNN,roc,0.0,0.5217257001647446
E9/B/GNN,roc,0.0,0.5223434925864909
E9/B/GNN,roc,0.0,0.5228583196046128
E9/B/GNN,roc,0.0,0.5230642504118617
E9/B/GNN,roc,0.0,0.5234761120263591
E9/B/GNN,roc,0.0,0.5250205930807249
E9/B/GNN,roc,0.0,0.5252265238879736
E9/B/GNN,roc,0.0,0.5253294892915981
E9/B/GNN,roc,0.0,0.5267710049423394
E9/B/GNN,roc,0.0,0.5269769357495881
E9/B/GNN,roc,0.0,0.5328459637561779
E9/B/GNN,roc,0.0,0.5348023064250412
E9/B/GNN,roc,0.0,0.53500823723229
E9/B/GNN,roc,0.0,0.5356260296540363
E9/B/GNN,roc,0.0,0.5380971993410214
E9/B/GNN,roc,0.0,0.5383031301482701
E9/B/GNN,roc,0.0,0.5467462932454695
E9/B/GNN,roc,0.0,0.5474670510708401
E9/B/GNN,roc,0.0,0.547672981878089
E9/B/GNN,roc,0.0,0.5503500823723229
E9/B/GNN,roc,0.0,0.5512767710049423
E9/B/GNN,roc,0.0,0.5516886326194399
E9/B/GNN,roc,0.0,0.5526153212520593
E9/B/GNN,roc,0.0,0.5532331136738056
E9/B/GNN,roc,0.0,0.5534390444810544
E9/B/GNN,roc,0.0,0.554159802306425
E9/B/GNN,roc,0.0,0.5552924217462932
E9/B/GNN,roc,0.0,0.555498352553542
E9/B/GNN,roc,0.0,0.5562191103789127
E9/B/GNN,roc,0.0,0.5565280065897859
E9/B/GNN,roc,0.0,0.5567339373970346
E9/B/GNN,roc,0.0,0.5615733113673805
E9/B/GNN,roc,0.0,0.5661037891268533
E9/B/GNN,roc,0.0,0.5663097199341022
E9/B/GNN,roc,0.0,0.567339373970346
E9/B/GNN,roc,0.0,0.5742380560131796
E9/B/GNN,roc,0.0,0.5744439868204283
E9/B/GNN,roc,0.0,0.5778418451400329
E9/B/GNN,roc,0.0,0.5853583196046128
E9/B/GNN,roc,0.0,0.5855642504118617
E9/B/GNN,roc,0.0,0.5874176276771005
E9/B/GNN,roc,0.0,0.5892710049423394
E9/B/GNN,roc,0.0,0.5894769357495881
E9/B/GNN,roc,0.0,0.591330313014827
E9/B/GNN,roc,0.0,0.5936985172981878
E9/B/GNN,roc,0.0,0.5939044481054365
E9/B/GNN,roc,0.0,0.5943163097199341
E9/B/GNN,roc,0.0,0.5951400329489291
E9/B/GNN,roc,0.0,0.5953459637561779
E9/B/GNN,roc,0.0,0.5955518945634267
E9/B/GNN,roc,0.0,0.5971993410214168
E9/B/GNN,roc,0.0,0.5976112026359144
E9/B/GNN,roc,0.0,0.5981260296540363
E9/B/GNN,roc,0.0,0.6036861614497528
E9/B/GNN,roc,0.0,0.6038920922570017
E9/B/GNN,roc,0.0,0.6051276771004942
E9/B/GNN,roc,0.0,0.6054365733113674
E9/B/GNN,roc,0.0,0.6056425041186162
E9/B/GNN,roc,0.0,0.6102759472817133
E9/B/GNN,roc,0.0,0.6112026359143328
E9/B/GNN,roc,0.0,0.6114085667215815
E9/B/GNN,roc,0.0,0.6199546952224053
E9/B/GNN,roc,0.0,0.6209843492586491
E9/B/GNN,roc,0.0,0.6211902800658978
E9/B/GNN,roc,0.0,0.6227347611202636
E9/B/GNN,roc,0.0,0.6269563426688632
E9/B/GNN,roc,0.0,0.627162273476112
E9/B/GNN,roc,0.0,0.6318986820428336
E9/B/GNN,roc,0.0,0.6350906095551895
E9/B/GNN,roc,0.0,0.6352965403624382
E9/B/GNN,roc,0.0,0.6372528830313015
E9/B/GNN,roc,0.0,0.637664744645799
E9/B/GNN,roc,0.0,0.6378706754530478
E9/B/GNN,roc,0.0,0.6408566721581549
E9/B/GNN,roc,0.0,0.6465197693574959
E9/B/GNN,roc,0.0,0.6467257001647446
E9/B/GNN,roc,0.0,0.6490939044481054
E9/B/GNN,roc,0.0,0.6529036243822076
E9/B/GNN,roc,0.0,0.6531095551894563
E9/B/GNN,roc,0.0,0.6533154859967051
E9/B/GNN,roc,0.0,0.653830313014827
E9/B/GNN,roc,0.0,0.6540362438220758
E9/B/GNN,roc,0.0,0.654345140032949
E9/B/GNN,roc,0.0,0.6559925864909391
E9/B/GNN,roc,0.0,0.6561985172981878
E9/B/GNN,roc,0.0,0.6605230642504119
E9/B/GNN,roc,0.0,0.662994233937397
E9/B/GNN,roc,0.0,0.6632001647446458
E9/B/GNN,roc,0.0,0.667833607907743
E9/B/GNN,roc,0.0,0.6689662273476112
E9/B/GNN,roc,0.0,0.66917215815486
E9/B/GNN,roc,0.0,0.6704077429983526
E9/B/GNN,roc,0.0,0.6753500823723229
E9/B/GNN,roc,0.0,0.6755560131795717
E9/B/GNN,roc,0.0,0.6796746293245469
E9/B/GNN,roc,0.0,0.6844110378912686
E9/B/GNN,roc,0.0,0.6846169686985173
E9/B/GNN,roc,0.0,0.686676276771005
E9/B/GNN,roc,0.0,0.6888385502471169
E9/B/GNN,roc,0.0,0.6890444810543658
E9/B/GNN,roc,0.0,0.692339373970346
E9/B/GNN,roc,0.0,0.6952224052718287
E9/B/GNN,roc,0.0,0.6954283360790774
E9/B/GNN,roc,0.0,0.7042833607907742
E9/B/GNN,roc,0.0,0.7064456342668863
E9/B/GNN,roc,0.0,0.7066515650741351
E9/B/GNN,roc,0.0,0.7111820428336079
E9/B/GNN,roc,0.0,0.7213756177924218
E9/B/GNN,roc,0.0,0.7215815485996705
E9/B/GNN,roc,0.0,0.7218904448105437
E9/B/GNN,roc,0.0,0.7376441515650741
E9/B/GNN,roc,0.0,0.7378500823723229
E9/B/GNN,roc,0.0,0.7565897858319605
E9/B/GNN,roc,0.0,0.7763591433278418
E9/B/GNN,roc,0.0,0.7765650741350906
E9/B/GNN,roc,0.0,0.7915980230642504
E9/B/GNN,roc,0.0,0.7962314662273476
E9/B/GNN,roc,0.0,0.7964373970345964
E9/B/GNN,roc,0.0,0.824341021416804
E9/B/GNN,roc,0.0,0.833504942339374
E9/B/GNN,roc,0.0,0.8337108731466227
E9/B/GNN,roc,0.0,0.8932248764415156
E9/B/GNN,roc,0.0,0.930498352553542
E9/B/GNN,roc,0.0,0.9307042833607908
E9/B/GNN,roc,0.0,0.9474876441515651
E9/B/GNN,roc,0.0,0.9952635914332785
E9/B/GNN,roc,0.006944444444444444,0.9952635914332785
E9/B/GNN,roc,0.006944444444444444,0.9958813838550247
E9/B/GNN,roc,0.10069444444444445,0.9959843492586491
E9/B/GNN,roc,0.2361111111111111,0.9959843492586491
E9/B/GNN,roc,0.2361111111111111,0.9960873146622735
E9/B/GNN,roc,0.3090277777777778,0.9961902800658978
E9/B/GNN,roc,0.3402777777777778,0.9961902800658978
E9/B/GNN,roc,0.3402777777777778,0.9962932454695222
E9/B/GNN,roc,0.375,0.9963962108731467
E9/B/GNN,roc,0.3888888888888889,0.9963962108731467
E9/B/GNN,roc,0.3888888888888889,0.996499176276771
E9/B/GNN,roc,0.4131944444444444,0.9966021416803954
E9/B/GNN,roc,0.4409722222222222,0.9966021416803954
E9/B/GNN,roc,0.4409722222222222,0.9967051070840197
E9/B/GNN,roc,0.4652777777777778,0.9969110378912686
E9/B/GNN,roc,0.4722222222222222,0.9969110378912686
E9/B/GNN,roc,0.4722222222222222,0.9970140032948929
E9/B/GNN,roc,0.4826388888888889,0.9971169686985173
E9/B/GNN,roc,0.5104166666666666,0.9971169686985173
E9/B/GNN,roc,0.5104166666666666,0.9972199341021417
E9/B/GNN,roc,0.5243055555555556,0.997322899505766
E9/B/GNN,roc,0.5347222222222222,0.997322899505766
E9/B/GNN,roc,0.5347222222222222,0.9974258649093904
E9/B/GNN,roc,0.5520833333333334,0.9975288303130149
E9/B/GNN,roc,0.5833333333333334,0.9975288303130149
E9/B/GNN,roc,0.5833333333333334,0.9976317957166392
E9/B/GNN,roc,0.6215277777777778,0.9977347611202636
E9/B/GNN,roc,0.6597222222222222,0.9977347611202636
E9/B/GNN,roc,0.6597222222222222,0.997837726523888
E9/B/GNN,roc,0.7118055555555556,0.9979406919275123
E9/B/GNN,roc,0.7152777777777778,0.9979406919275123
E9/B/GNN,roc,0.7152777777777778,0.9980436573311368
E9/B/GNN,roc,0.7291666666666666,0.9981466227347611
E9/B/GNN,roc,0.7465277777777778,0.9981466227347611
E9/B/GNN,roc,0.7465277777777778,0.9982495881383855
E9/B/GNN,roc,0.7673611111111112,0.9983525535420099
E9/B/GNN,roc,0.8333333333333334,0.9983525535420099
E9/B/GNN,roc,0.8333333333333334,0.9984555189456342
E9/B/GNN,roc,0.8576388888888888,0.9986614497528831
E9/B/GNN,roc,0.8611111111111112,0.9986614497528831
E9/B/GNN,roc,0.8611111111111112,0.9987644151565074
E9/B/GNN,roc,0.8645833333333334,0.9988673805601318
E9/B/GNN,roc,0.8680555555555556,0.9988673805601318
E9/B/GNN,roc,0.8680555555555556,0.999176276771005
E9/B/GNN,roc,0.8888888888888888,0.9996911037891268
E9/B/GNN,roc,0.9340277777777778,0.9996911037891268
E9/B/GNN,roc,0.9340277777777778,0.9998970345963756
E9/B/GNN,roc,1.0,1.0
E9/B/GNN,pr,0.0,1.0
E9/B/GNN,pr,0.002471169686985173,1.0
E9/B/GNN,pr,0.004942339373970346,1.0
E9/B/GNN,pr,0.007516474464579901,1.0
E9/B/GNN,pr,0.009987644151565073,1.0
E9/B/GNN,pr,0.012458813838550247,1.0
E9/B/GNN,pr,0.015135914332784184,1.0
E9/B/GNN,pr,0.01760708401976936,1.0
E9/B/GNN,pr,0.02018121911037891,1.0
E9/B/GNN,pr,0.022652388797364087,1.0
E9/B/GNN,pr,0.02512355848434926,1.0
E9/B/GNN,pr,0.027800658978583196,1.0
E9/B/GNN,pr,0.03027182866556837,1.0
E9/B/GNN,pr,0.032948929159802305,1.0
E9/B/GNN,pr,0.03542009884678748,1.0
E9/B/GNN,pr,0.03799423393739704,1.0
E9/B/GNN,pr,0.04056836902800659,1.0
E9/B/GNN,pr,0.04303953871499176,1.0
E9/B/GNN,pr,0.045613673805601315,1.0
E9/B/GNN,pr,0.04808484349258649,1.0
E9/B/GNN,pr,0.05055601317957167,1.0
E9/B/GNN,pr,0.05313014827018122,1.0
E9/B/GNN,pr,0.05560131795716639,1.0
E9/B/GNN,pr,0.058175453047775945,1.0
E9/B/GNN,pr,0.06064662273476112,1.0
E9/B/GNN,pr,0.0631177924217463,1.0
E9/B/GNN,pr,0.06569192751235585,1.0
E9/B/GNN,pr,0.0682660626029654,1.0
E9/B/GNN,pr,0.07104612850082373,1.0
E9/B/GNN,pr,0.0735172981878089,1.0
E9/B/GNN,pr,0.07598846787479407,1.0
E9/B/GNN,pr,0.07866556836902801,1.0
E9/B/GNN,pr,0.08113673805601318,1.0
E9/B/GNN,pr,0.08381383855024711,1.0
E9/B/GNN,pr,0.08638797364085667,1.0
E9/B/GNN,pr,0.08896210873146623,1.0
E9/B/GNN,pr,0.09153624382207579,1.0
E9/B/GNN,pr,0.09421334431630972,1.0
E9/B/GNN,pr,0.09678747940691927,1.0
E9/B/GNN,pr,0.09946457990115322,1.0
E9/B/GNN,pr,0.10193574958813839,1.0
E9/B/GNN,pr,0.10461285008237232,1.0
E9/B/GNN,pr,0.10718698517298188,1.0
E9/B/GNN,pr,0.10986408566721581,1.0
E9/B/GNN,pr,0.11254118616144976,1.0
E9/B/GNN,pr,0.11501235584843493,1.0
E9/B/GNN,pr,0.11758649093904448,1.0
E9/B/GNN,pr,0.12005766062602966,1.0
E9/B/GNN,pr,0.12263179571663921,1.0
E9/B/GNN,pr,0.12530889621087316,1.0
E9/B/GNN,pr,0.1277800658978583,1.0
E9/B/GNN,pr,0.13035420098846787,1.0
E9/B/GNN,pr,0.13282537067545305,1.0
E9/B/GNN,pr,0.1352965403624382,1.0
E9/B/GNN,pr,0.13787067545304776,1.0
E9/B/GNN,pr,0.14034184514003295,1.0
E9/B/GNN,pr,0.1429159802306425,1.0
E9/B/GNN,pr,0.1453871499176277,1.0
E9/B/GNN,pr,0.14785831960461285,1.0
E9/B/GNN,pr,0.1504324546952224,1.0
E9/B/GNN,pr,0.1529036243822076,1.0
E9/B/GNN,pr,0.1555807248764415,1.0
E9/B/GNN,pr,0.15815485996705106,1.0
E9/B/GNN,pr,0.16062602965403625,1.0
E9/B/GNN,pr,0.1633031301482702,1.0
E9/B/GNN,pr,0.16577429983525535,1.0
E9/B/GNN,pr,0.1684514003294893,1.0
E9/B/GNN,pr,0.17092257001647446,1.0
E9/B/GNN,pr,0.17339373970345964,1.0
E9/B/GNN,pr,0.17607084019769356,1.0
E9/B/GNN,pr,0.17854200988467875,1.0
E9/B/GNN,pr,0.1811161449752883,1.0
E9/B/GNN,pr,0.1835873146622735,1.0
E9/B/GNN,pr,0.18616144975288304,1.0
E9/B/GNN,pr,0.1887355848434926,1.0
E9/B/GNN,pr,0.19120675453047775,1.0
E9/B/GNN,pr,0.1938838550247117,1.0
E9/B/GNN,pr,0.19635502471169686,1.0
E9/B/GNN,pr,0.19892915980230644,1.0
E9/B/GNN,pr,0.20160626029654036,1.0
E9/B/GNN,pr,0.2041803953871499,1.0
E9/B/GNN,pr,0.20685749588138386,1.0
E9/B/GNN,pr,0.20932866556836902,1.0
E9/B/GNN,pr,0.2119028006589786,1.0
E9/B/GNN,pr,0.21447693574958815,1.0
E9/B/GNN,pr,0.2169481054365733,1.0
E9/B/GNN,pr,0.21952224052718286,1.0
E9/B/GNN,pr,0.22199341021416805,1.0
E9/B/GNN,pr,0.2245675453047776,1.0
E9/B/GNN,pr,0.22714168039538715,1.0
E9/B/GNN,pr,0.2297158154859967,1.0
E9/B/GNN,pr,0.23249588138385502,1.0
E9/B/GNN,pr,0.23517298187808897,1.0
E9/B/GNN,pr,0.23764415156507412,1.0
E9/B/GNN,pr,0.24032125205930807,1.0
E9/B/GNN,pr,0.24289538714991762,1.0
E9/B/GNN,pr,0.24546952224052718,1.0
E9/B/GNN,pr,0.2482495881383855,1.0
E9/B/GNN,pr,0.2507207578253707,1.0
E9/B/GNN,pr,0.2533978583196046,1.0
E9/B/GNN,pr,0.25597199341021415,1.0
E9/B/GNN,pr,0.2585461285008237,1.0
E9/B/GNN,pr,0.26153212520593083,1.0
E9/B/GNN,pr,0.26400329489291596,1.0
E9/B/GNN,pr,0.26668039538714994,1.0
E9/B/GNN,pr,0.2692545304777595,1.0
E9/B/GNN,pr,0.2717257001647446,1.0
E9/B/GNN,pr,0.2744028006589786,1.0
E9/B/GNN,pr,0.2768739703459638,1.0
E9/B/GNN,pr,0.2795510708401977,1.0
E9/B/GNN,pr,0.2820222405271829,1.0
E9/B/GNN,pr,0.28459637561779244,1.0
E9/B/GNN,pr,0.28727347611202636,1.0
E9/B/GNN,pr,0.28974464579901155,1.0
E9/B/GNN,pr,0.2923187808896211,1.0
E9/B/GNN,pr,0.29489291598023065,1.0
E9/B/GNN,pr,0.2974670510708402,1.0
E9/B/GNN,pr,0.30004118616144976,1.0
E9/B/GNN,pr,0.30251235584843494,1.0
E9/B/GNN,pr,0.30518945634266886,1.0
E9/B/GNN,pr,0.3077635914332784,1.0
E9/B/GNN,pr,0.31044069192751234,1.0
E9/B/GNN,pr,0.3130148270181219,1.0
E9/B/GNN,pr,0.3154859967051071,1.0
E9/B/GNN,pr,0.3183690280065898,1.0
E9/B/GNN,pr,0.32084019769357497,1.0
E9/B/GNN,pr,0.3234143327841845,1.0
E9/B/GNN,pr,0.32629736408566723,1.0
E9/B/GNN,pr,0.32897446457990115,1.0
E9/B/GNN,pr,0.33165156507413507,1.0
E9/B/GNN,pr,0.3344316309719934,1.0
E9/B/GNN,pr,0.33700576606260296,1.0
E9/B/GNN,pr,0.3396828665568369,1.0
E9/B/GNN,pr,0.34225700164744643,1.0
E9/B/GNN,pr,0.344831136738056,1.0
E9/B/GNN,pr,0.3473023064250412,1.0
E9/B/GNN,pr,0.34997940691927515,1.0
E9/B/GNN,pr,0.35265650741350907,1.0
E9/B/GNN,pr,0.3552306425041186,1.0
E9/B/GNN,pr,0.35790774299835254,1.0
E9/B/GNN,pr,0.3608937397034596,1.0
E9/B/GNN,pr,0.3633649093904448,1.0
E9/B/GNN,pr,0.36614497528830314,1.0
E9/B/GNN,pr,0.36882207578253706,1.0
E9/B/GNN,pr,0.37170510708401977,1.0
E9/B/GNN,pr,0.37417627677100496,1.0
E9/B/GNN,pr,0.37664744645799014,1.0
E9/B/GNN,pr,0.37932454695222406,1.0
E9/B/GNN,pr,0.3818986820428336,1.0
E9/B/GNN,pr,0.38457578253706753,1.0
E9/B/GNN,pr,0.3872528830313015,1.0
E9/B/GNN,pr,0.38992998352553543,1.0
E9/B/GNN,pr,0.392504118616145,1.0
E9/B/GNN,pr,0.39497528830313017,1.0
E9/B/GNN,pr,0.3975494233937397,1.0
E9/B/GNN,pr,0.40022652388797364,1.0
E9/B/GNN,pr,0.4026976935749588,1.0
E9/B/GNN,pr,0.40537479406919275,1.0
E9/B/GNN,pr,0.4079489291598023,1.0
E9/B/GNN,pr,0.41052306425041185,1.0
E9/B/GNN,pr,0.4133031301482702,1.0
E9/B/GNN,pr,0.4157742998352554,1.0
E9/B/GNN,pr,0.41876029654036245,1.0
E9/B/GNN,pr,0.4212314662273476,1.0
E9/B/GNN,pr,0.42370263591433277,1.0
E9/B/GNN,pr,0.42637973640856675,1.0
E9/B/GNN,pr,0.42905683690280066,1.0
E9/B/GNN,pr,0.4317339373970346,1.0
E9/B/GNN,pr,0.43430807248764414,1.0
E9/B/GNN,pr,0.4369851729818781,1.0
E9/B/GNN,pr,0.43966227347611203,1.0
E9/B/GNN,pr,0.4422364085667216,1.0
E9/B/GNN,pr,0.4451194398682043,1.0
E9/B/GNN,pr,0.4477965403624382,1.0
E9/B/GNN,pr,0.45047364085667213,1.0
E9/B/GNN,pr,0.45325370675453047,1.0
E9/B/GNN,pr,0.45572487644151566,1.0
E9/B/GNN,pr,0.4584019769357496,1.0
E9/B/GNN,pr,0.46087314662273476,1.0
E9/B/GNN,pr,0.46334431630971995,1.0
E9/B/GNN,pr,0.46602141680395387,1.0
E9/B/GNN,pr,0.4688014827018122,1.0
E9/B/GNN,pr,0.47147858319604613,1.0
E9/B/GNN,pr,0.47415568369028005,1.0
E9/B/GNN,pr,0.47662685337726524,1.0
E9/B/GNN,pr,0.4792009884678748,1.0
E9/B/GNN,pr,0.48177512355848434,1.0
E9/B/GNN,pr,0.48465815485996705,1.0
E9/B/GNN,pr,0.4872322899505766,1.0
E9/B/GNN,pr,0.48980642504118616,1.0
E9/B/GNN,pr,0.4924835255354201,1.0
E9/B/GNN,pr,0.4952635914332784,1.0
E9/B/GNN,pr,0.49794069192751234,1.0
E9/B/GNN,pr,0.5006177924217463,1.0
E9/B/GNN,pr,0.5031919275123559,1.0
E9/B/GNN,pr,0.5057660626029654,1.0
E9/B/GNN,pr,0.5085461285008237,1.0
E9/B/GNN,pr,0.5112232289950577,1.0
E9/B/GNN,pr,0.5136943986820428,1.0
E9/B/GNN,pr,0.5162685337726524,1.0
E9/B/GNN,pr,0.5188426688632619,1.0
E9/B/GNN,pr,0.5215197693574959,1.0
E9/B/GNN,pr,0.524505766062603,1.0
E9/B/GNN,pr,0.5273887973640856,1.0
E9/B/GNN,pr,0.5298599670510709,1.0
E9/B/GNN,pr,0.5324341021416804,1.0
E9/B/GNN,pr,0.5351112026359144,1.0
E9/B/GNN,pr,0.5376853377265239,1.0
E9/B/GNN,pr,0.5403624382207578,1.0
E9/B/GNN,pr,0.542833607907743,1.0
E9/B/GNN,pr,0.5454077429983526,1.0
E9/B/GNN,pr,0.5481878088962109,1.0
E9/B/GNN,pr,0.5507619439868204,1.0
E9/B/GNN,pr,0.5537479406919276,1.0
E9/B/GNN,pr,0.5565280065897859,1.0
E9/B/GNN,pr,0.5592051070840197,1.0
E9/B/GNN,pr,0.5617792421746294,1.0
E9/B/GNN,pr,0.5642504118616145,1.0
E9/B/GNN,pr,0.5669275123558485,1.0
E9/B/GNN,pr,0.569501647446458,1.0
E9/B/GNN,pr,0.5720757825370676,1.0
E9/B/GNN,pr,0.5746499176276771,1.0
E9/B/GNN,pr,0.5771210873146623,1.0
E9/B/GNN,pr,0.5797981878088962,1.0
E9/B/GNN,pr,0.5822693574958814,1.0
E9/B/GNN,pr,0.5848434925864909,1.0
E9/B/GNN,pr,0.5874176276771005,1.0
E9/B/GNN,pr,0.5900947281713345,1.0
E9/B/GNN,pr,0.5928747940691927,1.0
E9/B/GNN,pr,0.5957578253706755,1.0
E9/B/GNN,pr,0.5986408566721582,1.0
E9/B/GNN,pr,0.6011120263591433,1.0
E9/B/GNN,pr,0.6035831960461285,1.0
E9/B/GNN,pr,0.6064662273476112,1.0
E9/B/GNN,pr,0.6089373970345964,1.0
E9/B/GNN,pr,0.6117174629324547,1.0
E9/B/GNN,pr,0.6141886326194399,1.0
E9/B/GNN,pr,0.616659802306425,1.0
E9/B/GNN,pr,0.6192339373970346,1.0
E9/B/GNN,pr,0.6220140032948929,1.0
E9/B/GNN,pr,0.6246911037891268,1.0
E9/B/GNN,pr,0.6272652388797364,1.0
E9/B/GNN,pr,0.6297364085667215,1.0
E9/B/GNN,pr,0.6324135090609555,1.0
E9/B/GNN,pr,0.6348846787479407,1.0
E9/B/GNN,pr,0.637664744645799,1.0
E9/B/GNN,pr,0.6402388797364086,1.0
E9/B/GNN,pr,0.6428130148270181,1.0
E9/B/GNN,pr,0.6453871499176277,1.0
E9/B/GNN,pr,0.6479612850082372,1.0
E9/B/GNN,pr,0.6505354200988468,1.0
E9/B/GNN,pr,0.6532125205930808,1.0
E9/B/GNN,pr,0.6559925864909391,1.0
E9/B/GNN,pr,0.658669686985173,1.0
E9/B/GNN,pr,0.6612438220757826,1.0
E9/B/GNN,pr,0.6638179571663921,1.0
E9/B/GNN,pr,0.6663920922570017,1.0
E9/B/GNN,pr,0.6689662273476112,1.0
E9/B/GNN,pr,0.6717462932454695,1.0
E9/B/GNN,pr,0.6742174629324547,1.0
E9/B/GNN,pr,0.6767915980230642,1.0
E9/B/GNN,pr,0.6793657331136738,1.0
E9/B/GNN,pr,0.6819398682042833,1.0
E9/B/GNN,pr,0.6846169686985173,1.0
E9/B/GNN,pr,0.6871911037891268,1.0
E9/B/GNN,pr,0.6897652388797364,1.0
E9/B/GNN,pr,0.692339373970346,1.0
E9/B/GNN,pr,0.6949135090609555,1.0
E9/B/GNN,pr,0.6975906095551895,1.0
E9/B/GNN,pr,0.7000617792421746,1.0
E9/B/GNN,pr,0.7025329489291599,1.0
E9/B/GNN,pr,0.7052100494233937,1.0
E9/B/GNN,pr,0.7077841845140033,1.0
E9/B/GNN,pr,0.7103583196046128,1.0
E9/B/GNN,pr,0.7129324546952224,1.0
E9/B/GNN,pr,0.7154036243822076,1.0
E9/B/GNN,pr,0.7179777594728172,1.0
E9/B/GNN,pr,0.7204489291598023,1.0
E9/B/GNN,pr,0.7232289950576606,1.0
E9/B/GNN,pr,0.7257001647446458,1.0
E9/B/GNN,pr,0.728171334431631,1.0
E9/B/GNN,pr,0.7307454695222405,1.0
E9/B/GNN,pr,0.7332166392092258,1.0
E9/B/GNN,pr,0.7357907742998353,1.0
E9/B/GNN,pr,0.7383649093904449,1.0
E9/B/GNN,pr,0.74083607907743,1.0
E9/B/GNN,pr,0.7434102141680395,1.0
E9/B/GNN,pr,0.7458813838550247,1.0
E9/B/GNN,pr,0.7484555189456342,1.0
E9/B/GNN,pr,0.7509266886326195,1.0
E9/B/GNN,pr,0.7533978583196046,1.0
E9/B/GNN,pr,0.7559719934102141,1.0
E9/B/GNN,pr,0.7585461285008237,1.0
E9/B/GNN,pr,0.7611202635914333,1.0
E9/B/GNN,pr,0.7635914332784185,1.0
E9/B/GNN,pr,0.7660626029654036,1.0
E9/B/GNN,pr,0.7686367380560132,1.0
E9/B/GNN,pr,0.7711079077429983,1.0
E9/B/GNN,pr,0.7736820428336079,1.0
E9/B/GNN,pr,0.7761532125205931,1.0
E9/B/GNN,pr,0.7787273476112027,1.0
E9/B/GNN,pr,0.7813014827018122,1.0
E9/B/GNN,pr,0.7837726523887973,1.0
E9/B/GNN,pr,0.7862438220757826,1.0
E9/B/GNN,pr,0.7888179571663921,1.0
E9/B/GNN,pr,0.7912891268533773,1.0
E9/B/GNN,pr,0.7939662273476112,1.0
E9/B/GNN,pr,0.7965403624382208,1.0
E9/B/GNN,pr,0.7990115321252059,1.0
E9/B/GNN,pr,0.8015856672158155,1.0
E9/B/GNN,pr,0.8040568369028006,1.0
E9/B/GNN,pr,0.8066309719934102,1.0
E9/B/GNN,pr,0.8091021416803954,1.0
E9/B/GNN,pr,0.8115733113673805,1.0
E9/B/GNN,pr,0.8141474464579901,1.0
E9/B/GNN,pr,0.8166186161449753,1.0
E9/B/GNN,pr,0.8191927512355849,1.0
E9/B/GNN,pr,0.82166392092257,1.0
E9/B/GNN,pr,0.8241350906095551,1.0
E9/B/GNN,pr,0.8268121911037891,1.0
E9/B/GNN,pr,0.8292833607907742,1.0
E9/B/GNN,pr,0.8318574958813838,1.0
E9/B/GNN,pr,0.8344316309719935,1.0
E9/B/GNN,pr,0.8369028006589786,1.0
E9/B/GNN,pr,0.8394769357495881,1.0
E9/B/GNN,pr,0.8419481054365733,1.0
E9/B/GNN,pr,0.8445222405271828,1.0
E9/B/GNN,pr,0.8469934102141681,1.0
E9/B/GNN,pr,0.8494645799011532,1.0
E9/B/GNN,pr,0.8520387149917628,1.0
E9/B/GNN,pr,0.8545098846787479,1.0
E9/B/GNN,pr,0.8570840197693574,1.0
E9/B/GNN,pr,0.8595551894563427,1.0
E9/B/GNN,pr,0.8620263591433278,1.0
E9/B/GNN,pr,0.8646004942339374,1.0
E9/B/GNN,pr,0.8670716639209226,1.0
E9/B/GNN,pr,0.8696457990115322,1.0
E9/B/GNN,pr,0.8721169686985173,1.0
E9/B/GNN,pr,0.8745881383855024,1.0
E9/B/GNN,pr,0.877162273476112,1.0
E9/B/GNN,pr,0.8796334431630972,1.0
E9/B/GNN,pr,0.8822075782537068,1.0
E9/B/GNN,pr,0.8846787479406919,1.0
E9/B/GNN,pr,0.8871499176276771,1.0
E9/B/GNN,pr,0.8897240527182867,1.0
E9/B/GNN,pr,0.8921952224052718,1.0
E9/B/GNN,pr,0.8948723228995058,1.0
E9/B/GNN,pr,0.8973434925864909,1.0
E9/B/GNN,pr,0.8998146622734761,1.0
E9/B/GNN,pr,0.9023887973640856,1.0
E9/B/GNN,pr,0.9048599670510709,1.0
E9/B/GNN,pr,0.907331136738056,1.0
E9/B/GNN,pr,0.9099052718286655,1.0
E9/B/GNN,pr,0.9123764415156508,1.0
E9/B/GNN,pr,0.9149505766062603,1.0
E9/B/GNN,pr,0.9174217462932455,1.0
E9/B/GNN,pr,0.9198929159802306,1.0
E9/B/GNN,pr,0.9224670510708401,1.0
E9/B/GNN,pr,0.9249382207578254,1.0
E9/B/GNN,pr,0.9275123558484349,1.0
E9/B/GNN,pr,0.9299835255354201,1.0
E9/B/GNN,pr,0.9325576606260296,1.0
E9/B/GNN,pr,0.9351317957166392,1.0
E9/B/GNN,pr,0.9376029654036244,1.0
E9/B/GNN,pr,0.940177100494234,1.0
E9/B/GNN,pr,0.9426482701812191,1.0
E9/B/GNN,pr,0.9451194398682042,1.0
E9/B/GNN,pr,0.9477965403624382,1.0
E9/B/GNN,pr,0.9502677100494233,1.0
E9/B/GNN,pr,0.9528418451400329,1.0
E9/B/GNN,pr,0.9553130148270181,1.0
E9/B/GNN,pr,0.9577841845140033,1.0
E9/B/GNN,pr,0.9603583196046128,1.0
E9/B/GNN,pr,0.9628294892915981,1.0
E9/B/GNN,pr,0.9654036243822076,1.0
E9/B/GNN,pr,0.9678747940691927,1.0
E9/B/GNN,pr,0.9703459637561779,1.0
E9/B/GNN,pr,0.9729200988467874,1.0
E9/B/GNN,pr,0.9753912685337727,1.0
E9/B/GNN,pr,0.9779654036243822,1.0
E9/B/GNN,pr,0.9804365733113674,1.0
E9/B/GNN,pr,0.9829077429983526,1.0
E9/B/GNN,pr,0.9854818780889621,1.0
E9/B/GNN,pr,0.9879530477759473,1.0
E9/B/GNN,pr,0.9905271828665568,1.0
E9/B/GNN,pr,0.992998352553542,1.0
E9/B/GNN,pr,0.9952635914332785,0.9997931319817956
E9/B/GNN,pr,0.9958813838550247,0.9978334880841845
E9/B/GNN,pr,0.9959843492586491,0.9954718534527117
E9/B/GNN,pr,0.9960873146622735,0.9930199137754054
E9/B/GNN,pr,0.9961902800658978,0.99068195781282
E9/B/GNN,pr,0.996499176276771,0.9885597548518897
E9/B/GNN,pr,0.9968080724876441,0.9863474274070301
E9/B/GNN,pr,0.997322899505766,0.9844496391909747
E9/B/GNN,pr,0.9976317957166392,0.9822587185725872
E9/B/GNN,pr,0.997837726523888,0.980076860841424
E9/B/GNN,pr,0.9982495881383855,0.9781073446327684
E9/B/GNN,pr,0.9984555189456342,0.9758478414008251
E9/B/GNN,pr,0.9992792421746294,0.974299769099488
E9/B/GNN,pr,1.0,0.9712
E9/B/LSTM,roc,0.0,0.0
E9/B/LSTM,roc,0.0,0.0019324418335008116
E9/B/LSTM,roc,0.0,0.0034010976269614286
E9/B/LSTM,roc,0.0,0.004663626291515292
E9/B/LSTM,roc,0.0,0.006132282084975909
E9/B/LSTM,roc,0.0,0.0077555332251165905
E9/B/LSTM,roc,0.0,0.009353018474143928
E9/B/LSTM,roc,0.0,0.010898971940944578
E9/B/LSTM,roc,0.0,0.012702584318878668
E9/B/LSTM,roc,0.0,0.01401664476565922
E9/B/LSTM,roc,0.0,0.015717193579139935
E9/B/LSTM,roc,0.0,0.017520805957074025
E9/B/LSTM,roc,0.0,0.018937929968307954
E9/B/LSTM,roc,0.0,0.02084460591069542
E9/B/LSTM,roc,0.0,0.02308623843755636
E9/B/LSTM,roc,0.0,0.024735255468810387
E9/B/LSTM,roc,0.0,0.027105717451238052
E9/B/LSTM,roc,0.0,0.029991497255932597
E9/B/LSTM,roc,0.0,0.032542320476153665
E9/B/LSTM,roc,0.0,0.03578882275643503
E9/B/LSTM,roc,0.0,0.03885496379892298
E9/B/LSTM,roc,0.0,0.0416634459302775
E9/B/LSTM,roc,0.0,0.045373734250599054
E9/B/LSTM,roc,0.0,0.049212852026487335
E9/B/LSTM,roc,0.0,0.0531035015846023
E9/B/LSTM,roc,0.0,0.05748370307387081
E9/B/LSTM,roc,0.0,0.06152894797866584
E9/B/LSTM,roc,0.0,0.06632140372574785
E9/B/LSTM,roc,0.0,0.07162917729509675
E9/B/LSTM,roc,0.0,0.07657622838885883
E9/B/LSTM,roc,0.0,0.08165210893818763
E9/B/LSTM,roc,0.0,0.08729483909201
E9/B/LSTM,roc,0.0,0.09244801731467883
E9/B/LSTM,roc,0.0,0.09811651335961455
E9/B/LSTM,roc,0.0,0.10326969158228337
E9/B/LSTM,roc,0.0,0.10991729148952617
E9/B/LSTM,roc,0.0,0.11648759372342893
E9/B/LSTM,roc,0.0,0.12223338744170467
E9/B/LSTM,roc,0.0,0.12826260596222722
E9/B/LSTM,roc,0.0,0.13375074076936952
E9/B/LSTM,roc,0.0,0.14075906315219913
E9/B/LSTM,roc,0.0,0.1478704490994821
E9/B/LSTM,roc,0.0,0.15369354049109787
E9/B/LSTM,roc,0.0,0.1604699698539074
E9/B/LSTM,roc,0.0,0.16673108139445003
E9/B/LSTM,roc,0.0,0.17361057432171292
E9/B/LSTM,roc,0.0,0.18185565947798304
E9/B/LSTM,roc,0.0,0.1897657880497797
E9/B/LSTM,roc,0.0,0.19558887944139547
E9/B/LSTM,roc,0.0,0.2010254824663111
E9/B/LSTM,roc,0.0,0.2078019118291206
E9/B/LSTM,roc,0.0,0.21406302336966324
E9/B/LSTM,roc,0.0,0.22042719847465925
E9/B/LSTM,roc,0.0,0.22632758753961504
E9/B/LSTM,roc,0.0,0.23297518744685786
E9/B/LSTM,roc,0.0,0.2393135966607405
E9/B/LSTM,roc,0.0,0.2459611965679833
E9/B/LSTM,roc,0.0,0.25170699028625904
E9/B/LSTM,roc,0.0,0.2584576537579552
E9/B/LSTM,roc,0.0,0.26513101955631135
E9/B/LSTM,roc,0.0,0.2716240241168741
E9/B/LSTM,roc,0.0,0.27708639303290306
E9/B/LSTM,roc,0.0,0.28247146427559194
E9/B/LSTM,roc,0.0,0.28839761923166113
E9/B/LSTM,roc,0.0,0.29429800829661695
E9/B/LSTM,roc,0.0,0.30061065161938627
E9/B/LSTM,roc,0.0,0.30638221122877535
E9/B/LSTM,roc,0.0,0.3114323258869908
E9/B/LSTM,roc,0.0,0.31655973821854627
E9/B/LSTM,roc,0.0,0.32142949163896833
E9/B/LSTM,roc,0.0,0.32565509778155677
E9/B/LSTM,roc,0.0,0.33078251011311227
E9/B/LSTM,roc,0.0,0.33743011002035506
E9/B/LSTM,roc,0.0,0.34248022467857053
E9/B/LSTM,roc,0.0,0.3469634897322924
E9/B/LSTM,roc,0.0,0.35126639354822087
E9/B/LSTM,roc,0.0,0.3561876787508696
E9/B/LSTM,roc,0.0,0.3607482414779315
E9/B/LSTM,roc,0.0,0.36582412202726033
E9/B/LSTM,roc,0.0,0.3709000025765891
E9/B/LSTM,roc,0.0,0.3756924583236711
E9/B/LSTM,roc,0.0,0.38014995748627967
E9/B/LSTM,roc,0.0,0.38393754347994125
E9/B/LSTM,roc,0.0,0.3881631496225297
E9/B/LSTM,roc,0.0,0.3930844348251784
E9/B/LSTM,roc,0.0,0.3969235526010667
E9/B/LSTM,roc,0.0,0.40091726572363506
E9/B/LSTM,roc,0.0,0.4048594470639767
E9/B/LSTM,roc,0.0,0.4092138826621319
E9/B/LSTM,roc,0.0,0.4135425523691737
E9/B/LSTM,roc,0.0,0.4169178841050218
E9/B/LSTM,roc,0.0,0.4207827677720234
E9/B/LSTM,roc,0.0,0.423745845250058
E9/B/LSTM,roc,0.0,0.427713792481513
E9/B/LSTM,roc,0.0,0.43114065599958773
E9/B/LSTM,roc,0.0,0.4342067970420757
E9/B/LSTM,roc,0.0,0.4375821287779238
E9/B/LSTM,roc,0.0,0.44069980160263844
E9/B/LSTM,roc,0.0,0.44397206977403314
E9/B/LSTM,roc,0.0,0.4469866790342944
E9/B/LSTM,roc,0.0,0.44979516116564894
E9/B/LSTM,roc,0.0,0.45296436577259025
E9/B/LSTM,roc,0.0,0.45574708201283143
E9/B/LSTM,roc,0.0,0.45840096879750586
E9/B/LSTM,roc,0.0,0.4608744943443869
E9/B/LSTM,roc,0.0,0.46357991291128803
E9/B/LSTM,roc,0.0,0.4663626291515292
E9/B/LSTM,roc,0.0,0.46899075004509033
E9/B/LSTM,roc,0.0,0.471438509700858
E9/B/LSTM,roc,0.0,0.47432428950555255
E9/B/LSTM,roc,0.0,0.47661745381464016
E9/B/LSTM,roc,0.0,0.4788590863415011
E9/B/LSTM,roc,0.0,0.48115225065058875
E9/B/LSTM,roc,0.0,0.4835742444152431
E9/B/LSTM,roc,0.0,0.48591894050655743
E9/B/LSTM,roc,0.0,0.48828940248898506
E9/B/LSTM,roc,0.0,0.49102058694699957
E9/B/LSTM,roc,0.0,0.493674473731674
E9/B/LSTM,roc,0.0,0.4959418721496483
E9/B/LSTM,roc,0.0,0.4984411635876427
E9/B/LSTM,roc,0.0,0.5008373914611837
E9/B/LSTM,roc,0.0,0.5030790239880446
E9/B/LSTM,roc,0.0,0.5055525495349257
E9/B/LSTM,roc,0.0,0.5076653526062199
E9/B/LSTM,roc,0.0,0.5095720285486074
E9/B/LSTM,roc,0.0,0.5114787044909949
E9/B/LSTM,roc,0.0,0.5133853804333823
E9/B/LSTM,roc,0.0,0.5152405245935431
E9/B/LSTM,roc,0.0,0.517482157120404
E9/B/LSTM,roc,0.0,0.5196207260828116
E9/B/LSTM,roc,0.0,0.5216562314807658
E9/B/LSTM,roc,0.0,0.5237948004431733
E9/B/LSTM,roc,0.0,0.526165262425601
E9/B/LSTM,roc,0.0,0.5279946406946484
E9/B/LSTM,roc,0.0,0.5299270825281492
E9/B/LSTM,roc,0.0,0.5320398855994435
E9/B/LSTM,roc,0.0,0.534333049908531
E9/B/LSTM,roc,0.0,0.5358790033753318
E9/B/LSTM,roc,0.0,0.5375280204065858
E9/B/LSTM,roc,0.0,0.53964082347788
E9/B/LSTM,roc,0.0,0.541444435855814
E9/B/LSTM,roc,0.0,0.543686068382675
E9/B/LSTM,roc,0.0,0.5457731055628559
E9/B/LSTM,roc,0.0,0.5478343768519234
E9/B/LSTM,roc,0.0,0.549380330318724
E9/B/LSTM,roc,0.0,0.5514673674989049
E9/B/LSTM,roc,0.0,0.5539151271546726
E9/B/LSTM,roc,0.0,0.5557960372059467
E9/B/LSTM,roc,0.0,0.5573419906727474
E9/B/LSTM,roc,0.0,0.5589394759217747
E9/B/LSTM,roc,0.0,0.5607430882997089
E9/B/LSTM,roc,0.0,0.5623148076576229
E9/B/LSTM,roc,0.0,0.5642472494911237
E9/B/LSTM,roc,0.0,0.5661281595423978
E9/B/LSTM,roc,0.0,0.5674679858802917
E9/B/LSTM,roc,0.0,0.568988173455979
E9/B/LSTM,roc,0.0,0.570637190487233
E9/B/LSTM,roc,0.0,0.5723377393007137
E9/B/LSTM,roc,0.0,0.5740125222230811
E9/B/LSTM,roc,0.0,0.5756615392543352
E9/B/LSTM,roc,0.0,0.576924067918889
E9/B/LSTM,roc,0.0,0.5786246167323696
E9/B/LSTM,roc,0.0,0.5803766973280771
E9/B/LSTM,roc,0.0,0.5821545438148978
E9/B/LSTM,roc,0.0,0.5838035608461518
E9/B/LSTM,roc,0.0,0.5851949189662724
E9/B/LSTM,roc,0.0,0.5868697018886398
E9/B/LSTM,roc,0.0,0.5886990801576872
E9/B/LSTM,roc,0.0,0.5901419700600345
E9/B/LSTM,roc,0.0,0.5917136894179486
E9/B/LSTM,roc,0.0,0.5931308134291825
E9/B/LSTM,roc,0.0,0.5948828940248898
E9/B/LSTM,roc,0.0,0.5962742521450104
E9/B/LSTM,roc,0.0,0.5979748009584912
E9/B/LSTM,roc,0.0,0.5995980520986318
E9/B/LSTM,roc,0.0,0.6008863466542991
E9/B/LSTM,roc,0.0,0.6022004071010796
E9/B/LSTM,roc,0.0,0.6034371698745201
E9/B/LSTM,roc,0.0,0.6051634845791142
E9/B/LSTM,roc,0.0,0.6066321403725747
E9/B/LSTM,roc,0.0,0.6081523279482621
E9/B/LSTM,roc,0.0,0.6094148566128159
E9/B/LSTM,roc,0.0,0.6110123418618433
E9/B/LSTM,roc,0.0,0.6123006364175105
E9/B/LSTM,roc,0.0,0.6136919945376311
E9/B/LSTM,roc,0.0,0.615186416222205
E9/B/LSTM,roc,0.0,0.6166293061245524
E9/B/LSTM,roc,0.0,0.6178660688979928
E9/B/LSTM,roc,0.0,0.6190512998892067
E9/B/LSTM,roc,0.0,0.6203138285537605
E9/B/LSTM,roc,0.0,0.6218597820205611
E9/B/LSTM,roc,0.0,0.6229934812295483
E9/B/LSTM,roc,0.0,0.6245909664785757
E9/B/LSTM,roc,0.0,0.626111154054263
E9/B/LSTM,roc,0.0,0.6275540439566102
E9/B/LSTM,roc,0.0,0.6289196361856175
E9/B/LSTM,roc,0.0,0.6302594625235114
E9/B/LSTM,roc,0.0,0.6313931617324985
E9/B/LSTM,roc,0.0,0.6327329880703925
E9/B/LSTM,roc,0.0,0.6340985802993997
E9/B/LSTM,roc,0.0,0.6353611089639535
E9/B/LSTM,roc,0.0,0.6369328283218675
E9/B/LSTM,roc,0.0,0.6383757182242148
E9/B/LSTM,roc,0.0,0.6396124809976553
E9/B/LSTM,roc,0.0,0.6410296050088893
E9/B/LSTM,roc,0.0,0.6423436654556698
E9/B/LSTM,roc,0.0,0.643554662337997
E9/B/LSTM,roc,0.0,0.6447914251114375
E9/B/LSTM,roc,0.0,0.646105485558218
E9/B/LSTM,roc,0.0,0.6479606297183788
E9/B/LSTM,roc,0.0,0.6494292855118394
E9/B/LSTM,roc,0.0,0.65082064363196
E9/B/LSTM,roc,0.0,0.6524954265543274
E9/B/LSTM,roc,0.0,0.6539898482389014
E9/B/LSTM,roc,0.0,0.6552008451212286
E9/B/LSTM,roc,0.0,0.6567725644791426
E9/B/LSTM,roc,0.0,0.6581381567081498
E9/B/LSTM,roc,0.0,0.6595295148282704
E9/B/LSTM,roc,0.0,0.6608435752750509
E9/B/LSTM,roc,0.0,0.6619257427018114
E9/B/LSTM,roc,0.0,0.6636262915152921
E9/B/LSTM,roc,0.0,0.6650176496354127
E9/B/LSTM,roc,0.0,0.6663317100821932
E9/B/LSTM,roc,0.0,0.6679549612223339
E9/B/LSTM,roc,0.0,0.669243255778001
E9/B/LSTM,roc,0.0,0.6704542526603282
E9/B/LSTM,roc,0.0,0.6718456107804488
E9/B/LSTM,roc,0.0,0.6732885006827961
E9/B/LSTM,roc,0.0,0.6749632836051634
E9/B/LSTM,roc,0.0,0.6764319393986241
E9/B/LSTM,roc,0.0,0.6781067223209915
E9/B/LSTM,roc,0.0,0.6794207827677721
E9/B/LSTM,roc,0.0,0.6806575455412125
E9/B/LSTM,roc,0.0,0.6822807966813532
E9/B/LSTM,roc,0.0,0.6839040478214939
E9/B/LSTM,roc,0.0,0.6852438741593878
E9/B/LSTM,roc,0.0,0.6866609981706218
E9/B/LSTM,roc,0.0,0.688103888072969
E9/B/LSTM,roc,0.0,0.6891345237175027
E9/B/LSTM,roc,0.0,0.6908350725309835
E9/B/LSTM,roc,0.0,0.692149132977764
E9/B/LSTM,roc,0.0,0.6935147252067713
E9/B/LSTM,roc,0.0,0.6946999561979851
E9/B/LSTM,roc,0.0,0.6963232073381258
E9/B/LSTM,roc,0.0,0.6975599701115663
E9/B/LSTM,roc,0.0,0.6987709669938935
E9/B/LSTM,roc,0.0,0.7001880910051275
E9/B/LSTM,roc,0.0,0.701579449125248
E9/B/LSTM,roc,0.0,0.7028419777898018
E9/B/LSTM,roc,0.0,0.7042848676921492
E9/B/LSTM,roc,0.0,0.705624694030043
E9/B/LSTM,roc,0.0,0.7069387544768235
E9/B/LSTM,roc,0.0,0.7081239854680375
E9/B/LSTM,roc,0.0,0.7096699389348381
E9/B/LSTM,roc,0.0,0.711164360619412
E9/B/LSTM,roc,0.0,0.7125299528484192
E9/B/LSTM,roc,0.0,0.7136378861662931
E9/B/LSTM,roc,0.0,0.7147973512663935
E9/B/LSTM,roc,0.0,0.7162917729509675
E9/B/LSTM,roc,0.0,0.7181469171111283
E9/B/LSTM,roc,0.0,0.719692870577929
E9/B/LSTM,roc,0.0,0.7210326969158228
E9/B/LSTM,roc,0.0,0.7222694596892634
E9/B/LSTM,roc,0.0,0.7234546906804772
E9/B/LSTM,roc,0.0,0.7247687511272577
E9/B/LSTM,roc,0.0,0.7261085774651517
E9/B/LSTM,roc,0.0,0.7272938084563655
E9/B/LSTM,roc,0.0,0.7287109324675994
E9/B/LSTM,roc,0.0,0.7299219293499266
E9/B/LSTM,roc,0.0,0.7310556285589137
E9/B/LSTM,roc,0.0,0.7324469866790343
E9/B/LSTM,roc,0.0,0.734070237819175
E9/B/LSTM,roc,0.0,0.7354615959392956
E9/B/LSTM,roc,0.0,0.7365179974749426
E9/B/LSTM,roc,0.0,0.7377547602483832
E9/B/LSTM,roc,0.0,0.7389657571307103
E9/B/LSTM,roc,0.0,0.7401767540130375
E9/B/LSTM,roc,0.0,0.7416196439153848
E9/B/LSTM,roc,0.0,0.7431913632732988
E9/B/LSTM,roc,0.0,0.7445054237200793
E9/B/LSTM,roc,0.0,0.74581948416686
E9/B/LSTM,roc,0.0,0.7474427353070006
E9/B/LSTM,roc,0.0,0.7489371569915746
E9/B/LSTM,roc,0.0,0.7504831104583752
E9/B/LSTM,roc,0.0,0.751513746102909
E9/B/LSTM,roc,0.0,0.7529566360052562
E9/B/LSTM,roc,0.0,0.7546056530365103
E9/B/LSTM,roc,0.0,0.7557393522454974
E9/B/LSTM,roc,0.0,0.7572595398211848
E9/B/LSTM,roc,0.0,0.7588054932879854
E9/B/LSTM,roc,0.0,0.7602483831903326
E9/B/LSTM,roc,0.0,0.7616139754193398
E9/B/LSTM,roc,0.0,0.7633918219061606
E9/B/LSTM,roc,0.0,0.7646028187884878
E9/B/LSTM,roc,0.0,0.7660457086908351
E9/B/LSTM,roc,0.0,0.7676174280487491
E9/B/LSTM,roc,0.0,0.7692922109711164
E9/B/LSTM,roc,0.0,0.770683569091237
E9/B/LSTM,roc,0.0,0.7723583520136044
E9/B/LSTM,roc,0.0,0.7734920512225916
E9/B/LSTM,roc,0.0,0.774496920976012
E9/B/LSTM,roc,0.0,0.7759140449872459
E9/B/LSTM,roc,0.0,0.7771250418695731
E9/B/LSTM,roc,0.0,0.7785421658808069
E9/B/LSTM,roc,0.0,0.7795470356342274
E9/B/LSTM,roc,0.0,0.780938393754348
E9/B/LSTM,roc,0.0,0.7821493906366752
E9/B/LSTM,roc,0.0,0.7836180464301358
E9/B/LSTM,roc,0.0,0.7850609363324831
E9/B/LSTM,roc,0.0,0.7866326556903971
E9/B/LSTM,roc,0.0,0.7881528432660844
E9/B/LSTM,roc,0.0,0.7890804153461648
E9/B/LSTM,roc,0.0,0.7902398804462653
E9/B/LSTM,roc,0.0,0.7916570044574992
E9/B/LSTM,roc,0.0,0.7930483625776198
E9/B/LSTM,roc,0.0,0.794645847826647
E9/B/LSTM,roc,0.0,0.7962433330756744
E9/B/LSTM,roc,0.0,0.7981500090180619
E9/B/LSTM,roc,0.0,0.7998247919404292
E9/B/LSTM,roc,0.0,0.8013965112983432
E9/B/LSTM,roc,0.0,0.8025302105073304
E9/B/LSTM,roc,0.0,0.8043853546674912
E9/B/LSTM,roc,0.0,0.8059055422431785
E9/B/LSTM,roc,0.0,0.8074772616010925
E9/B/LSTM,roc,0.0,0.8093581716523666
E9/B/LSTM,roc,0.0,0.8110844863569606
E9/B/LSTM,roc,0.0,0.8129653964082347
E9/B/LSTM,roc,0.0,0.8141763932905619
E9/B/LSTM,roc,0.0,0.8155935173017959
E9/B/LSTM,roc,0.0,0.8169591095308031
E9/B/LSTM,roc,0.0,0.819123444384324
E9/B/LSTM,roc,0.0,0.8205148025044446
E9/B/LSTM,roc,0.0,0.8222153513179253
E9/B/LSTM,roc,0.0,0.8237355388936126
E9/B/LSTM,roc,0.0,0.8252041946870733
E9/B/LSTM,roc,0.0,0.8275231248872742
E9/B/LSTM,roc,0.0,0.8289144830073948
E9/B/LSTM,roc,0.0,0.8312849449898225
E9/B/LSTM,roc,0.0,0.8330112596944166
E9/B/LSTM,roc,0.0,0.8347633402901239
E9/B/LSTM,roc,0.0,0.8367730797969648
E9/B/LSTM,roc,0.0,0.8384736286104455
E9/B/LSTM,roc,0.0,0.8401484115328128
E9/B/LSTM,roc,0.0,0.8415140037618201
E9/B/LSTM,roc,0.0,0.8433433820308676
E9/B/LSTM,roc,0.0,0.8453531215377084
E9/B/LSTM,roc,0.0,0.8473886269356625
E9/B/LSTM,roc,0.0,0.84944989822473
E9/B/LSTM,roc,0.0,0.8511504470382109
E9/B/LSTM,roc,0.0,0.8533147818917317
E9/B/LSTM,roc,0.0,0.855582180309706
E9/B/LSTM,roc,0.0,0.8568962407564865
E9/B/LSTM,roc,0.0,0.8586998531344207
E9/B/LSTM,roc,0.0,0.8608641879879415
E9/B/LSTM,roc,0.0,0.8631573522970292
E9/B/LSTM,roc,0.0,0.8663007910128572
E9/B/LSTM,roc,0.0,0.8686970188863982
E9/B/LSTM,roc,0.0,0.8702172064620854
E9/B/LSTM,roc,0.0,0.8718662234933395
E9/B/LSTM,roc,0.0,0.8737471335446136
E9/B/LSTM,roc,0.0,0.8764267862204015
E9/B/LSTM,roc,0.0,0.8789260776583958
E9/B/LSTM,roc,0.0,0.8807039241452166
E9/B/LSTM,roc,0.0,0.8847491690500116
E9/B/LSTM,roc,0.0,0.8875834170724795
E9/B/LSTM,roc,0.0,0.8902115379660406
E9/B/LSTM,roc,0.0,0.8933292107907552
E9/B/LSTM,roc,0.0,0.8952358867331427
E9/B/LSTM,roc,0.0,0.8979155394089304
E9/B/LSTM,roc,0.0,0.9017288912937054
E9/B/LSTM,roc,0.0,0.9056195408518204
E9/B/LSTM,roc,0.0,0.911880652392363
E9/B/LSTM,roc,0.0,0.9155136430393446
E9/B/LSTM,roc,0.0,0.9185282522996058
E9/B/LSTM,roc,0.0,0.9242998119089949
E9/B/LSTM,roc,0.0,0.9275463141892762
E9/B/LSTM,roc,0.0,0.9319007497874314
E9/B/LSTM,roc,0.0,0.9371312256834403
E9/B/LSTM,roc,0.0,0.9434438690062096
E9/B/LSTM,roc,0.0,0.9520239107469531
E9/B/LSTM,roc,0.0,0.9903893226147227
E9/B/LSTM,roc,0.02129471890971039,0.9936615907861174
E9/B/LSTM,roc,0.039182282793867124,0.9940223132617042
E9/B/LSTM,roc,0.06643952299829642,0.9942799721728376
E9/B/LSTM,roc,0.1030664395229983,0.9946149287573111
E9/B/LSTM,roc,0.19761499148211242,0.9948725876684446
E9/B/LSTM,roc,0.27512776831345825,0.9951560124706913
E9/B/LSTM,roc,0.3679727427597956,0.9954136713818248
E9/B/LSTM,roc,0.5025553662691652,0.9956713302929582
E9/B/LSTM,roc,0.5672913117546848,0.9959805209863183
E9/B/LSTM,roc,0.5971039182282794,0.9962639457885651
E9/B/LSTM,roc,0.6950596252129472,0.9965989023730386
E9/B/LSTM,roc,0.7197614991482112,0.9969596248486254
E9/B/LSTM,roc,0.7717206132879046,0.9973203473242122
E9/B/LSTM,roc,0.7887563884156729,0.9977583674731391
E9/B/LSTM,roc,0.8160136286201022,0.9983767488598593
E9/B/LSTM,roc,0.838160136286201,0.9988147690087862
E9/B/LSTM,roc,0.854344122657581,0.9993816186132798
E9/B/LSTM,roc,0.9565587734241908,0.9997165751977533
E9/B/LSTM,roc,1.0,1.0
E9/B/LSTM,pr,0.0,1.0
E9/B/LSTM,pr,0.0012109968823271753,1.0
E9/B/LSTM,pr,0.002628120893561104,1.0
E9/B/LSTM,pr,0.0045347968359485714,1.0
E9/B/LSTM,pr,0.006544536342789415,1.0
E9/B/LSTM,pr,0.008631573522970292,1.0
E9/B/LSTM,pr,0.011208162634304707,1.0
E9/B/LSTM,pr,0.013836283527865811,1.0
E9/B/LSTM,pr,0.016593233876993636,1.0
E9/B/LSTM,pr,0.01929865244389477,1.0
E9/B/LSTM,pr,0.02308623843755636,1.0
E9/B/LSTM,pr,0.026848058540104608,1.0
E9/B/LSTM,pr,0.03164051428718662,1.0
E9/B/LSTM,pr,0.03730901033212233,1.0
E9/B/LSTM,pr,0.04346705830821159,1.0
E9/B/LSTM,pr,0.05052691247326789,1.0
E9/B/LSTM,pr,0.057638298420550876,1.0
E9/B/LSTM,pr,0.06616680837906778,1.0
E9/B/LSTM,pr,0.07621550591327202,1.0
E9/B/LSTM,pr,0.08729483909201,1.0
E9/B/LSTM,pr,0.09837417227074799,1.0
E9/B/LSTM,pr,0.11110252248074,1.0
E9/B/LSTM,pr,0.12437195640411224,1.0
E9/B/LSTM,pr,0.13686841359408417,1.0
E9/B/LSTM,pr,0.1512457808353302,1.0
E9/B/LSTM,pr,0.1651335961454227,1.0
E9/B/LSTM,pr,0.17817113704877482,1.0
E9/B/LSTM,pr,0.19252273839890752,1.0
E9/B/LSTM,pr,0.2054572157378063,1.0
E9/B/LSTM,pr,0.21787637525443818,1.0
E9/B/LSTM,pr,0.23207338125789082,1.0
E9/B/LSTM,pr,0.24570353765684985,1.0
E9/B/LSTM,pr,0.2577619746978949,1.0
E9/B/LSTM,pr,0.2705160907990003,1.0
E9/B/LSTM,pr,0.2819819123444384,1.0
E9/B/LSTM,pr,0.29411764705882354,1.0
E9/B/LSTM,pr,0.30486202365308807,1.0
E9/B/LSTM,pr,0.31501378475174563,1.0
E9/B/LSTM,pr,0.32470175981036303,1.0
E9/B/LSTM,pr,0.33516271160238076,1.0
E9/B/LSTM,pr,0.34495375022545155,1.0
E9/B/LSTM,pr,0.3535080260750818,1.0
E9/B/LSTM,pr,0.36296410811367913,1.0
E9/B/LSTM,pr,0.3715956816366494,1.0
E9/B/LSTM,pr,0.38014995748627967,1.0
E9/B/LSTM,pr,0.3881631496225297,1.0
E9/B/LSTM,pr,0.3971039138388601,1.0
E9/B/LSTM,pr,0.4052717013217902,1.0
E9/B/LSTM,pr,0.41387750895364717,1.0
E9/B/LSTM,pr,0.42093736311870344,1.0
E9/B/LSTM,pr,0.42745613357037954,1.0
E9/B/LSTM,pr,0.4342067970420757,1.0
E9/B/LSTM,pr,0.44028754734482495,1.0
E9/B/LSTM,pr,0.44636829764757413,1.0
E9/B/LSTM,pr,0.45234598438587,1.0
E9/B/LSTM,pr,0.45798871453969237,1.0
E9/B/LSTM,pr,0.4632707222179279,1.0
E9/B/LSTM,pr,0.4682435392028033,1.0
E9/B/LSTM,pr,0.4731132926232254,1.0
E9/B/LSTM,pr,0.47769962124140064,1.0
E9/B/LSTM,pr,0.48233748164180257,1.0
E9/B/LSTM,pr,0.487233000953338,1.0
E9/B/LSTM,pr,0.4921800520471,1.0
E9/B/LSTM,pr,0.4968436783386153,1.0
E9/B/LSTM,pr,0.501533070521244,1.0
E9/B/LSTM,pr,0.5060163355749658,1.0
E9/B/LSTM,pr,0.5098296874597408,1.0
E9/B/LSTM,pr,0.5137461029089692,1.0
E9/B/LSTM,pr,0.5179717090515575,1.0
E9/B/LSTM,pr,0.5218623586096726,1.0
E9/B/LSTM,pr,0.5257014763855608,1.0
E9/B/LSTM,pr,0.5296694236170157,1.0
E9/B/LSTM,pr,0.5331220530262039,1.0
E9/B/LSTM,pr,0.5361881940686919,1.0
E9/B/LSTM,pr,0.5396923552601066,1.0
E9/B/LSTM,pr,0.543454175362655,1.0
E9/B/LSTM,pr,0.5470098683362964,1.0
E9/B/LSTM,pr,0.5500502434876711,1.0
E9/B/LSTM,pr,0.5538893612635593,1.0
E9/B/LSTM,pr,0.5571358635438407,1.0
E9/B/LSTM,pr,0.5599185797840819,1.0
E9/B/LSTM,pr,0.5630620184999098,1.0
E9/B/LSTM,pr,0.5662054572157378,1.0
E9/B/LSTM,pr,0.5688078122181855,1.0
E9/B/LSTM,pr,0.5717193579139934,1.0
E9/B/LSTM,pr,0.5741671175697611,1.0
E9/B/LSTM,pr,0.5765118136610755,1.0
E9/B/LSTM,pr,0.5791914663368632,1.0
E9/B/LSTM,pr,0.5817422895570843,1.0
E9/B/LSTM,pr,0.584035453866172,1.0
E9/B/LSTM,pr,0.5864316817397129,1.0
E9/B/LSTM,pr,0.5890340367421607,1.0
E9/B/LSTM,pr,0.5913272010512484,1.0
E9/B/LSTM,pr,0.5933884723403159,1.0
E9/B/LSTM,pr,0.5957847002138569,1.0
E9/B/LSTM,pr,0.5982839916518513,1.0
E9/B/LSTM,pr,0.6006544536342789,1.0
E9/B/LSTM,pr,0.6030506815078199,1.0
E9/B/LSTM,pr,0.6051377186880008,1.0
E9/B/LSTM,pr,0.6072505217592951,1.0
E9/B/LSTM,pr,0.6097755790884027,1.0
E9/B/LSTM,pr,0.6120687433974904,1.0
E9/B/LSTM,pr,0.6140784829043312,1.0
E9/B/LSTM,pr,0.6160882224111721,1.0
E9/B/LSTM,pr,0.6182267913735796,1.0
E9/B/LSTM,pr,0.620648785138234,1.0
E9/B/LSTM,pr,0.6226585246450749,1.0
E9/B/LSTM,pr,0.6245652005874623,1.0
E9/B/LSTM,pr,0.6266264718765299,1.0
E9/B/LSTM,pr,0.6289454020767308,1.0
E9/B/LSTM,pr,0.630980907474685,1.0
E9/B/LSTM,pr,0.6329133493081858,1.0
E9/B/LSTM,pr,0.6349746205972534,1.0
E9/B/LSTM,pr,0.637190487233001,1.0
E9/B/LSTM,pr,0.6391744608487284,1.0
E9/B/LSTM,pr,0.6412872639200227,1.0
E9/B/LSTM,pr,0.6430908762979568,1.0
E9/B/LSTM,pr,0.6449202545670042,1.0
E9/B/LSTM,pr,0.6471876529849785,1.0
E9/B/LSTM,pr,0.6491716266007059,1.0
E9/B/LSTM,pr,0.6513359614542269,1.0
E9/B/LSTM,pr,0.6534487645255211,1.0
E9/B/LSTM,pr,0.6553039086856819,1.0
E9/B/LSTM,pr,0.6573136481925227,1.0
E9/B/LSTM,pr,0.6590141970060035,1.0
E9/B/LSTM,pr,0.6610239365128443,1.0
E9/B/LSTM,pr,0.6630594419107985,1.0
E9/B/LSTM,pr,0.6648115225065059,1.0
E9/B/LSTM,pr,0.6667697302311201,1.0
E9/B/LSTM,pr,0.6686506402823942,1.0
E9/B/LSTM,pr,0.6704542526603282,1.0
E9/B/LSTM,pr,0.6720259720182422,1.0
E9/B/LSTM,pr,0.6741387750895365,1.0
E9/B/LSTM,pr,0.676200046378604,1.0
E9/B/LSTM,pr,0.6777975316276313,1.0
E9/B/LSTM,pr,0.6795753781144521,1.0
E9/B/LSTM,pr,0.6812243951457061,1.0
E9/B/LSTM,pr,0.6828991780680734,1.0
E9/B/LSTM,pr,0.6848058540104609,1.0
E9/B/LSTM,pr,0.6865064028239417,1.0
E9/B/LSTM,pr,0.6883615469841025,1.0
E9/B/LSTM,pr,0.689830202777563,1.0
E9/B/LSTM,pr,0.6914534539177037,1.0
E9/B/LSTM,pr,0.6932570662956379,1.0
E9/B/LSTM,pr,0.6948803174357785,1.0
E9/B/LSTM,pr,0.6967354615959392,1.0
E9/B/LSTM,pr,0.6985648398649867,1.0
E9/B/LSTM,pr,0.7006518770451676,1.0
E9/B/LSTM,pr,0.7022751281853082,1.0
E9/B/LSTM,pr,0.704052974672129,1.0
E9/B/LSTM,pr,0.7061142459611965,1.0
E9/B/LSTM,pr,0.7079178583391307,1.0
E9/B/LSTM,pr,0.7097987683904048,1.0
E9/B/LSTM,pr,0.7116023807683389,1.0
E9/B/LSTM,pr,0.7132771636907063,1.0
E9/B/LSTM,pr,0.7150034783953003,1.0
E9/B/LSTM,pr,0.7165751977532143,1.0
E9/B/LSTM,pr,0.7181984488933549,1.0
E9/B/LSTM,pr,0.7199505294890624,1.0
E9/B/LSTM,pr,0.7216253124114298,1.0
E9/B/LSTM,pr,0.7234804565715905,1.0
E9/B/LSTM,pr,0.725232537167298,1.0
E9/B/LSTM,pr,0.726958851871892,1.0
E9/B/LSTM,pr,0.7286594006853727,1.0
E9/B/LSTM,pr,0.7304887789544201,1.0
E9/B/LSTM,pr,0.7322923913323542,1.0
E9/B/LSTM,pr,0.734070237819175,1.0
E9/B/LSTM,pr,0.7358223184148823,1.0
E9/B/LSTM,pr,0.7377032284661565,1.0
E9/B/LSTM,pr,0.7394295431707506,1.0
E9/B/LSTM,pr,0.7411300919842313,1.0
E9/B/LSTM,pr,0.7427275772332587,1.0
E9/B/LSTM,pr,0.7442219989178326,1.0
E9/B/LSTM,pr,0.7462575043157867,1.0
E9/B/LSTM,pr,0.7476488624359073,1.0
E9/B/LSTM,pr,0.7492205817938213,1.0
E9/B/LSTM,pr,0.7509984282806421,1.0
E9/B/LSTM,pr,0.7527505088763495,1.0
E9/B/LSTM,pr,0.7546829507098503,1.0
E9/B/LSTM,pr,0.7564092654144443,1.0
E9/B/LSTM,pr,0.7578521553167916,1.0
E9/B/LSTM,pr,0.7593723428924789,1.0
E9/B/LSTM,pr,0.7611501893792997,1.0
E9/B/LSTM,pr,0.7626446110638736,1.0
E9/B/LSTM,pr,0.7641132668573343,1.0
E9/B/LSTM,pr,0.7656076885419082,1.0
E9/B/LSTM,pr,0.7670248125531421,1.0
E9/B/LSTM,pr,0.7687253613666228,1.0
E9/B/LSTM,pr,0.7704259101801035,1.0
E9/B/LSTM,pr,0.7719203318646776,1.0
E9/B/LSTM,pr,0.7736208806781583,1.0
E9/B/LSTM,pr,0.7751410682538455,1.0
E9/B/LSTM,pr,0.7768158511762129,1.0
E9/B/LSTM,pr,0.7784391023163536,1.0
E9/B/LSTM,pr,0.7799592898920409,1.0
E9/B/LSTM,pr,0.7814794774677282,1.0
E9/B/LSTM,pr,0.7831542603900956,1.0
E9/B/LSTM,pr,0.7845713844013296,1.0
E9/B/LSTM,pr,0.7860400401947901,1.0
E9/B/LSTM,pr,0.7875602277704774,1.0
E9/B/LSTM,pr,0.7891577130195048,1.0
E9/B/LSTM,pr,0.7907294323774188,1.0
E9/B/LSTM,pr,0.7922753858442194,1.0
E9/B/LSTM,pr,0.7938728710932468,1.0
E9/B/LSTM,pr,0.7954188245600474,1.0
E9/B/LSTM,pr,0.7969390121357347,1.0
E9/B/LSTM,pr,0.7985364973847621,1.0
E9/B/LSTM,pr,0.799953621395996,1.0
E9/B/LSTM,pr,0.8014738089716833,1.0
E9/B/LSTM,pr,0.8029682306562572,1.0
E9/B/LSTM,pr,0.8044368864497179,1.0
E9/B/LSTM,pr,0.8058797763520651,1.0
E9/B/LSTM,pr,0.8074772616010925,1.0
E9/B/LSTM,pr,0.8089201515034398,1.0
E9/B/LSTM,pr,0.8104145731880137,1.0
E9/B/LSTM,pr,0.8118316971992476,1.0
E9/B/LSTM,pr,0.8132488212104816,1.0
E9/B/LSTM,pr,0.8146917111128288,1.0
E9/B/LSTM,pr,0.8161088351240627,1.0
E9/B/LSTM,pr,0.81747442735307,1.0
E9/B/LSTM,pr,0.8187627219087372,1.0
E9/B/LSTM,pr,0.8202829094844245,1.0
E9/B/LSTM,pr,0.8217257993867718,1.0
E9/B/LSTM,pr,0.8230656257246657,1.0
E9/B/LSTM,pr,0.824508515627013,1.0
E9/B/LSTM,pr,0.8257968101826801,1.0
E9/B/LSTM,pr,0.826982041173894,1.0
E9/B/LSTM,pr,0.8285022287495813,1.0
E9/B/LSTM,pr,0.8298162891963619,1.0
E9/B/LSTM,pr,0.8311561155342557,1.0
E9/B/LSTM,pr,0.8325474736543763,1.0
E9/B/LSTM,pr,0.8338100023189302,1.0
E9/B/LSTM,pr,0.8351755945479374,1.0
E9/B/LSTM,pr,0.8366184844502847,1.0
E9/B/LSTM,pr,0.8379067790059519,1.0
E9/B/LSTM,pr,0.8392208394527325,1.0
E9/B/LSTM,pr,0.8406121975728531,1.0
E9/B/LSTM,pr,0.842106619257427,1.0
E9/B/LSTM,pr,0.8434979773775476,1.0
E9/B/LSTM,pr,0.8447347401509882,1.0
E9/B/LSTM,pr,0.8461003323799954,1.0
E9/B/LSTM,pr,0.8474659246090026,1.0
E9/B/LSTM,pr,0.8487026873824431,1.0
E9/B/LSTM,pr,0.8500682796114504,1.0
E9/B/LSTM,pr,0.8513823400582309,1.0
E9/B/LSTM,pr,0.8526448687227848,1.0
E9/B/LSTM,pr,0.8540362268429054,1.0
E9/B/LSTM,pr,0.8554018190719126,1.0
E9/B/LSTM,pr,0.8568962407564865,1.0
E9/B/LSTM,pr,0.8581587694210404,1.0
E9/B/LSTM,pr,0.8596531911056143,1.0
E9/B/LSTM,pr,0.8610187833346217,1.0
E9/B/LSTM,pr,0.8623328437814022,1.0
E9/B/LSTM,pr,0.8635696065548427,1.0
E9/B/LSTM,pr,0.8647806034371699,1.0
E9/B/LSTM,pr,0.8659658344283837,1.0
E9/B/LSTM,pr,0.8672283630929376,1.0
E9/B/LSTM,pr,0.8684135940841514,1.0
E9/B/LSTM,pr,0.8697534204220453,1.0
E9/B/LSTM,pr,0.8709901831954858,1.0
E9/B/LSTM,pr,0.8724330730978331,1.0
E9/B/LSTM,pr,0.8736698358712736,1.0
E9/B/LSTM,pr,0.8749065986447141,1.0
E9/B/LSTM,pr,0.876169127309268,1.0
E9/B/LSTM,pr,0.8774058900827085,1.0
E9/B/LSTM,pr,0.8786684187472624,1.0
E9/B/LSTM,pr,0.8799051815207029,1.0
E9/B/LSTM,pr,0.8812192419674835,1.0
E9/B/LSTM,pr,0.8823271752853572,1.0
E9/B/LSTM,pr,0.8834866403854578,1.0
E9/B/LSTM,pr,0.8846976372677849,1.0
E9/B/LSTM,pr,0.8859859318234521,1.0
E9/B/LSTM,pr,0.8871711628146659,1.0
E9/B/LSTM,pr,0.8884079255881064,1.0
E9/B/LSTM,pr,0.8896962201437737,1.0
E9/B/LSTM,pr,0.8908814511349875,1.0
E9/B/LSTM,pr,0.8920666821262013,1.0
E9/B/LSTM,pr,0.8933807425729818,1.0
E9/B/LSTM,pr,0.8946175053464224,1.0
E9/B/LSTM,pr,0.8958542681198629,1.0
E9/B/LSTM,pr,0.8970394991110767,1.0
E9/B/LSTM,pr,0.8982762618845173,1.0
E9/B/LSTM,pr,0.8994872587668444,1.0
E9/B/LSTM,pr,0.9006209579758316,1.0
E9/B/LSTM,pr,0.9018319548581588,1.0
E9/B/LSTM,pr,0.9030171858493726,1.0
E9/B/LSTM,pr,0.9041508850583597,1.0
E9/B/LSTM,pr,0.9052845842673469,1.0
E9/B/LSTM,pr,0.9064955811496741,1.0
E9/B/LSTM,pr,0.9076550462497746,1.0
E9/B/LSTM,pr,0.9087887454587616,1.0
E9/B/LSTM,pr,0.9098966787766355,1.0
E9/B/LSTM,pr,0.9110046120945093,1.0
E9/B/LSTM,pr,0.9121898430857232,1.0
E9/B/LSTM,pr,0.9132977764035969,1.0
E9/B/LSTM,pr,0.9145603050681508,1.0
E9/B/LSTM,pr,0.9157197701682512,1.0
E9/B/LSTM,pr,0.9168792352683518,1.0
E9/B/LSTM,pr,0.9180644662595656,1.0
E9/B/LSTM,pr,0.9192754631418928,1.0
E9/B/LSTM,pr,0.9203833964597665,1.0
E9/B/LSTM,pr,0.9215428615598671,1.0
E9/B/LSTM,pr,0.9226250289866275,1.0
E9/B/LSTM,pr,0.9237587281956147,1.0
E9/B/LSTM,pr,0.9250212568601686,1.0
E9/B/LSTM,pr,0.9262322537424957,1.0
E9/B/LSTM,pr,0.9273917188425962,1.0
E9/B/LSTM,pr,0.9286027157249234,1.0
E9/B/LSTM,pr,0.9297106490427971,1.0
E9/B/LSTM,pr,0.9308701141428977,1.0
E9/B/LSTM,pr,0.9320295792429981,1.0
E9/B/LSTM,pr,0.933137512560872,1.0
E9/B/LSTM,pr,0.9342969776609724,1.0
E9/B/LSTM,pr,0.9354306768699595,1.0
E9/B/LSTM,pr,0.9366159078611733,1.0
E9/B/LSTM,pr,0.9377496070701605,1.0
E9/B/LSTM,pr,0.9388833062791476,1.0
E9/B/LSTM,pr,0.9400170054881348,1.0
E9/B/LSTM,pr,0.9411249388060086,1.0
E9/B/LSTM,pr,0.9422328721238824,1.0
E9/B/LSTM,pr,0.9434438690062096,1.0
E9/B/LSTM,pr,0.9445775682151967,1.0
E9/B/LSTM,pr,0.9458143309886372,1.0
E9/B/LSTM,pr,0.9468964984153977,1.0
E9/B/LSTM,pr,0.9479786658421582,1.0
E9/B/LSTM,pr,0.9491123650511453,1.0
E9/B/LSTM,pr,0.9502460642601325,1.0
E9/B/LSTM,pr,0.9513282316868928,1.0
E9/B/LSTM,pr,0.95246193089588,1.0
E9/B/LSTM,pr,0.9535698642137538,1.0
E9/B/LSTM,pr,0.9546777975316276,1.0
E9/B/LSTM,pr,0.9557857308495015,1.0
E9/B/LSTM,pr,0.9568678982762618,1.0
E9/B/LSTM,pr,0.9580273633763624,1.0
E9/B/LSTM,pr,0.9591610625853495,1.0
E9/B/LSTM,pr,0.96024323001211,1.0
E9/B/LSTM,pr,0.9613511633299837,1.0
E9/B/LSTM,pr,0.9624333307567442,1.0
E9/B/LSTM,pr,0.9635670299657314,1.0
E9/B/LSTM,pr,0.9646491973924918,1.0
E9/B/LSTM,pr,0.965782896601479,1.0
E9/B/LSTM,pr,0.9668908299193527,1.0
E9/B/LSTM,pr,0.9679729973461132,1.0
E9/B/LSTM,pr,0.9690551647728737,1.0
E9/B/LSTM,pr,0.9701630980907475,1.0
E9/B/LSTM,pr,0.9712452655175079,1.0
E9/B/LSTM,pr,0.9723531988353817,1.0
E9/B/LSTM,pr,0.9734353662621422,1.0
E9/B/LSTM,pr,0.9745175336889026,1.0
E9/B/LSTM,pr,0.9756254670067764,1.0
E9/B/LSTM,pr,0.9767076344335369,1.0
E9/B/LSTM,pr,0.9777898018602973,1.0
E9/B/LSTM,pr,0.9788977351781711,1.0
E9/B/LSTM,pr,0.9799799026049316,1.0
E9/B/LSTM,pr,0.9810878359228054,1.0
E9/B/LSTM,pr,0.9821700033495658,1.0
E9/B/LSTM,pr,0.9832521707763263,1.0
E9/B/LSTM,pr,0.9843601040942,1.0
E9/B/LSTM,pr,0.9854422715209605,1.0
E9/B/LSTM,pr,0.986524438947721,1.0
E9/B/LSTM,pr,0.9876323722655949,1.0
E9/B/LSTM,pr,0.9887145396923552,1.0
E9/B/LSTM,pr,0.9898224730102291,1.0
E9/B/LSTM,pr,0.9909304063281028,1.0
E9/B/LSTM,pr,0.9920125737548633,1.0
E9/B/LSTM,pr,0.9931205070727371,1.0
E9/B/LSTM,pr,0.993635824895004,0.9994298450215104
E9/B/LSTM,pr,0.9940480791528175,0.9987573780677229
E9/B/LSTM,pr,0.9943315039550643,0.9979312663236016
E9/B/LSTM,pr,0.9945633969750843,0.9970810838736341
E9/B/LSTM,pr,0.9947179923217645,0.9961296315409227
E9/B/LSTM,pr,0.9947695241039911,0.9951028403525954
E9/B/LSTM,pr,0.9948468217773312,0.9941040164778578
E9/B/LSTM,pr,0.9949756512328979,0.9931332458915207
E9/B/LSTM,pr,0.9951302465795779,0.9922157996146436
E9/B/LSTM,pr,0.9952333101440314,0.9912490055688147
E9/B/LSTM,pr,0.9952333101440314,0.990156370161497
E9/B/LSTM,pr,0.9953363737084847,0.9891938953190618
E9/B/LSTM,pr,0.9954136713818248,0.9881826320501342
E9/B/LSTM,pr,0.9955167349462781,0.9872243656897565
E9/B/LSTM,pr,0.9955682667285048,0.9862171061027591
E9/B/LSTM,pr,0.9956713302929582,0.985237876701851
E9/B/LSTM,pr,0.9958001597485249,0.9843113284433578
E9/B/LSTM,pr,0.9959547550952049,0.9834122016994861
E9/B/LSTM,pr,0.9961351163329983,0.9825154387659153
E9/B/LSTM,pr,0.9963154775707918,0.981645553552842
E9/B/LSTM,pr,0.9963927752441318,0.9806512146878328
E9/B/LSTM,pr,0.9965731364819252,0.9797851859357585
E9/B/LSTM,pr,0.9967534977197187,0.9789209980262159
E9/B/LSTM,pr,0.9970369225219654,0.9781350319759359
E9/B/LSTM,pr,0.9971915178686455,0.9772491982930586
E9/B/LSTM,pr,0.9977068356909123,0.9767183755833018
E9/B/LSTM,pr,0.9981963876220659,0.9761388832896594
E9/B/LSTM,pr,0.9986601736621061,0.9755600302038762
E9/B/LSTM,pr,0.9991239597021463,0.9749578860030674
E9/B/LSTM,pr,0.9996135116332998,0.9744066306668341
E9/B/LSTM,pr,0.9996908093066399,0.9734551019896128
E9/B/LSTM,pr,0.9996908093066399,0.9724060150375939
E9/B/LSTM,pr,0.9998969364355467,0.9715837965049322
E9/B/LSTM,pr,1.0,0.970638989621108
E9/B/Transformer,roc,0.0,0.0
E9/B/Transformer,roc,0.0,0.0011336992089871429
E9/B/Transformer,roc,0.0,0.0020870371801808766
E9/B/Transformer,roc,0.0,0.0035299270825281492
E9/B/Transformer,roc,0.0,0.004380201489268506
E9/B/Transformer,roc,0.0,0.0055654324804823374
E9/B/Transformer,roc,0.0,0.0071886836206230195
E9/B/Transformer,roc,0.0,0.009533379711937337
E9/B/Transformer,roc,0.0,0.012547988972198604
E9/B/Transformer,roc,0.0,0.0167478292236737
E9/B/Transformer,roc,0.0,0.020355053979541883
E9/B/Transformer,roc,0.0,0.023781917497616656
E9/B/Transformer,roc,0.0,0.02803328953131844
E9/B/Transformer,roc,0.0,0.033134935971760586
E9/B/Transformer,roc,0.0,0.03821081652108938
E9/B/Transformer,roc,0.0,0.04313210172373812
E9/B/Transformer,roc,0.0,0.04733194197521321
E9/B/Transformer,roc,0.0,0.05323233104016902
E9/B/Transformer,roc,0.0,0.058437041045064544
E9/B/Transformer,roc,0.0,0.06346138981216666
E9/B/Transformer,roc,0.0,0.06822807966813532
E9/B/Transformer,roc,0.0,0.07392234160418439
E9/B/Transformer,roc,0.0,0.07920434928241993
E9/B/Transformer,roc,0.0,0.08482131354512897
E9/B/Transformer,roc,0.0,0.0895107057277576
E9/B/Transformer,roc,0.0,0.0951792017726933
E9/B/Transformer,roc,0.0,0.10004895519311535
E9/B/Transformer,roc,0.0,0.10520213341578419
E9/B/Transformer,roc,0.0,0.11069026822292649
E9/B/Transformer,roc,0.0,0.1168225503079024
E9/B/Transformer,roc,0.0,0.12220762155059132
E9/B/Transformer,roc,0.0,0.12857179665558732
E9/B/Transformer,roc,0.0,0.1346783128494499
E9/B/Transformer,roc,0.0,0.1410424879544459
E9/B/Transformer,roc,0.0,0.14609260261266135
E9/B/Transformer,roc,0.0,0.15255984128211075
E9/B/Transformer,roc,0.0,0.15804797608925306
E9/B/Transformer,roc,0.0,0.16363917446084872
E9/B/Transformer,roc,0.0,0.16959109530803124
E9/B/Transformer,roc,0.0,0.17443508283733994
E9/B/Transformer,roc,0.0,0.17984591997114222
E9/B/Transformer,roc,0.0,0.18548865012496457
E9/B/Transformer,roc,0.0,0.189714256267553
E9/B/Transformer,roc,0.0,0.19574347478807555
E9/B/Transformer,roc,0.0,0.20040710107959084
E9/B/Transformer,roc,0.0,0.2055345134111463
E9/B/Transformer,roc,0.0,0.2107134575249285
E9/B/Transformer,roc,0.0,0.2153770838164438
E9/B/Transformer,roc,0.0,0.22006647599907242
E9/B/Transformer,roc,0.0,0.22393135966607405
E9/B/Transformer,roc,0.0,0.22941949447321636
E9/B/Transformer,roc,0.0,0.23372239828914482
E9/B/Transformer,roc,0.0,0.23805106799618664
E9/B/Transformer,roc,0.0,0.24191595166318827
E9/B/Transformer,roc,0.0,0.24704336399474375
E9/B/Transformer,roc,0.0,0.2519646491973925
E9/B/Transformer,roc,0.0,0.25582953286439414
E9/B/Transformer,roc,0.0,0.2598490118780758
E9/B/Transformer,roc,0.0,0.26471876529849786
E9/B/Transformer,roc,0.0,0.2687124784210662
E9/B/Transformer,roc,0.0,0.27306691401922134
E9/B/Transformer,roc,0.0,0.2766483728839762
E9/B/Transformer,roc,0.0,0.2805132565509778
E9/B/Transformer,roc,0.0,0.28383705650459923
E9/B/Transformer,roc,0.0,0.28757311071603414
E9/B/Transformer,roc,0.0,0.29097420834299553
E9/B/Transformer,roc,0.0,0.2946329648810904
E9/B/Transformer,roc,0.0,0.2982401896369586
E9/B/Transformer,roc,0.0,0.3027749864729072
E9/B/Transformer,roc,0.0,0.3070005926154956
E9/B/Transformer,roc,0.0,0.3113034964314241
E9/B/Transformer,roc,0.0,0.31454999871170547
E9/B/Transformer,roc,0.0,0.31885290252763393
E9/B/Transformer,roc,0.0,0.3226920203035222
E9/B/Transformer,roc,0.0,0.32640230862384373
E9/B/Transformer,roc,0.0,0.32995800159748523
E9/B/Transformer,roc,0.0,0.3343639689778671
E9/B/Transformer,roc,0.0,0.33902759526938236
E9/B/Transformer,roc,0.0,0.34291824482749733
E9/B/Transformer,roc,0.0,0.3475561052278993
E9/B/Transformer,roc,0.0,0.3518074772616011
E9/B/Transformer,roc,0.0,0.3565999330086831
E9/B/Transformer,roc,0.0,0.3608513050423849
E9/B/Transformer,roc,0.0,0.36533457009610676
E9/B/Transformer,roc,0.0,0.3691994537631084
E9/B/Transformer,roc,0.0,0.37430110020355056
E9/B/Transformer,roc,0.0,0.380098425704053
E9/B/Transformer,roc,0.0,0.3842725000644147
E9/B/Transformer,roc,0.0,0.3890391899203834
E9/B/Transformer,roc,0.0,0.39419236814305225
E9/B/Transformer,roc,0.0,0.3983922083945273
E9/B/Transformer,roc,0.0,0.403158898250496
E9/B/Transformer,roc,0.0,0.40787405632423795
E9/B/Transformer,roc,0.0,0.4119708330112597
E9/B/Transformer,roc,0.0,0.4165313957383216
E9/B/Transformer,roc,0.0,0.42181340341655715
E9/B/Transformer,roc,0.0,0.42717270876813274
E9/B/Transformer,roc,0.0,0.4322743552085749
E9/B/Transformer,roc,0.0,0.4363711318955966
E9/B/Transformer,roc,0.0,0.441266651207132
E9/B/Transformer,roc,0.0,0.44533766200304037
E9/B/Transformer,roc,0.0,0.4493829069078354
E9/B/Transformer,roc,0.0,0.45394346963489735
E9/B/Transformer,roc,0.0,0.45919971142201954
E9/B/Transformer,roc,0.0,0.46355414702017467
E9/B/Transformer,roc,0.0,0.4685269640050501
E9/B/Transformer,roc,0.0,0.47205689108757826
E9/B/Transformer,roc,0.0,0.4776480894591739
E9/B/Transformer,roc,0.0,0.4822859498595759
E9/B/Transformer,roc,0.0,0.48715570327999796
E9/B/Transformer,roc,0.0,0.4911751822936796
E9/B/Transformer,roc,0.0,0.4954265543273814
E9/B/Transformer,roc,0.0,0.5000644147277834
E9/B/Transformer,roc,0.0,0.5042900208703718
E9/B/Transformer,roc,0.0,0.5083867975573936
E9/B/Transformer,roc,0.0,0.5126639354822087
E9/B/Transformer,roc,0.0,0.5170183710803639
E9/B/Transformer,roc,0.0,0.5215274020251991
E9/B/Transformer,roc,0.0,0.5252119244544072
E9/B/Transformer,roc,0.0,0.5287933833191621
E9/B/Transformer,roc,0.0,0.5330705212439772
E9/B/Transformer,roc,0.0,0.5372703614954524
E9/B/Transformer,roc,0.0,0.5408002885779805
E9/B/Transformer,roc,0.0,0.5453608513050424
E9/B/Transformer,roc,0.0,0.5485815876942104
E9/B/Transformer,roc,0.0,0.552523769034552
E9/B/Transformer,roc,0.0,0.5560536961170802
E9/B/Transformer,roc,0.0,0.5600731751307619
E9/B/Transformer,roc,0.0,0.56344850686661
E9/B/Transformer,roc,0.0,0.5672103269691582
E9/B/Transformer,roc,0.0,0.5703279997938728
E9/B/Transformer,roc,0.0,0.5742959470253278
E9/B/Transformer,roc,0.0,0.5776197469789492
E9/B/Transformer,roc,0.0,0.5810208446059107
E9/B/Transformer,roc,0.0,0.5844477081239855
E9/B/Transformer,roc,0.0,0.5871273607997732
E9/B/Transformer,roc,0.0,0.5900904382778078
E9/B/Transformer,roc,0.0,0.5925124320424622
E9/B/Transformer,roc,0.0,0.5956043389760635
E9/B/Transformer,roc,0.0,0.599237329623045
E9/B/Transformer,roc,0.0,0.6024323001210997
E9/B/Transformer,roc,0.0,0.6055757388369277
E9/B/Transformer,roc,0.0,0.608513050423849
E9/B/Transformer,roc,0.0,0.6111669372085233
E9/B/Transformer,roc,0.0,0.6138465898843112
E9/B/Transformer,roc,0.0,0.6171703898379326
E9/B/Transformer,roc,0.0,0.6204941897915539
E9/B/Transformer,roc,0.0,0.6230450130117751
E9/B/Transformer,roc,0.0,0.6256216021231095
E9/B/Transformer,roc,0.0,0.6282239571255572
E9/B/Transformer,roc,0.0,0.630980907474685
E9/B/Transformer,roc,0.0,0.6338151554971528
E9/B/Transformer,roc,0.0,0.6360310221329004
E9/B/Transformer,roc,0.0,0.6383757182242148
E9/B/Transformer,roc,0.0,0.6410038391177759
E9/B/Transformer,roc,0.0,0.6440699801602638
E9/B/Transformer,roc,0.0,0.6472391847672052
E9/B/Transformer,roc,0.0,0.6495838808585195
E9/B/Transformer,roc,0.0,0.6519801087320605
E9/B/Transformer,roc,0.0,0.6546855272989617
E9/B/Transformer,roc,0.0,0.6583700497281698
E9/B/Transformer,roc,0.0,0.6609466388395042
E9/B/Transformer,roc,0.0,0.6641931411197857
E9/B/Transformer,roc,0.0,0.6665378372110999
E9/B/Transformer,roc,0.0,0.669088660431321
E9/B/Transformer,roc,0.0,0.671407590631522
E9/B/Transformer,roc,0.0,0.6750921130607302
E9/B/Transformer,roc,0.0,0.6780294246476515
E9/B/Transformer,roc,0.0,0.6802710571745124
E9/B/Transformer,roc,0.0,0.6828991780680734
E9/B/Transformer,roc,0.0,0.6857591919816547
E9/B/Transformer,roc,0.0,0.6878204632707222
E9/B/Transformer,roc,0.0,0.6901136275798099
E9/B/Transformer,roc,0.0,0.6925613872355776
E9/B/Transformer,roc,0.0,0.6952410399113653
E9/B/Transformer,roc,0.0,0.6976372677849063
E9/B/Transformer,roc,0.0,0.7004715158073742
E9/B/Transformer,roc,0.0,0.7026873824431218
E9/B/Transformer,roc,0.0,0.7049547808610961
E9/B/Transformer,roc,0.0,0.7073510087346371
E9/B/Transformer,roc,0.0,0.709592641261498
E9/B/Transformer,roc,0.0,0.7120404009172657
E9/B/Transformer,roc,0.0,0.7142820334441267
E9/B/Transformer,roc,0.0,0.7166524954265543
E9/B/Transformer,roc,0.0,0.7187395326067352
E9/B/Transformer,roc,0.0,0.721264589935843
E9/B/Transformer,roc,0.0,0.7231454999871171
E9/B/Transformer,roc,0.0,0.7267011929607585
E9/B/Transformer,roc,0.0,0.7287366983587127
E9/B/Transformer,roc,0.0,0.7315451804900672
E9/B/Transformer,roc,0.0,0.7336579835613615
E9/B/Transformer,roc,0.0,0.7360799773260158
E9/B/Transformer,roc,0.0,0.7379866532684033
E9/B/Transformer,roc,0.0,0.7399190951019041
E9/B/Transformer,roc,0.0,0.7423668547576718
E9/B/Transformer,roc,0.0,0.7447630826312128
E9/B/Transformer,roc,0.0,0.7471077787225271
E9/B/Transformer,roc,0.0,0.7489886887738012
E9/B/Transformer,roc,0.0,0.7512303213006621
E9/B/Transformer,roc,0.0,0.7535492515008632
E9/B/Transformer,roc,0.0,0.7553786297699105
E9/B/Transformer,roc,0.0,0.7574399010589781
E9/B/Transformer,roc,0.0,0.7591919816546855
E9/B/Transformer,roc,0.0,0.7612274870526398
E9/B/Transformer,roc,0.0,0.7630568653216871
E9/B/Transformer,roc,0.0,0.7646801164618279
E9/B/Transformer,roc,0.0,0.766561026513102
E9/B/Transformer,roc,0.0,0.7691376156244364
E9/B/Transformer,roc,0.0,0.7713792481512973
E9/B/Transformer,roc,0.0,0.7733889876581381
E9/B/Transformer,roc,0.0,0.7752183659271856
E9/B/Transformer,roc,0.0,0.7774084666718198
E9/B/Transformer,roc,0.0,0.7790059519208472
E9/B/Transformer,roc,0.0,0.780783798407668
E9/B/Transformer,roc,0.0,0.7828193038056221
E9/B/Transformer,roc,0.0,0.7848548092035763
E9/B/Transformer,roc,0.0,0.7863234649970369
E9/B/Transformer,roc,0.0,0.7883589703949911
E9/B/Transformer,roc,0.0,0.790291412228492
E9/B/Transformer,roc,0.0,0.7918631315864059
E9/B/Transformer,roc,0.0,0.7931514261420731
E9/B/Transformer,roc,0.0,0.7951096338666873
E9/B/Transformer,roc,0.0,0.796655587333488
E9/B/Transformer,roc,0.0,0.7981757749091752
E9/B/Transformer,roc,0.0,0.7997217283759759
E9/B/Transformer,roc,0.0,0.8013449795161166
E9/B/Transformer,roc,0.0,0.8029682306562572
E9/B/Transformer,roc,0.0,0.8046945453608513
E9/B/Transformer,roc,0.0,0.8061889670454253
E9/B/Transformer,roc,0.0,0.8076833887299992
E9/B/Transformer,roc,0.0,0.8089716832856665
E9/B/Transformer,roc,0.0,0.8100796166035402
E9/B/Transformer,roc,0.0,0.8114452088325474
E9/B/Transformer,roc,0.0,0.8127850351704413
E9/B/Transformer,roc,0.0,0.8140475638349952
E9/B/Transformer,roc,0.0,0.8151812630439824
E9/B/Transformer,roc,0.0,0.8160315374507228
E9/B/Transformer,roc,0.0,0.8171652366597099
E9/B/Transformer,roc,0.0,0.8184019994331504
E9/B/Transformer,roc,0.0,0.8198191234443843
E9/B/Transformer,roc,0.0,0.8210301203267115
E9/B/Transformer,roc,0.0,0.8222668831001521
E9/B/Transformer,roc,0.0,0.8234263482002525
E9/B/Transformer,roc,0.0,0.824585813300353
E9/B/Transformer,roc,0.0,0.8256164489448867
E9/B/Transformer,roc,0.0,0.8268274458272139
E9/B/Transformer,roc,0.0,0.8279096132539744
E9/B/Transformer,roc,0.0,0.8291463760274149
E9/B/Transformer,roc,0.0,0.830202777563062
E9/B/Transformer,roc,0.0,0.8312076473164824
E9/B/Transformer,roc,0.0,0.8322125170699028
E9/B/Transformer,roc,0.0,0.8333719821700033
E9/B/Transformer,roc,0.0,0.8342995542500837
E9/B/Transformer,roc,0.0,0.8353301898946175
E9/B/Transformer,roc,0.0,0.8362062301924712
E9/B/Transformer,roc,0.0,0.837391461183685
E9/B/Transformer,roc,0.0,0.8384993945015589
E9/B/Transformer,roc,0.0,0.839710391383886
E9/B/Transformer,roc,0.0,0.8407667929195332
E9/B/Transformer,roc,0.0,0.8418231944551803
E9/B/Transformer,roc,0.0,0.8427250006441472
E9/B/Transformer,roc,0.0,0.8437298703975677
E9/B/Transformer,roc,0.0,0.8446316765865347
E9/B/Transformer,roc,0.0,0.8460488005977687
E9/B/Transformer,roc,0.0,0.8471824998067559
E9/B/Transformer,roc,0.0,0.8483419649068563
E9/B/Transformer,roc,0.0,0.8493468346602767
E9/B/Transformer,roc,0.0,0.8501713431759037
E9/B/Transformer,roc,0.0,0.8510731493648708
E9/B/Transformer,roc,0.0,0.8519234237716111
E9/B/Transformer,roc,0.0,0.8530828888717116
E9/B/Transformer,roc,0.0,0.8545773105562856
E9/B/Transformer,roc,0.0,0.8557367756563861
E9/B/Transformer,roc,0.0,0.85699930432094
E9/B/Transformer,roc,0.0,0.8578753446187937
E9/B/Transformer,roc,0.0,0.8588802143722141
E9/B/Transformer,roc,0.0,0.8599623817989746
E9/B/Transformer,roc,0.0,0.8610445492257349
E9/B/Transformer,roc,0.0,0.8618432918502487
E9/B/Transformer,roc,0.0,0.8628996933858958
E9/B/Transformer,roc,0.0,0.8638272654659761
E9/B/Transformer,roc,0.0,0.8645229445260364
E9/B/Transformer,roc,0.0,0.8654762824972302
E9/B/Transformer,roc,0.0,0.8663780886861973
E9/B/Transformer,roc,0.0,0.8675890855685244
E9/B/Transformer,roc,0.0,0.8684651258663781
E9/B/Transformer,roc,0.0,0.8692381025997784
E9/B/Transformer,roc,0.0,0.8704748653732189
E9/B/Transformer,roc,0.0,0.8713509056710727
E9/B/Transformer,roc,0.0,0.8723042436422663
E9/B/Transformer,roc,0.0,0.8732318157223468
E9/B/Transformer,roc,0.0,0.8744685784957873
E9/B/Transformer,roc,0.0,0.8754476823580943
E9/B/Transformer,roc,0.0,0.8764010203292881
E9/B/Transformer,roc,0.0,0.8773543583004818
E9/B/Transformer,roc,0.0,0.8781531009249955
E9/B/Transformer,roc,0.0,0.8792095024606426
E9/B/Transformer,roc,0.0,0.8806266264718765
E9/B/Transformer,roc,0.0,0.8815799644430703
E9/B/Transformer,roc,0.0,0.8824817706320373
E9/B/Transformer,roc,0.0,0.8837700651877045
E9/B/Transformer,roc,0.0,0.8849552961789183
E9/B/Transformer,roc,0.0,0.8861147612790188
E9/B/Transformer,roc,0.0,0.8875318852902527
E9/B/Transformer,roc,0.0,0.8886398186081266
E9/B/Transformer,roc,0.0,0.8894900930148669
E9/B/Transformer,roc,0.0,0.8903146015304939
E9/B/Transformer,roc,0.0,0.8912421736105743
E9/B/Transformer,roc,0.0,0.8923501069284481
E9/B/Transformer,roc,0.0,0.8937414650485687
E9/B/Transformer,roc,0.0,0.8948751642575559
E9/B/Transformer,roc,0.0,0.8958542681198629
E9/B/Transformer,roc,0.0,0.89675607430883
E9/B/Transformer,roc,0.0,0.8980959006467238
E9/B/Transformer,roc,0.0,0.8996418541135245
E9/B/Transformer,roc,0.0,0.9006209579758316
E9/B/Transformer,roc,0.0,0.9032233129782794
E9/B/Transformer,roc,0.0,0.9048207982273067
E9/B/Transformer,roc,0.0,0.9065986447141274
E9/B/Transformer,roc,0.0008517887563884157,0.9072685578830744
E9/B/Transformer,roc,0.0008517887563884157,0.9087114477854217
E9/B/Transformer,roc,0.0008517887563884157,0.9099997423410888
E9/B/Transformer,roc,0.0008517887563884157,0.9117775888279096
E9/B/Transformer,roc,0.0008517887563884157,0.9137100306614104
E9/B/Transformer,roc,0.0008517887563884157,0.9172657236350519
E9/B/Transformer,roc,0.0008517887563884157,0.9189662724485327
E9/B/Transformer,roc,0.0008517887563884157,0.9234237716111412
E9/B/Transformer,roc,0.0008517887563884157,0.9256911700291155
E9/B/Transformer,roc,0.0008517887563884157,0.9299683079539306
E9/B/Transformer,roc,0.0008517887563884157,0.934863827265466
E9/B/Transformer,roc,0.0008517887563884157,0.9419494473216357
E9/B/Transformer,roc,0.002555366269165247,0.949756512328979
E9/B/Transformer,roc,0.007666098807495741,0.9553734765916879
E9/B/Transformer,roc,0.012776831345826235,0.9570224936229419
E9/B/Transformer,roc,0.019591141396933562,0.9600113369920898
E9/B/Transformer,roc,0.02555366269165247,0.9621756718456108
E9/B/Transformer,roc,0.03151618398637138,0.9641854113524516
E9/B/Transformer,roc,0.036626916524701875,0.9673803818505063
E9/B/Transformer,roc,0.044293015332197615,0.9687459740795136
E9/B/Transformer,roc,0.05025553662691652,0.9709876066063745
E9/B/Transformer,roc,0.056218057921635436,0.9724304965087217
E9/B/Transformer,roc,0.062180579216354344,0.9732550050243488
E9/B/Transformer,roc,0.06814310051107325,0.9747494267089227
E9/B/Transformer,roc,0.07495741056218058,0.9752647445311896
E9/B/Transformer,roc,0.08262350936967632,0.9773260158202571
E9/B/Transformer,roc,0.08773424190800681,0.9782535879003376
E9/B/Transformer,roc,0.09540034071550256,0.9806755816649919
E9/B/Transformer,roc,0.10136286201022146,0.981654685527299
E9/B/Transformer,roc,0.10732538330494037,0.9825307258251527
E9/B/Transformer,roc,0.11328790459965929,0.9842828064208601
E9/B/Transformer,roc,0.11925042589437819,0.9850042513720337
E9/B/Transformer,roc,0.1252129471890971,0.9861121846899075
E9/B/Transformer,roc,0.13373083475298125,0.9864986730566077
E9/B/Transformer,roc,0.14054514480408858,0.9870139908788745
E9/B/Transformer,roc,0.14821124361158433,0.987348947463348
E9/B/Transformer,roc,0.15587734241908008,0.9876839040478215
E9/B/Transformer,roc,0.16695059625212946,0.9879673288500683
E9/B/Transformer,roc,0.18824531516183987,0.9882765195434284
E9/B/Transformer,roc,0.19761499148211242,0.9885341784545618
E9/B/Transformer,roc,0.20954003407155025,0.9888176032568087
E9/B/Transformer,roc,0.2231686541737649,0.9891010280590554
E9/B/Transformer,roc,0.23764906303236796,0.9893586869701889
E9/B/Transformer,roc,0.2495741056218058,0.989513282316869
E9/B/Transformer,roc,0.26490630323679726,0.989745175336889
E9/B/Transformer,roc,0.27427597955706984,0.9900801319213625
E9/B/Transformer,roc,0.2836456558773424,0.9904150885058359
E9/B/Transformer,roc,0.29471890971039183,0.9906212156347427
E9/B/Transformer,roc,0.3091993185689949,0.9909046404369896
E9/B/Transformer,roc,0.32964224872231684,0.9911107675658962
E9/B/Transformer,roc,0.34071550255536626,0.9913426605859164
E9/B/Transformer,roc,0.35519591141396933,0.9915230218237098
E9/B/Transformer,roc,0.38756388415672915,0.9917033830615032
E9/B/Transformer,roc,0.3977853492333901,0.9919352760815233
E9/B/Transformer,roc,0.42674616695059625,0.9921156373193167
E9/B/Transformer,roc,0.45911413969335607,0.9922959985571101
E9/B/Transformer,roc,0.5025553662691652,0.9926051892504703
E9/B/Transformer,roc,0.5383304940374787,0.9928370822704903
E9/B/Transformer,roc,0.5647359454855196,0.9930947411816238
E9/B/Transformer,roc,0.5809199318568995,0.9932493365283038
E9/B/Transformer,roc,0.6098807495741057,0.993481229548324
E9/B/Transformer,roc,0.6337308347529813,0.9937388884594573
E9/B/Transformer,roc,0.6575809199318569,0.9939965473705908
E9/B/Transformer,roc,0.666098807495741,0.9943315039550643
E9/B/Transformer,roc,0.6805792163543442,0.9947437582128777
E9/B/Transformer,roc,0.6933560477001703,0.995284841926258
E9/B/Transformer,roc,0.7078364565587735,0.9954909690551648
E9/B/Transformer,roc,0.7427597955706985,0.9956713302929582
E9/B/Transformer,roc,0.7614991482112436,0.9959547550952049
E9/B/Transformer,roc,0.778534923339012,0.9962381798974518
E9/B/Transformer,roc,0.8143100511073254,0.996624668264152
E9/B/Transformer,roc,0.823679727427598,0.9969338589575121
E9/B/Transformer,roc,0.8364565587734242,0.9972945814330989
E9/B/Transformer,roc,0.848381601362862,0.9977326015820257
E9/B/Transformer,roc,0.8577512776831345,0.9979387287109325
E9/B/Transformer,roc,0.8679727427597955,0.9985055783154261
E9/B/Transformer,roc,0.8756388415672913,0.9988920666821262
E9/B/Transformer,roc,0.8850085178875639,0.9993043209399397
E9/B/Transformer,roc,0.9565587734241908,0.9995104480688465
E9/B/Transformer,roc,0.985519591141397,0.9997165751977533
E9/B/Transformer,roc,1.0,1.0
E9/B/Transformer,pr,0.0,1.0
E9/B/Transformer,pr,0.0007987426245136688,1.0
E9/B/Transformer,pr,0.0017778464868207467,1.0
E9/B/Transformer,pr,0.0032722681713947075,1.0
E9/B/Transformer,pr,0.004921285202648734,1.0
E9/B/Transformer,pr,0.007343278967303084,1.0
E9/B/Transformer,pr,0.011130864960964675,1.0
E9/B/Transformer,pr,0.016953956352580454,1.0
E9/B/Transformer,pr,0.023781917497616656,1.0
E9/B/Transformer,pr,0.030919069336012985,1.0
E9/B/Transformer,pr,0.03898379325448971,1.0
E9/B/Transformer,pr,0.04733194197521321,1.0
E9/B/Transformer,pr,0.056504599211563734,1.0
E9/B/Transformer,pr,0.06557419288346088,1.0
E9/B/Transformer,pr,0.07503027492205817,1.0
E9/B/Transformer,pr,0.08482131354512897,1.0
E9/B/Transformer,pr,0.0941228002370462,1.0
E9/B/Transformer,pr,0.10360464816675685,1.0
E9/B/Transformer,pr,0.11434902476102136,1.0
E9/B/Transformer,pr,0.1245265517507923,1.0
E9/B/Transformer,pr,0.1356058849295303,1.0
E9/B/Transformer,pr,0.14609260261266135,1.0
E9/B/Transformer,pr,0.15699157455360593,1.0
E9/B/Transformer,pr,0.16649918837442992,1.0
E9/B/Transformer,pr,0.1765736517997475,1.0
E9/B/Transformer,pr,0.18569477725387132,1.0
E9/B/Transformer,pr,0.1948932003813352,1.0
E9/B/Transformer,pr,0.20396279405323234,1.0
E9/B/Transformer,pr,0.21323851485403622,1.0
E9/B/Transformer,pr,0.22181855659477984,1.0
E9/B/Transformer,pr,0.23021823709773004,1.0
E9/B/Transformer,pr,0.23805106799618664,1.0
E9/B/Transformer,pr,0.2459611965679833,1.0
E9/B/Transformer,pr,0.2535879003375332,1.0
E9/B/Transformer,pr,0.26051892504702273,1.0
E9/B/Transformer,pr,0.2680167993610059,1.0
E9/B/Transformer,pr,0.27523124887274225,1.0
E9/B/Transformer,pr,0.28203344412666514,1.0
E9/B/Transformer,pr,0.288835639380588,1.0
E9/B/Transformer,pr,0.2952513462678107,1.0
E9/B/Transformer,pr,0.30300687949292726,1.0
E9/B/Transformer,pr,0.3104789879157971,1.0
E9/B/Transformer,pr,0.3177965009919868,1.0
E9/B/Transformer,pr,0.32457293035479634,1.0
E9/B/Transformer,pr,0.3318646775398727,1.0
E9/B/Transformer,pr,0.33931102007162917,1.0
E9/B/Transformer,pr,0.346783128494499,1.0
E9/B/Transformer,pr,0.3549766818685424,1.0
E9/B/Transformer,pr,0.36332483058926596,1.0
E9/B/Transformer,pr,0.37105459792326917,1.0
E9/B/Transformer,pr,0.37978923501069284,1.0
E9/B/Transformer,pr,0.3883950426425498,1.0
E9/B/Transformer,pr,0.3969750843832934,1.0
E9/B/Transformer,pr,0.40429259745948315,1.0
E9/B/Transformer,pr,0.4119708330112597,1.0
E9/B/Transformer,pr,0.4200870887119631,1.0
E9/B/Transformer,pr,0.4291824482749736,1.0
E9/B/Transformer,pr,0.4374017675401304,1.0
E9/B/Transformer,pr,0.4458272139341939,1.0
E9/B/Transformer,pr,0.45394346963489735,1.0
E9/B/Transformer,pr,0.46260080904898093,1.0
E9/B/Transformer,pr,0.4708201283141377,1.0
E9/B/Transformer,pr,0.47847259797480096,1.0
E9/B/Transformer,pr,0.48682074669552444,1.0
E9/B/Transformer,pr,0.4949627682873412,1.0
E9/B/Transformer,pr,0.5028213650769112,1.0
E9/B/Transformer,pr,0.5108603231042745,1.0
E9/B/Transformer,pr,0.5183839633093711,1.0
E9/B/Transformer,pr,0.5252119244544072,1.0
E9/B/Transformer,pr,0.5321171832727835,1.0
E9/B/Transformer,pr,0.5387390172889129,1.0
E9/B/Transformer,pr,0.545025894720569,1.0
E9/B/Transformer,pr,0.5514158357166783,1.0
E9/B/Transformer,pr,0.5579346061683543,1.0
E9/B/Transformer,pr,0.564273015382237,1.0
E9/B/Transformer,pr,0.5705083610316662,1.0
E9/B/Transformer,pr,0.5773620880678159,1.0
E9/B/Transformer,pr,0.5833397748061117,1.0
E9/B/Transformer,pr,0.5886475483754605,1.0
E9/B/Transformer,pr,0.5933369405580892,1.0
E9/B/Transformer,pr,0.5987220118007781,1.0
E9/B/Transformer,pr,0.603797892350107,1.0
E9/B/Transformer,pr,0.6093633248305893,1.0
E9/B/Transformer,pr,0.6141557805776713,1.0
E9/B/Transformer,pr,0.6194377882559068,1.0
E9/B/Transformer,pr,0.6240756486563088,1.0
E9/B/Transformer,pr,0.6289196361856175,1.0
E9/B/Transformer,pr,0.6336863260415861,1.0
E9/B/Transformer,pr,0.6379892298575146,1.0
E9/B/Transformer,pr,0.6423694313467831,1.0
E9/B/Transformer,pr,0.6470330576382984,1.0
E9/B/Transformer,pr,0.6507691118497333,1.0
E9/B/Transformer,pr,0.6550977815567751,1.0
E9/B/Transformer,pr,0.6599417690860838,1.0
E9/B/Transformer,pr,0.664888820179846,1.0
E9/B/Transformer,pr,0.669088660431321,1.0
E9/B/Transformer,pr,0.6728762464249826,1.0
E9/B/Transformer,pr,0.6774110432609312,1.0
E9/B/Transformer,pr,0.681507819947953,1.0
E9/B/Transformer,pr,0.6858880214372214,1.0
E9/B/Transformer,pr,0.6899075004509031,1.0
E9/B/Transformer,pr,0.6937466182267914,1.0
E9/B/Transformer,pr,0.6981268197160598,1.0
E9/B/Transformer,pr,0.7026873824431218,1.0
E9/B/Transformer,pr,0.7066810955656901,1.0
E9/B/Transformer,pr,0.7108551699260519,1.0
E9/B/Transformer,pr,0.71438509700858,1.0
E9/B/Transformer,pr,0.718275746566695,1.0
E9/B/Transformer,pr,0.7221921620159233,1.0
E9/B/Transformer,pr,0.726804256525212,1.0
E9/B/Transformer,pr,0.7305403107366468,1.0
E9/B/Transformer,pr,0.7344824920769885,1.0
E9/B/Transformer,pr,0.7377547602483832,1.0
E9/B/Transformer,pr,0.7411816237664579,1.0
E9/B/Transformer,pr,0.7448403803045528,1.0
E9/B/Transformer,pr,0.7484991368426477,1.0
E9/B/Transformer,pr,0.7524155522918761,1.0
E9/B/Transformer,pr,0.7558939475921774,1.0
E9/B/Transformer,pr,0.7589858545257788,1.0
E9/B/Transformer,pr,0.7622581226971735,1.0
E9/B/Transformer,pr,0.7649120094818479,1.0
E9/B/Transformer,pr,0.7684934683466028,1.0
E9/B/Transformer,pr,0.7717399706268842,1.0
E9/B/Transformer,pr,0.7751153023627322,1.0
E9/B/Transformer,pr,0.7783360387519003,1.0
E9/B/Transformer,pr,0.7811702867743681,1.0
E9/B/Transformer,pr,0.7846744479657829,1.0
E9/B/Transformer,pr,0.7869160804926438,1.0
E9/B/Transformer,pr,0.7899822215351318,1.0
E9/B/Transformer,pr,0.7921980881708794,1.0
E9/B/Transformer,pr,0.7949550385200073,1.0
E9/B/Transformer,pr,0.7977635206513617,1.0
E9/B/Transformer,pr,0.8000566849604493,1.0
E9/B/Transformer,pr,0.8029682306562572,1.0
E9/B/Transformer,pr,0.805493287985365,1.0
E9/B/Transformer,pr,0.8076576228388859,1.0
E9/B/Transformer,pr,0.8095900646723867,1.0
E9/B/Transformer,pr,0.8116513359614542,1.0
E9/B/Transformer,pr,0.8135580119038417,1.0
E9/B/Transformer,pr,0.8153616242817758,1.0
E9/B/Transformer,pr,0.8171652366597099,1.0
E9/B/Transformer,pr,0.8189946149287574,1.0
E9/B/Transformer,pr,0.8211589497822782,1.0
E9/B/Transformer,pr,0.8231171575068924,1.0
E9/B/Transformer,pr,0.8249465357759398,1.0
E9/B/Transformer,pr,0.8267243822627606,1.0
E9/B/Transformer,pr,0.8285795264229213,1.0
E9/B/Transformer,pr,0.8302543093452887,1.0
E9/B/Transformer,pr,0.8317229651387493,1.0
E9/B/Transformer,pr,0.8334750457344567,1.0
E9/B/Transformer,pr,0.834840637963464,1.0
E9/B/Transformer,pr,0.8363092937569245,1.0
E9/B/Transformer,pr,0.837984076679292,1.0
E9/B/Transformer,pr,0.8396073278194326,1.0
E9/B/Transformer,pr,0.8412821107418,1.0
E9/B/Transformer,pr,0.8424415758419005,1.0
E9/B/Transformer,pr,0.8439617634175878,1.0
E9/B/Transformer,pr,0.8453531215377084,1.0
E9/B/Transformer,pr,0.8469248408956224,1.0
E9/B/Transformer,pr,0.8484450284713096,1.0
E9/B/Transformer,pr,0.8497590889180903,1.0
E9/B/Transformer,pr,0.8510731493648708,1.0
E9/B/Transformer,pr,0.8523356780294247,1.0
E9/B/Transformer,pr,0.8538043338228852,1.0
E9/B/Transformer,pr,0.8551441601607792,1.0
E9/B/Transformer,pr,0.8565097523897864,1.0
E9/B/Transformer,pr,0.8577722810543402,1.0
E9/B/Transformer,pr,0.8587771508077607,1.0
E9/B/Transformer,pr,0.8598850841256345,1.0
E9/B/Transformer,pr,0.8608899538790549,1.0
E9/B/Transformer,pr,0.8621782484347221,1.0
E9/B/Transformer,pr,0.8633119476437092,1.0
E9/B/Transformer,pr,0.8643941150704697,1.0
E9/B/Transformer,pr,0.8654762824972302,1.0
E9/B/Transformer,pr,0.8665326840328773,1.0
E9/B/Transformer,pr,0.8676663832418644,1.0
E9/B/Transformer,pr,0.8688773801241916,1.0
E9/B/Transformer,pr,0.8699595475509521,1.0
E9/B/Transformer,pr,0.8708613537399191,1.0
E9/B/Transformer,pr,0.8719435211666795,1.0
E9/B/Transformer,pr,0.8733091133956868,1.0
E9/B/Transformer,pr,0.8743397490402206,1.0
E9/B/Transformer,pr,0.8753703846847544,1.0
E9/B/Transformer,pr,0.876323722655948,1.0
E9/B/Transformer,pr,0.8772255288449151,1.0
E9/B/Transformer,pr,0.8782046327072222,1.0
E9/B/Transformer,pr,0.8792352683517559,1.0
E9/B/Transformer,pr,0.8801628404318363,1.0
E9/B/Transformer,pr,0.8809358171652366,1.0
E9/B/Transformer,pr,0.881863389245317,1.0
E9/B/Transformer,pr,0.8828424931076241,1.0
E9/B/Transformer,pr,0.8836412357321378,1.0
E9/B/Transformer,pr,0.8845688078122181,1.0
E9/B/Transformer,pr,0.8854706140011852,1.0
E9/B/Transformer,pr,0.8863981860812656,1.0
E9/B/Transformer,pr,0.8873772899435727,1.0
E9/B/Transformer,pr,0.8882017984591997,1.0
E9/B/Transformer,pr,0.8891809023215068,1.0
E9/B/Transformer,pr,0.8902630697482672,1.0
E9/B/Transformer,pr,0.891216407719461,1.0
E9/B/Transformer,pr,0.892195511581768,1.0
E9/B/Transformer,pr,0.8930457859885084,1.0
E9/B/Transformer,pr,0.8938702945041355,1.0
E9/B/Transformer,pr,0.8947205689108758,1.0
E9/B/Transformer,pr,0.8955450774265028,1.0
E9/B/Transformer,pr,0.8964211177243565,1.0
E9/B/Transformer,pr,0.8972713921310969,1.0
E9/B/Transformer,pr,0.8980701347556105,1.0
E9/B/Transformer,pr,0.8988173455978975,1.0
E9/B/Transformer,pr,0.8997191517868646,1.0
E9/B/Transformer,pr,0.9005178944113782,1.0
E9/B/Transformer,pr,0.9012393393625519,1.0
E9/B/Transformer,pr,0.9020123160959522,1.0
E9/B/Transformer,pr,0.9027852928293525,1.0
E9/B/Transformer,pr,0.9035067377805261,1.0
E9/B/Transformer,pr,0.9042281827316998,1.0
E9/B/Transformer,pr,0.9050269253562134,1.0
E9/B/Transformer,pr,0.9057741361985004,1.0
E9/B/Transformer,pr,0.9065213470407874,1.0
E9/B/Transformer,pr,0.9073716214475278,0.9999716046227675
E9/B/Transformer,pr,0.9082218958542682,0.9999716312056738
E9/B/Transformer,pr,0.9089691066965551,0.9999716545253551
E9/B/Transformer,pr,0.9097678493210688,0.9999716794109318
E9/B/Transformer,pr,0.9104892942722425,0.999971701850699
E9/B/Transformer,pr,0.9112622710056427,0.9999717258538792
E9/B/Transformer,pr,0.9119837159568164,0.9999717482201379
E9/B/Transformer,pr,0.9127566926902166,0.9999717721447524
E9/B/Transformer,pr,0.9135039035325037,0.9999717952333944
E9/B/Transformer,pr,0.9143026461570174,0.9999718198726258
E9/B/Transformer,pr,0.9150756228904177,0.9999718436760896
E9/B/Transformer,pr,0.9158228337327047,0.999971866647911
E9/B/Transformer,pr,0.9164927469016516,0.9999718872114925
E9/B/Transformer,pr,0.9171626600705985,0.9999719077450347
E9/B/Transformer,pr,0.9179098709128856,0.999971930612474
E9/B/Transformer,pr,0.9186055499729459,0.9999719518694079
E9/B/Transformer,pr,0.9193527608152328,0.9999719746650972
E9/B/Transformer,pr,0.9200742057664064,0.9999719966395968
E9/B/Transformer,pr,0.9207698848264667,0.9999720177966813
E9/B/Transformer,pr,0.921465563886527,0.9999720389218208
E9/B/Transformer,pr,0.9221354770554739,0.999972059234423
E9/B/Transformer,pr,0.9228053902244209,0.9999720795175341
E9/B/Transformer,pr,0.9235526010667079,0.999972102106291
E9/B/Transformer,pr,0.9243255778001083,0.99997212543554
E9/B/Transformer,pr,0.9249954909690552,0.9999721456226845
E9/B/Transformer,pr,0.9257684677024555,0.9999721688792408
E9/B/Transformer,pr,0.9264641467625158,0.999972189776962
E9/B/Transformer,pr,0.9271340599314627,0.9999722098710538
E9/B/Transformer,pr,0.9278039731004096,0.9999722299361289
E9/B/Transformer,pr,0.9285254180515833,0.9999722515122926
E9/B/Transformer,pr,0.9292210971116436,0.99997227228615
E9/B/Transformer,pr,0.9299683079539306,0.9999722945641935
E9/B/Transformer,pr,0.9306897529051043,0.9999723160400864
E9/B/Transformer,pr,0.9313854319651645,0.9999723367174749
E9/B/Transformer,pr,0.9320553451341115,0.9999723565998618
E9/B/Transformer,pr,0.9327767900852851,0.9999723779797255
E9/B/Transformer,pr,0.9334467032542321,0.9999723978028651
E9/B/Transformer,pr,0.9341681482054057,0.9999724191190666
E9/B/Transformer,pr,0.9348380613743527,0.9999724388832235
E9/B/Transformer,pr,0.935533740434413,0.999972459377582
E9/B/Transformer,pr,0.9362294194944732,0.9999724798414839
E9/B/Transformer,pr,0.9369250985545335,0.9999725002749973
E9/B/Transformer,pr,0.9376207776145938,0.9999725206781896
E9/B/Transformer,pr,0.9383164566746541,0.9999725410511285
E9/B/Transformer,pr,0.9390121357347144,0.9999725613938812
E9/B/Transformer,pr,0.9396820489036614,0.9999725809547312
E9/B/Transformer,pr,0.9403519620726083,0.9999726004877113
E9/B/Transformer,pr,0.9410476411326686,0.9999726207425255
E9/B/Transformer,pr,0.9417175543016155,0.9999726402188782
E9/B/Transformer,pr,0.9424132333616758,0.9999726604150149
E9/B/Transformer,pr,0.9430831465306228,0.9999726798349862
E9/B/Transformer,pr,0.943778825590683,0.9999726999727
E9/B/Transformer,pr,0.94444873875963,0.9999727193365343
E9/B/Transformer,pr,0.9450928860374636,0.9999182182482349
E9/B/Transformer,pr,0.9457627992064106,0.9999182761720559
E9/B/Transformer,pr,0.9464327123753575,0.9999183340138832
E9/B/Transformer,pr,0.9471541573265312,0.9999183962135844
E9/B/Transformer,pr,0.9478240704954781,0.9999184538856724
E9/B/Transformer,pr,0.9484682177733117,0.9999185092627805
E9/B/Transformer,pr,0.9491381309422586,0.9999185667752443
E9/B/Transformer,pr,0.9498338100023189,0.9999186264138661
E9/B/Transformer,pr,0.9505037231712659,0.9999186837611471
E9/B/Transformer,pr,0.9511736363402128,0.9999187410276551
E9/B/Transformer,pr,0.9518435495091597,0.9999187982135607
E9/B/Transformer,pr,0.95246193089588,0.9998647588650564
E9/B/Transformer,pr,0.953131844064827,0.9998648539070736
E9/B/Transformer,pr,0.9538275231248873,0.9998649524632671
E9/B/Transformer,pr,0.9544974362938342,0.9998650472334683
E9/B/Transformer,pr,0.9550900517894412,0.9997842269932031
E9/B/Transformer,pr,0.9557084331761614,0.9997304727507951
E9/B/Transformer,pr,0.9563268145628817,0.9996767937944409
E9/B/Transformer,pr,0.9569194300584886,0.9995962749636648
E9/B/Transformer,pr,0.9574862796629822,0.9994889725658956
E9/B/Transformer,pr,0.9581304269408157,0.999462452292641
E9/B/Transformer,pr,0.9587745742186493,0.9994359690588741
E9/B/Transformer,pr,0.959418721496483,0.9994095227870524
E9/B/Transformer,pr,0.9600371028832032,0.9993562922433216
E9/B/Transformer,pr,0.9606812501610368,0.9993299383543286
E9/B/Transformer,pr,0.9612996315477571,0.9992768373687594
E9/B/Transformer,pr,0.9619180129344773,0.9992238102885285
E9/B/Transformer,pr,0.9625363943211976,0.9991708569594522
E9/B/Transformer,pr,0.9631805415990312,0.9991447051905704
E9/B/Transformer,pr,0.9637473912035248,0.9990384615384615
E9/B/Transformer,pr,0.9643915384813584,0.9990124379437356
E9/B/Transformer,pr,0.965035685759192,0.9989864504427611
E9/B/Transformer,pr,0.9656540671459123,0.9989338450876912
E9/B/Transformer,pr,0.9662724485326325,0.998881312593224
E9/B/Transformer,pr,0.9669165958104661,0.9988554697897258
E9/B/Transformer,pr,0.967509211306073,0.9988030323181274
E9/B/Transformer,pr,0.9681275926927932,0.9987506977485978
E9/B/Transformer,pr,0.9686686764061735,0.9986187478417935
E9/B/Transformer,pr,0.9692612919017805,0.9985400684840602
E9/B/Transformer,pr,0.969905439179614,0.9985145494575453
E9/B/Transformer,pr,0.9705495864574476,0.9984890656063619
E9/B/Transformer,pr,0.9711422019530546,0.9984106381287913
E9/B/Transformer,pr,0.9717348174486614,0.9983323186065596
E9/B/Transformer,pr,0.9723531988353817,0.9982805597439357
E9/B/Transformer,pr,0.9729458143309886,0.9982024372835655
E9/B/Transformer,pr,0.9734611321532555,0.9980451723682473
E9/B/Transformer,pr,0.9740795135399758,0.9979937171669174
E9/B/Transformer,pr,0.9746463631444694,0.9978895718468884
E9/B/Transformer,pr,0.9751359150756229,0.9977064824822713
E9/B/Transformer,pr,0.9757027646801164,0.9976026765720909
E9/B/Transformer,pr,0.9762953801757234,0.9975253389495854
E9/B/Transformer,pr,0.9769137615624436,0.9974744153008339
E9/B/Transformer,pr,0.9775063770580505,0.9973972710781608
E9/B/Transformer,pr,0.9780989925536575,0.9973202322465387
E9/B/Transformer,pr,0.9786916080492644,0.9972432985901442
E9/B/Transformer,pr,0.9793357553270979,0.9972189426734881
E9/B/Transformer,pr,0.9799541367138183,0.9971684014577489
E9/B/Transformer,pr,0.9805725181005385,0.9971179291010559
E9/B/Transformer,pr,0.9810878359228054,0.996962794229309
E9/B/Transformer,pr,0.9816804514184123,0.9968863654203407
E9/B/Transformer,pr,0.9822215351317926,0.9967577461106026
E9/B/Transformer,pr,0.9828141506273994,0.9966815604504716
E9/B/Transformer,pr,0.9834582979052331,0.9966577016476487
E9/B/Transformer,pr,0.9840509134008399,0.9965816872374292
E9/B/Transformer,pr,0.9845662312231068,0.9964275470025294
E9/B/Transformer,pr,0.9851073149364871,0.996299674267101
E9/B/Transformer,pr,0.9856741645409807,0.9962239583333333
E9/B/Transformer,pr,0.9861894823632475,0.9960703690209753
E9/B/Transformer,pr,0.9866532684032877,0.9958649745136794
E9/B/Transformer,pr,0.9870912885522146,0.9956338687041946
E9/B/Transformer,pr,0.9875035428100281,0.99537710367754
E9/B/Transformer,pr,0.9878642652856149,0.9950687775759148
E9/B/Transformer,pr,0.9880703924145217,0.9946052495072103
E9/B/Transformer,pr,0.988328051325655,0.9941941838162874
E9/B/Transformer,pr,0.9886887738012419,0.9938872772482387
E9/B/Transformer,pr,0.9889721986034887,0.9935031319563079
E9/B/Transformer,pr,0.9892298575146221,0.9930936368339369
E9/B/Transformer,pr,0.9894102187524155,0.9926071447035103
E9/B/Transformer,pr,0.9896163458813223,0.9921471378383964
E9/B/Transformer,pr,0.9899255365746824,0.9917910062470959
E9/B/Transformer,pr,0.9903120249413826,0.9915127437828913
E9/B/Transformer,pr,0.9905954497436293,0.9911317349832431
E9/B/Transformer,pr,0.9908788745458762,0.9907512366034625
E9/B/Transformer,pr,0.9910334698925563,0.9902425209824417
E9/B/Transformer,pr,0.991239597021463,0.9897859421632191
E9/B/Transformer,pr,0.991471490041483,0.9893556846814419
E9/B/Transformer,pr,0.9916518512792765,0.988874614594039
E9/B/Transformer,pr,0.9917291489526165,0.9882914805114774
E9/B/Transformer,pr,0.9919352760815233,0.9878374217386842
E9/B/Transformer,pr,0.99206410553709,0.9873070413867377
E9/B/Transformer,pr,0.9921671691015433,0.9867517425174251
E9/B/Transformer,pr,0.9922959985571101,0.9862227912932138
E9/B/Transformer,pr,0.9924763597949036,0.9857457262769986
E9/B/Transformer,pr,0.9925794233593569,0.9851925732699095
E9/B/Transformer,pr,0.9926567210326969,0.9846145982416684
E9/B/Transformer,pr,0.9927597845971503,0.984062930990448
E9/B/Transformer,pr,0.992888614052717,0.9835375191424196
E9/B/Transformer,pr,0.9930689752905104,0.9830888917229945
E9/B/Transformer,pr,0.9932493365283038,0.9826157885345772
E9/B/Transformer,pr,0.9934039318749839,0.9821178388567644
E9/B/Transformer,pr,0.9935327613305506,0.9815950920245399
E9/B/Transformer,pr,0.9936873566772306,0.9810984761759394
E9/B/Transformer,pr,0.993867717915024,0.9806279394940892
E9/B/Transformer,pr,0.9941511427172709,0.9802596478747999
E9/B/Transformer,pr,0.9946149287573111,0.98006956610049
E9/B/Transformer,pr,0.9947952899951045,0.9796006393829447
E9/B/Transformer,pr,0.995207544252918,0.9793605314536372
E9/B/Transformer,pr,0.9954652031640514,0.9789687064487521
E9/B/Transformer,pr,0.9955940326196181,0.9784507862550961
E9/B/Transformer,pr,0.9956970961840715,0.9779082420224208
E9/B/Transformer,pr,0.995877457421865,0.9774422780264522
E9/B/Transformer,pr,0.9960835845507717,0.9770021986908944
E9/B/Transformer,pr,0.9963154775707918,0.9765879530243717
E9/B/Transformer,pr,0.9964958388085852,0.9761237727467758
E9/B/Transformer,pr,0.9967277318286053,0.9757106464549651
E9/B/Transformer,pr,0.9971399860864189,0.9754745040707786
E9/B/Transformer,pr,0.9973718791064389,0.9750623441396509
E9/B/Transformer,pr,0.9977841333642524,0.974826935179358
E9/B/Transformer,pr,0.9981448558398393,0.9745415209680259
E9/B/Transformer,pr,0.9986344077709928,0.9743821806571636
E9/B/Transformer,pr,0.9990466620288063,0.9741476773107555
E9/B/Transformer,pr,0.9993043209399397,0.9737628361244319
E9/B/Transformer,pr,0.999407384504393,0.9732279513235479
E9/B/Transformer,pr,0.9994331503955064,0.972618540156967
E9/B/Transformer,pr,0.9994846821777331,0.9720349813315959
E9/B/Transformer,pr,0.9995877457421865,0.9715022662960459
E9/B/Transformer,pr,0.9997423410888665,0.9710202958031983
E9/B/Transformer,pr,1.0,0.970638989621108
